,x,y,z,t,batnum,emission_point
0,3.5978978978978984,0.7870870870870872,1.2531531531531535,0.0,1,False
1,3.5955598785798273,0.7936476636999468,1.2732692928655445,0.002,1,False
2,3.5932464592310054,0.8002011268320267,1.2933044981222106,0.004,1,False
3,3.590957580821538,0.8067474728603349,1.3132588888441534,0.006,1,False
4,3.5886931843215244,0.813286698161879,1.333132584952372,0.008,1,False
5,3.58645321070107,0.8198187991136675,1.3529257063678688,0.01,1,False
6,3.584237600930276,0.8263437720927079,1.3726383730116423,0.012,1,False
7,3.5820462959792456,0.8328616134760084,1.392270704804694,0.014,1,False
8,3.5798792368180825,0.8393723196405767,1.4118228216680244,0.016,1,False
9,3.5777363644168876,0.8458758869634208,1.4312948435226331,0.018000000000000002,1,False
10,3.575617619745766,0.8523723118215488,1.450686890289522,0.02,1,False
11,3.5735229437748184,0.8588615905919685,1.4699990818896898,0.022,1,False
12,3.5714522774741493,0.8653437196516882,1.4892315382441386,0.024,1,False
13,3.5694055618138596,0.8718186953777152,1.5083843792738678,0.026000000000000002,1,False
14,3.5673827377640537,0.8782865141470578,1.5274577248998784,0.028,1,False
15,3.5653837462948337,0.8847471723367242,1.5464516950431706,0.03,1,False
16,3.563408528376302,0.8912006663237217,1.5653664096247453,0.032,1,False
17,3.561457024978563,0.897646992485059,1.5842019885656025,0.034,1,False
18,3.5595291770717163,0.9040861471977433,1.6029585517867422,0.036000000000000004,1,False
19,3.557624925625867,0.910518126838783,1.621636219209166,0.038,1,False
20,3.555744211611119,0.916942927785186,1.6402351107538737,0.04,1,False
21,3.5538869759975724,0.9233605464139601,1.6587553463418663,0.042,1,False
22,3.552053159755332,0.9297709791021135,1.6771970458941434,0.044,1,False
23,3.5502427038544986,0.9361742222266536,1.6955603293317059,0.046,1,False
24,3.5484555492651753,0.9425702721645889,1.713845316575554,0.048,1,False
25,3.5466916369574673,0.9489591252929274,1.7320521275466891,0.05,1,False
26,3.5449509079014736,0.9553407779886761,1.7501808821661105,0.052000000000000005,1,False
27,3.543233303067301,0.9617152266288442,1.7682317003548196,0.054,1,False
28,3.5415387634250495,0.9680824675904389,1.7862047020338159,0.056,1,False
29,3.5398672299448233,0.9744424972504685,1.804100007124101,0.058,1,False
30,3.5382186435967236,0.9807953119859404,1.8219177355466742,0.06,1,False
31,3.5365929453508547,0.9871409081738631,1.839658007222537,0.062,1,False
32,3.5349900761773188,0.9934792821912444,1.8573209420726895,0.064,1,False
33,3.5334099770462184,0.9998104304150921,1.8749066600181314,0.066,1,False
34,3.531852588927657,1.0061343492224142,1.8924152809798647,0.068,1,False
35,3.5303178527917356,1.0124510349902187,1.9098469248788883,0.07,1,False
36,3.5288057096085597,1.0187604840955136,1.9272017116362037,0.07200000000000001,1,False
37,3.5273161003482287,1.0250626929153066,1.9444797611728106,0.074,1,False
38,3.5258489659808494,1.0313576578266055,1.9616811934097098,0.076,1,False
39,3.524404247476521,1.0376453752064188,1.9788061282679026,0.078,1,False
40,3.5229818858053483,1.043925841431754,1.9958546856683883,0.08,1,False
41,3.521581821937433,1.05019905287962,2.0128269855321674,0.082,1,False
42,3.520203996842879,1.056465005927023,2.029723147780242,0.084,1,False
43,3.5188483514917874,1.0627236969509724,2.04654329233361,0.08600000000000001,1,False
44,3.517514826854263,1.0689751223284754,2.0632875391132734,0.088,1,False
45,3.516203363900407,1.0752192784365402,2.0799560080402326,0.09,1,False
46,3.5149139036003234,1.081456161652175,2.0965488190354886,0.092,1,False
47,3.513646386924113,1.0876857683523868,2.11306609202004,0.094,1,False
48,3.5124007548418823,1.093908094914185,2.129507946914889,0.096,1,False
49,3.5111769483237287,1.1001231377145766,2.1458745036410356,0.098,1,False
50,3.5099749083397587,1.1063308931305693,2.16216588211948,0.1,1,False
51,3.5087945758600747,1.1125313575391718,2.1783822022712225,0.10200000000000001,1,False
52,3.5076358918547794,1.1187245273173916,2.194523584017265,0.10400000000000001,1,False
53,3.506498797293975,1.1249103988422364,2.210590147278606,0.106,1,False
54,3.505383233147764,1.1310889684907148,2.2265820119762467,0.108,1,False
55,3.5042891403862493,1.137260232639834,2.242499298031188,0.11,1,False
56,3.5032164599795346,1.1434241876666027,2.25834212536443,0.112,1,False
57,3.5021651328977215,1.1495808299480286,2.274110613896973,0.114,1,False
58,3.501135100110914,1.1557301558611195,2.289804883549818,0.116,1,False
59,3.500126302589213,1.161872161782883,2.305425054243965,0.11800000000000001,1,False
60,3.4991386813027234,1.1680068440903275,2.3209712459004144,0.12,1,False
61,3.498172177221549,1.1741341991604617,2.336443578440168,0.122,1,False
62,3.497226731315786,1.1802542233702915,2.3518421717842233,0.124,1,False
63,3.4963022845555454,1.1863669130968268,2.3671671458535837,0.126,1,False
64,3.4953987779109243,1.1924722647170742,2.3824186205692484,0.128,1,False
65,3.4945161523520296,1.198570274608043,2.3975967158522185,0.13,1,False
66,3.4936543488489593,1.2046609391467393,2.412701551623493,0.132,1,False
67,3.4928133083718214,1.210744254710173,2.4277332478040745,0.134,1,False
68,3.491992971890713,1.2168202176753502,2.4426919243149605,0.136,1,False
69,3.4911932803757426,1.2228888244192808,2.4575777010771547,0.138,1,False
70,3.4904141747970088,1.2289500713189712,2.472390698011656,0.14,1,False
71,3.4896555961246176,1.23500395475143,2.487131035039465,0.14200000000000002,1,False
72,3.488917485328667,1.241050471093665,2.5017988320815814,0.14400000000000002,1,False
73,3.488199783379266,1.2470896167226841,2.516394209059008,0.146,1,False
74,3.4875024312465133,1.2531213880154957,2.5309172858927425,0.148,1,False
75,3.486825369900512,1.2591457813491067,2.545368182503787,0.15,1,False
76,3.4861685403113656,1.265162793100526,2.559747018813142,0.152,1,False
77,3.485531883449177,1.271172419646761,2.574053914741806,0.154,1,False
78,3.484915340284048,1.2771746573648202,2.5882889902107826,0.156,1,False
79,3.484318851786082,1.2831695026317114,2.6024523651410703,0.158,1,False
80,3.483742358925382,1.2891569518244421,2.6165441594536696,0.16,1,False
81,3.4831858026720512,1.2951370013200203,2.6305644930695813,0.162,1,False
82,3.482649123996191,1.301109647495454,2.644513485909806,0.164,1,False
83,3.4821322638679044,1.3070748867277515,2.658391257895343,0.166,1,False
84,3.4816351632572964,1.3130327153939207,2.672197928947195,0.168,1,False
85,3.481157763134466,1.318983129870969,2.6859336189863607,0.17,1,False
86,3.480700004469519,1.3249261265359051,2.699598447933841,0.17200000000000001,1,False
87,3.4802618282325573,1.3308617017657363,2.7131925357106366,0.17400000000000002,1,False
88,3.479843175393682,1.3367898519374706,2.726716002237747,0.176,1,False
89,3.4794439869229996,1.3427105734281166,2.740168967436175,0.178,1,False
90,3.4790642037906103,1.3486238626146811,2.7535515512269186,0.18,1,False
91,3.478703766966616,1.3545297158741734,2.76686387353098,0.182,1,False
92,3.478362617421121,1.3604281295836005,2.7801060542693574,0.184,1,False
93,3.4780406961242276,1.3663191001199704,2.793278213363054,0.186,1,False
94,3.4777379440460403,1.3722026238602916,2.8063804707330693,0.188,1,False
95,3.4774543021566586,1.378078697181571,2.819412946300403,0.19,1,False
96,3.4771897114261874,1.3839473164608178,2.832375759986055,0.192,1,False
97,3.476944112824729,1.3898084780750395,2.845269031711028,0.194,1,False
98,3.4767174473223865,1.3956621784012437,2.858092881396321,0.196,1,False
99,3.4765096558892625,1.4015084138164386,2.870847428962935,0.198,1,False
100,3.4763206794954584,1.4073471806976317,2.883532794331869,0.2,1,False
101,3.4761504591110794,1.4131784754218317,2.896149097424127,0.202,1,False
102,3.475998935706227,1.419002294366046,2.9086964581607044,0.20400000000000001,1,False
103,3.4758660502510037,1.424818633907283,2.9211749964626064,0.20600000000000002,1,False
104,3.4757517437155117,1.43062749042255,2.93358483225083,0.20800000000000002,1,False
105,3.4756559570698564,1.4364288602888557,2.945926085446378,0.21,1,False
106,3.4755786312841375,1.4422227398832068,2.9581988759702487,0.212,1,False
107,3.4755197073284596,1.4480091255826129,2.970403323743446,0.214,1,False
108,3.4754791261729245,1.4537880137640806,2.982539548686967,0.216,1,False
109,3.4754568287876357,1.459559400804619,2.994607670721814,0.218,1,False
110,3.475452756142696,1.4653232830812348,3.006607809768986,0.22,1,False
111,3.4754668492082086,1.471079656970937,3.0185400857494846,0.222,1,False
112,3.475499048954274,1.4768285188507326,3.0304046185843094,0.224,1,False
113,3.4755492963509975,1.4825698650976307,3.0422015281944628,0.226,1,False
114,3.4756175323684793,1.488303692088638,3.053930934500942,0.228,1,False
115,3.4757036979768254,1.4940299962007635,3.065592957424752,0.23,1,False
116,3.475807734146137,1.499748773811014,3.0771877168868884,0.232,1,False
117,3.4759295818465166,1.5054600212963989,3.0887153328083556,0.234,1,False
118,3.4760691820480663,1.5111637350339249,3.100175925110151,0.23600000000000002,1,False
119,3.4762264757208907,1.5168599114006005,3.111569613713277,0.23800000000000002,1,False
120,3.47640140383509,1.522548546773433,3.1228965185387323,0.24,1,False
121,3.47659390736077,1.5282296375294315,3.13415675950752,0.242,1,False
122,3.476803927268031,1.5339031800456024,3.145350456540638,0.244,1,False
123,3.477031404526978,1.5395691706989563,3.1564777295590893,0.246,1,False
124,3.477276280107711,1.545227605866498,3.1675386984838725,0.248,1,False
125,3.477538494980335,1.550878481925237,3.178533483235988,0.25,1,False
126,3.4778179901149517,1.5565217952521813,3.189462203736436,0.252,1,False
127,3.4781147064816653,1.5621575422243386,3.2003249799062194,0.254,1,False
128,3.4784285850505774,1.567785719218717,3.2111219316663364,0.256,1,False
129,3.478759566791789,1.5734063226123238,3.2218531789377876,0.258,1,False
130,3.479107592675407,1.5790193487821682,3.232518841641575,0.26,1,False
131,3.479472603671531,1.584624794105257,3.243119039698697,0.262,1,False
132,3.4798545407502646,1.5902226549585985,3.2536538930301564,0.264,1,False
133,3.480253344881711,1.5958129277192006,3.2641235215569506,0.266,1,False
134,3.480668957035972,1.601395608764071,3.274528045200082,0.268,1,False
135,3.481101318183151,1.6069706944702187,3.284867583880552,0.27,1,False
136,3.4815503692933514,1.6125381812146506,3.2951422575193594,0.272,1,False
137,3.4820160513366742,1.6180980653743748,3.3053521860375046,0.274,1,False
138,3.4824983052832255,1.6236503433263998,3.3154974893559896,0.276,1,False
139,3.4829970721031036,1.6291950114477325,3.3255782873958135,0.278,1,False
140,3.483512292766414,1.6347320661153817,3.3355947000779773,0.28,1,False
141,3.4840439082432586,1.6402615037063548,3.34554684732348,0.28200000000000003,1,False
142,3.484591859503741,1.6457833205976609,3.3554348490533243,0.28400000000000003,1,False
143,3.485156087517965,1.6512975131663066,3.3652588251885107,0.28600000000000003,1,False
144,3.4857365332560293,1.6568040777893003,3.375018895650038,0.28800000000000003,1,False
145,3.4863331376880407,1.6623030108436496,3.3847151803589073,0.29,1,False
146,3.4869458417840997,1.6677943087063631,3.3943477992361193,0.292,1,False
147,3.487574586514311,1.673277967754449,3.4039168722026742,0.294,1,False
148,3.4882193128487753,1.678753984364914,3.4134225191795733,0.296,1,False
149,3.4888799617575965,1.6842223549147668,3.422864860087815,0.298,1,False
150,3.489556474210878,1.6896830757810157,3.4322440148484032,0.3,1,False
151,3.490248791178721,1.695136143340668,3.4415601033823338,0.302,1,False
152,3.490956853631229,1.700581553970732,3.450813245610611,0.304,1,False
153,3.4916806025385037,1.7060193040482152,3.460003561454234,0.306,1,False
154,3.4924199788706507,1.711449389950126,3.4691311708342036,0.308,1,False
155,3.4931749235977696,1.7168718080534724,3.4781961936715193,0.31,1,False
156,3.493945377689966,1.7222865547352622,3.4871987498871833,0.312,1,False
157,3.494731282117341,1.7276936263725031,3.496138959402194,0.314,1,False
158,3.495532577849997,1.7330930193422034,3.505016942137554,0.316,1,False
159,3.4963492058580377,1.7384847300213704,3.5138328180142606,0.318,1,False
160,3.4971811071115657,1.7438687547870126,3.5225867069533177,0.32,1,False
161,3.498028222580683,1.7492450900161376,3.531278728875723,0.322,1,False
162,3.498890493235493,1.7546137320857544,3.5399090037024803,0.324,1,False
163,3.499767860046099,1.7599746773728693,3.5484776513545864,0.326,1,False
164,3.5006602639826037,1.7653279222544915,3.5569847917530444,0.328,1,False
165,3.5015676460151077,1.7706734631076286,3.565430544818853,0.33,1,False
166,3.5024899471137165,1.7760112963092884,3.5738150304730145,0.332,1,False
167,3.503427108248532,1.781341418236479,3.5821383686365276,0.334,1,False
168,3.504379070389657,1.7866638252662081,3.5904006792303935,0.336,1,False
169,3.505345774507193,1.7919785137754836,3.598602082175613,0.338,1,False
170,3.506327161571245,1.7972854801413136,3.606742697393186,0.34,1,False
171,3.507323172551914,1.8025847207407066,3.6148226448041134,0.342,1,False
172,3.5083337484193033,1.8078762319506696,3.6228420443293956,0.34400000000000003,1,False
173,3.509358830143515,1.8131600101482108,3.630801015890032,0.34600000000000003,1,False
174,3.5103983586946543,1.8184360517103388,3.6386996794070248,0.34800000000000003,1,False
175,3.5114522750428208,1.8237043530140609,3.646538154801373,0.35000000000000003,1,False
176,3.5125205201581204,1.8289649104363854,3.65431656199408,0.352,1,False
177,3.5136030350106515,1.8342177203543188,3.6620350209061403,0.354,1,False
178,3.5146997605705224,1.8394627791448712,3.669693651458561,0.356,1,False
179,3.51581063780783,1.844700083185049,3.677292573572337,0.358,1,False
180,3.5169356076926834,1.8499296288518619,3.6848319071684736,0.36,1,False
181,3.518074611195179,1.855151412522315,3.692311772167967,0.362,1,False
182,3.5192275892854257,1.8603654305734203,3.6997322884918225,0.364,1,False
183,3.5203944829335194,1.8655716793821806,3.707093576061034,0.366,1,False
184,3.52157523310957,1.8707701553256089,3.714395754796609,0.368,1,False
185,3.5227697807836753,1.8759608547807094,3.7216389446195435,0.37,1,False
186,3.5239780669259413,1.881143774124493,3.7288232654508406,0.372,1,False
187,3.525200032506467,1.8863189097339643,3.735948837211497,0.374,1,False
188,3.5264356184953587,1.8914862579861347,3.7430157798225174,0.376,1,False
189,3.5276847658627166,1.896645815258009,3.750024213204898,0.378,1,False
190,3.5289474155786467,1.9017975779265979,3.756974257279644,0.38,1,False
191,3.5302235086132465,1.9069415423689071,3.7638660319677513,0.382,1,False
192,3.5315129859366254,1.9120777049619466,3.7706996571902245,0.384,1,False
193,3.53281578851888,1.9172060620827223,3.7774752528680597,0.386,1,False
194,3.5341318573301184,1.9223266101082443,3.784192938922263,0.388,1,False
195,3.5354611333404384,1.927439345415518,3.7908528352738293,0.39,1,False
196,3.536803557519948,1.9325442643815538,3.7974550618437624,0.392,1,False
197,3.5381590708387436,1.9376413633833578,3.8039997385530606,0.394,1,False
198,3.5395276142669347,1.9427306387979395,3.8104869853227283,0.396,1,False
199,3.540909128774618,1.9478120870023048,3.816916922073759,0.398,1,False
200,3.542303555331902,1.9528857043734644,3.8232896687271616,0.4,1,False
201,3.5437108349088837,1.9579514872884234,3.8296053452039285,0.402,1,False
202,3.5451309084756715,1.9630094321241922,3.835864071425068,0.404,1,False
203,3.546563717002363,1.9680595352577768,3.842065967311573,0.406,1,False
204,3.5480092014590663,1.9731017930661867,3.84821115278445,0.40800000000000003,1,False
205,3.5494673028158767,1.9781362019264275,3.8542997477646943,0.41000000000000003,1,False
206,3.5509379620429065,1.983162758215511,3.8603318721733118,0.41200000000000003,1,False
207,3.5524211201102496,1.9881814583104405,3.8663076459312973,0.41400000000000003,1,False
208,3.5539167179880162,1.9931922985882284,3.8722271889596587,0.41600000000000004,1,False
209,3.555424696646303,1.9981952754258792,3.8780906211793873,0.418,1,False
210,3.5569449970552163,2.0031903852004027,3.8838980625114914,0.42,1,False
211,3.5584775601848575,2.0081776242888063,3.889649632876966,0.422,1,False
212,3.560022327005329,2.013156989068098,3.895345452196815,0.424,1,False
213,3.561579238486736,2.0181284759152858,3.900985640392037,0.426,1,False
214,3.563148235599179,2.0230920812073774,3.9065703173836344,0.428,1,False
215,3.5647292593127613,2.028047801321381,3.9120996030926056,0.43,1,False
216,3.566322250597586,2.0329956326343046,3.917573617439953,0.432,1,False
217,3.567927150423754,2.0379355715231555,3.922992480346674,0.434,1,False
218,3.5695438997613707,2.0428676143649427,3.9283563117337716,0.436,1,False
219,3.5711724395805375,2.047791757536673,3.9336652315222453,0.438,1,False
220,3.5728127108513577,2.0527079974153555,3.938919359633098,0.44,1,False
221,3.5744646545439336,2.0576163303779977,3.9441188159873266,0.442,1,False
222,3.5761282116283684,2.0625167528016064,3.949263720505933,0.444,1,False
223,3.577803323074765,2.0674092610631916,3.9543541931099178,0.446,1,False
224,3.5794899298532252,2.0722938515397598,3.959390353720282,0.448,1,False
225,3.5811879729338525,2.0771705206083193,3.964372322258025,0.45,1,False
226,3.5828973932867503,2.0820392646458776,3.969300218644148,0.452,1,False
227,3.5846181318820203,2.086900080029444,3.9741741627996507,0.454,1,False
228,3.586350129689766,2.091752963136025,3.9789942746455353,0.456,1,False
229,3.588093327680089,2.0965979103426298,3.9837606741027995,0.458,1,False
230,3.589847666823093,2.1014349180262646,3.9884734810924463,0.46,1,False
231,3.59161308808888,2.1062639825639384,3.9931328155354744,0.462,1,False
232,3.593389532447554,2.1110851003326596,3.9977387973528855,0.464,1,False
233,3.595176940869218,2.115898267709436,4.002291546465679,0.466,1,False
234,3.5969752543239735,2.1207034810712755,4.006791182794858,0.468,1,False
235,3.5987844137819227,2.1255007367951846,4.011237826261418,0.47000000000000003,1,False
236,3.60060436021317,2.130290031258173,4.015631596786364,0.47200000000000003,1,False
237,3.6024350345878173,2.1350713608372476,4.019972614290695,0.47400000000000003,1,False
238,3.6042763778759674,2.1398447219094168,4.024260998695411,0.47600000000000003,1,False
239,3.6061283310477235,2.144610110851689,4.028496869921512,0.47800000000000004,1,False
240,3.607990835073188,2.149367524041071,4.03268034789,0.48,1,False
241,3.609863830922464,2.1541169578545727,4.0368115525218755,0.482,1,False
242,3.6117472595656546,2.1588584086691998,4.040890603738137,0.484,1,False
243,3.6136410619728614,2.163591872861961,4.044917621459787,0.486,1,False
244,3.6155451791141875,2.168317346809865,4.048892725607824,0.488,1,False
245,3.617459551959737,2.1730348268899187,4.05281603610325,0.49,1,False
246,3.61938412147961,2.1777443094791304,4.056687672867065,0.492,1,False
247,3.6213188286439113,2.1824457909545085,4.060507755820269,0.494,1,False
248,3.6232636144227435,2.1871392676930603,4.064276404883864,0.496,1,False
249,3.625218419786209,2.191824736071794,4.067993739978849,0.498,1,False
250,3.6271831857044114,2.196502192467719,4.071659881026226,0.5,1,False
251,3.6291578531474524,2.2011716332578404,4.075274947946993,0.502,1,False
252,3.631142363085435,2.2058330548191676,4.078839060662153,0.504,1,False
253,3.6331366564884626,2.210486453528709,4.0823523390927035,0.506,1,False
254,3.635140674326637,2.2151318257634713,4.085814903159648,0.508,1,False
255,3.637154357570062,2.219769167900463,4.0892268727839856,0.51,1,False
256,3.639177647188839,2.224398476316694,4.092588367886717,0.512,1,False
257,3.641210484153072,2.2290197473891693,4.095899508388843,0.514,1,False
258,3.6432528094328616,2.233632977494898,4.099160414211362,0.516,1,False
259,3.645304563998314,2.2382381630108883,4.102371205275276,0.518,1,False
260,3.6473656888195305,2.2428353003141472,4.1055320015015875,0.52,1,False
261,3.6494361248666127,2.247424385781684,4.108642922811294,0.522,1,False
262,3.6515158131096657,2.252005415790506,4.111704089125396,0.524,1,False
263,3.6536046945187883,2.256578386717621,4.114715620364896,0.526,1,False
264,3.655702710064088,2.261143294940037,4.117677636450793,0.528,1,False
265,3.657809800715665,2.2657001368347625,4.120590257304089,0.53,1,False
266,3.6599259074436223,2.270248908778804,4.123453602845781,0.532,1,False
267,3.6620509712180627,2.274789607149171,4.126267792996874,0.534,1,False
268,3.6641849330090888,2.2793222283228705,4.129032947678366,0.536,1,False
269,3.666327733786804,2.2838467686769115,4.131749186811258,0.538,1,False
270,3.668479314521311,2.2883632245883003,4.134416630316547,0.54,1,False
271,3.6706396161827115,2.2928715924340457,4.13703539811524,0.542,1,False
272,3.6728085797411105,2.2973718685911573,4.139605610128334,0.544,1,False
273,3.6749861461666082,2.30186404943664,4.142127386276829,0.546,1,False
274,3.6771722564293086,2.3063481313475034,4.144600846481725,0.548,1,False
275,3.6793668514993136,2.310824110700755,4.147026110664024,0.55,1,False
276,3.681569872346728,2.3152919838734034,4.149403298744727,0.552,1,False
277,3.683781259941653,2.319751747242456,4.151732530644832,0.554,1,False
278,3.686000955254191,2.3242033971849207,4.154013926285341,0.556,1,False
279,3.6882288992544456,2.3286469300778054,4.156247605587255,0.558,1,False
280,3.6904650329125195,2.3330823422981184,4.158433688471574,0.56,1,False
281,3.6927092971985167,2.3375096302228684,4.160572294859298,0.562,1,False
282,3.694961633082537,2.341928790229061,4.162663544671427,0.5640000000000001,1,False
283,3.6972219815346854,2.346339818693707,4.164707557828965,0.5660000000000001,1,False
284,3.6994902835250634,2.350742711993812,4.166704454252906,0.5680000000000001,1,False
285,3.701766480023775,2.3551374665063847,4.168654353864256,0.5700000000000001,1,False
286,3.7040505120009226,2.3595240786084335,4.170557376584014,0.5720000000000001,1,False
287,3.706342320426608,2.363902544676966,4.17241364233318,0.5740000000000001,1,False
288,3.708641846270935,2.36827286108899,4.174223271032753,0.5760000000000001,1,False
289,3.710949030504007,2.372635024221514,4.175986382603738,0.578,1,False
290,3.7132638140959244,2.3769890304515444,4.177703096967129,0.58,1,False
291,3.715586138016794,2.3813348761560924,4.1793735340439335,0.582,1,False
292,3.717915943236713,2.385672557712162,4.180997813755145,0.584,1,False
293,3.720253170725789,2.390002071496764,4.1825760560217695,0.586,1,False
294,3.7225977614541215,2.3943234138869047,4.184108380764804,0.588,1,False
295,3.724949656391817,2.398636581259593,4.185594907905252,0.59,1,False
296,3.727308796508973,2.402941569991836,4.18703575736411,0.592,1,False
297,3.7296751227756975,2.407238376460643,4.188431049062381,0.594,1,False
298,3.7320485761620894,2.4115269970430204,4.189780902921067,0.596,1,False
299,3.7344290976382553,2.4158074281159774,4.191085438861166,0.598,1,False
300,3.7368166281742936,2.4200796660565214,4.1923447768036795,0.6,1,False
301,3.739211108740311,2.4243437072416603,4.193559036669607,0.602,1,False
302,3.741612480306406,2.428599548048401,4.194728338379949,0.604,1,False
303,3.744020683842686,2.432847184853754,4.195852801855708,0.606,1,False
304,3.74643566031925,2.4370866140347243,4.196932547017881,0.608,1,False
305,3.7488573507062046,2.4413178319683224,4.197967693787473,0.61,1,False
306,3.751285695973647,2.445540835031554,4.198958362085478,0.612,1,False
307,3.753720637091687,2.4497556196014294,4.199904671832905,0.614,1,False
308,3.7561621150304205,2.453962182054954,4.200806742950745,0.616,1,False
309,3.7586100707599557,2.4581605187691387,4.201664695360008,0.618,1,False
310,3.761064445250392,2.462350626120988,4.202478648981687,0.62,1,False
311,3.7635251794718347,2.466532500487514,4.203248723736788,0.622,1,False
312,3.7659922143943825,2.4707061382457196,4.203975039546305,0.624,1,False
313,3.7684654909881434,2.474871535772617,4.204657716331244,0.626,1,False
314,3.7709449502232157,2.479028689445212,4.205296874012603,0.628,1,False
315,3.773430533069705,2.4831775956405138,4.205892632511384,0.63,1,False
316,3.775922180497712,2.487318250735529,4.206445111748585,0.632,1,False
317,3.778419833477343,2.4914506511072667,4.206954431645211,0.634,1,False
318,3.780923432978695,2.4955747931327332,4.207420712122256,0.636,1,False
319,3.7834329199718773,2.499690673188939,4.207844073100728,0.638,1,False
320,3.7859482354269876,2.5037982876528893,4.208224634501619,0.64,1,False
321,3.7884693203141317,2.5078976329015945,4.208562516245936,0.642,1,False
322,3.7909961156034093,2.511988705312061,4.208857838254677,0.644,1,False
323,3.793528562264928,2.5160715012612975,4.2091107204488445,0.646,1,False
324,3.796066601268785,2.52014601712631,4.209321282749434,0.648,1,False
325,3.7986101735850863,2.52421224928411,4.2094896450774515,0.65,1,False
326,3.8011592201839344,2.5282701941117023,4.209615927353894,0.652,1,False
327,3.8037136820354336,2.5323198479860967,4.209700249499766,0.654,1,False
328,3.806273500109681,2.5363612072842994,4.20974273143606,0.656,1,False
329,3.808838615376787,2.5403942683833214,4.209743493083788,0.658,1,False
330,3.811408968806847,2.544419027660166,4.209702654363938,0.66,1,False
331,3.8139845013699705,2.548435481491846,4.209620335197521,0.662,1,False
332,3.8165651540362546,2.5524436262553656,4.2094966555055295,0.664,1,False
333,3.8191508677758073,2.5564434583277356,4.209331735208971,0.666,1,False
334,3.8217415835587256,2.5604349740859615,4.20912569422884,0.668,1,False
335,3.824337242355118,2.5644181699070536,4.208878652486141,0.67,1,False
336,3.826937785135081,2.568393042168016,4.20859072990187,0.672,1,False
337,3.8295431528687254,2.5723595872458627,4.208262046397035,0.674,1,False
338,3.8321532865261454,2.576317801517595,4.207892721892626,0.676,1,False
339,3.834768127077451,2.580267681360226,4.207482876309654,0.678,1,False
340,3.837387615492738,2.58420922315076,4.207032629569111,0.68,1,False
341,3.8400116927421184,2.588142423266209,4.206542101592005,0.682,1,False
342,3.842640299795684,2.592067278083576,4.206011412299328,0.684,1,False
343,3.8452733776235477,2.595983783979874,4.205440681612091,0.686,1,False
344,3.8479108671958038,2.5998919373321057,4.2048300294512835,0.6880000000000001,1,False
345,3.8505527094825616,2.6037917345172836,4.204179575737913,0.6900000000000001,1,False
346,3.8531988454539197,2.6076831719124134,4.203489440392978,0.6920000000000001,1,False
347,3.855849216079984,2.6115662458945033,4.20275974333748,0.6940000000000001,1,False
348,3.8585037623308547,2.6154409528405616,4.2019906044924165,0.6960000000000001,1,False
349,3.861162425176637,2.6193072891275966,4.201182143778792,0.6980000000000001,1,False
350,3.8638251455874286,2.6231652511326136,4.2003344811176015,0.7000000000000001,1,False
351,3.8664918645333395,2.6270148352326252,4.199447736429852,0.7020000000000001,1,False
352,3.869162522984467,2.6308560378046346,4.198522029636539,0.704,1,False
353,3.8718370619109153,2.6346888552256527,4.1975574806586655,0.706,1,False
354,3.874515422282789,2.6385132838726872,4.196554209417232,0.708,1,False
355,3.8771975450701883,2.6423293201227454,4.195512335833237,0.71,1,False
356,3.879883371243218,2.646136960352835,4.194431979827683,0.712,1,False
357,3.88257284177198,2.649936200939964,4.193313261321569,0.714,1,False
358,3.8852658976265757,2.653727038261141,4.192156300235895,0.716,1,False
359,3.88796247977711,2.657509468693373,4.190961216491663,0.718,1,False
360,3.8906625291936847,2.6612834886136683,4.189728130009874,0.72,1,False
361,3.8933659868464034,2.6650490943990364,4.188457160711527,0.722,1,False
362,3.896072793705368,2.6688062824264827,4.187148428517624,0.724,1,False
363,3.8987828907406805,2.672555049073017,4.185802053349163,0.726,1,False
364,3.9014962189224454,2.6762953907156457,4.184418155127146,0.728,1,False
365,3.9042127192207645,2.6800273037313787,4.182996853772575,0.73,1,False
366,3.9069323326057406,2.683750784497222,4.181538269206446,0.732,1,False
367,3.909655000047477,2.6874658293901845,4.180042521349764,0.734,1,False
368,3.912380662516076,2.691172434787275,4.178509730123527,0.736,1,False
369,3.9151092609816405,2.694870597065499,4.1769400154487375,0.738,1,False
370,3.917840736414273,2.6985603126018676,4.175333497246394,0.74,1,False
371,3.9205750297840765,2.7022415777733855,4.173690295437496,0.742,1,False
372,3.923312082061155,2.705914388957063,4.172010529943048,0.744,1,False
373,3.9260518342156074,2.7095787425299065,4.170294320684046,0.746,1,False
374,3.9287942272175407,2.713234634868925,4.168541787581494,0.748,1,False
375,3.9315392020370563,2.7168820623511265,4.166753050556391,0.75,1,False
376,3.9342866996442565,2.7205210213535187,4.164928229529736,0.752,1,False
377,3.9370366610092438,2.7241515082531085,4.163067444422532,0.754,1,False
378,3.939789027102121,2.7277735194269046,4.161170815155778,0.756,1,False
379,3.9425437388929936,2.7313870512519163,4.1592384616504745,0.758,1,False
380,3.945300737351961,2.7349921001051496,4.157270503827624,0.76,1,False
381,3.9480599634491265,2.7385886623636138,4.155267061608224,0.762,1,False
382,3.9508213581545935,2.7421767344043158,4.153228254913276,0.764,1,False
383,3.9535848624384653,2.7457563126042643,4.151154203663781,0.766,1,False
384,3.9563504172708432,2.7493273933404656,4.149045027780738,0.768,1,False
385,3.9591179636218317,2.7528899729899305,4.14690084718515,0.77,1,False
386,3.9618874424615314,2.756444047929664,4.144721781798016,0.772,1,False
387,3.964658794760048,2.7599896145366767,4.1425079515403365,0.774,1,False
388,3.9674319614874816,2.7635266691879745,4.140259476333112,0.776,1,False
389,3.9702068836139364,2.7670552082605666,4.137976476097343,0.778,1,False
390,3.9729835021095146,2.7705752281314604,4.13565907075403,0.78,1,False
391,3.9757617579443196,2.7740867251776637,4.133307380224172,0.782,1,False
392,3.9785415920884533,2.7775896957761845,4.130921524428772,0.784,1,False
393,3.9813229455120185,2.7810841363040306,4.128501623288829,0.786,1,False
394,3.9841057591851197,2.784570043138211,4.126047796725345,0.788,1,False
395,3.9868899740778567,2.7880474126557324,4.1235601646593185,0.79,1,False
396,3.989675531160335,2.7915162412336034,4.121038847011751,0.792,1,False
397,3.992462371402656,2.794976525248832,4.118483963703643,0.794,1,False
398,3.9952504357749214,2.798428261078425,4.115895634655993,0.796,1,False
399,3.9980396652472363,2.801871445099391,4.1132739797898035,0.798,1,False
400,4.000830000789703,2.805306073688739,4.110619119026077,0.8,1,False
401,4.003621383372423,2.808732143223476,4.1079311722858085,0.802,1,False
402,4.0064137539655,2.8121496500806105,4.105210259490002,0.804,1,False
403,4.009207053539036,2.8155585906371496,4.102456500559659,0.806,1,False
404,4.012001223063137,2.8189589612701025,4.099670015415779,0.808,1,False
405,4.014796203507899,2.8223507583564746,4.09685092397936,0.81,1,False
406,4.0175919358434315,2.825733978273277,4.0939993461714055,0.812,1,False
407,4.020388361039833,2.829108617397514,4.091115401912914,0.8140000000000001,1,False
408,4.02318542006721,2.832474672106198,4.088199211124889,0.8160000000000001,1,False
409,4.025983053895661,2.8358321387763334,4.0852508937283245,0.8180000000000001,1,False
410,4.028781203495292,2.83918101378493,4.082270569644229,0.8200000000000001,1,False
411,4.031579809836204,2.842521293508995,4.079258358793598,0.8220000000000001,1,False
412,4.034378813888501,2.8458529743255365,4.076214381097432,0.8240000000000001,1,False
413,4.037178156622286,2.8491760526115617,4.073138756476734,0.8260000000000001,1,False
414,4.039977779007659,2.8524905247440793,4.0700316048525025,0.8280000000000001,1,False
415,4.042777622014726,2.855796387100098,4.066893046145738,0.8300000000000001,1,False
416,4.04557762661359,2.8590936360566257,4.063723200277443,0.8320000000000001,1,False
417,4.048377733774349,2.862382267990668,4.060522187168616,0.834,1,False
418,4.051177884467111,2.865662279279235,4.057290126740258,0.836,1,False
419,4.053978019661977,2.8689336662993337,4.054027138913369,0.838,1,False
420,4.056778080329049,2.8721964254279726,4.05073334360895,0.84,1,False
421,4.0595780074384304,2.87545055304216,4.0474088607480025,0.842,1,False
422,4.0623777419602245,2.8786960455189035,4.044053810251524,0.844,1,False
423,4.065177224864532,2.8819328992352093,4.040668312040517,0.846,1,False
424,4.067976397121458,2.885161110568088,4.037252486035983,0.848,1,False
425,4.070775199701105,2.8883806758945463,4.03380645215892,0.85,1,False
426,4.073573573573574,2.8915915915915917,4.03033033033033,0.852,1,False
427,4.0763714597089695,2.894793854036233,4.026824240471212,0.854,1,False
428,4.0791687990773955,2.897987459605479,4.0232883025025705,0.856,1,False
429,4.08196553264895,2.901172404676335,4.019722636345401,0.858,1,False
430,4.084761601393741,2.904348685625812,4.016127361920708,0.86,1,False
431,4.087556946281867,2.9075162988309144,4.012502599149488,0.862,1,False
432,4.090351508283435,2.910675240668653,4.008848467952744,0.864,1,False
433,4.093145228368543,2.9138255075160346,4.005165088251474,0.866,1,False
434,4.0959380475073,2.916967095750068,4.001452579966684,0.868,1,False
435,4.098729906669801,2.9201000017477594,3.9977110630193673,0.87,1,False
436,4.101520746826155,2.923224221886119,3.9939406573305307,0.872,1,False
437,4.104310508946463,2.926339752542153,3.9901414828211705,0.874,1,False
438,4.107099134000827,2.929446590092871,3.9863136594122897,0.876,1,False
439,4.10988656295935,2.9325447309152786,3.9824573070248865,0.878,1,False
440,4.112672736792135,2.9356341713863863,3.9785725455799636,0.88,1,False
441,4.115457596469284,2.9387149078832,3.9746594949985186,0.882,1,False
442,4.1182410829609015,2.9417869367827287,3.9707182752015555,0.884,1,False
443,4.121023137237088,2.944850254461979,3.966749006110071,0.886,1,False
444,4.123803700267948,2.9479048572979605,3.9627518076450694,0.888,1,False
445,4.126582713023584,2.9509507416676812,3.9587267997275477,0.89,1,False
446,4.129360116474099,2.953987903948148,3.9546741022785095,0.892,1,False
447,4.132135851589595,2.9570163405163696,3.9505938352189527,0.894,1,False
448,4.1349098593401745,2.9600360477493535,3.94648611846988,0.896,1,False
449,4.1376820806959405,2.9630470220241074,3.942351071952289,0.898,1,False
450,4.140452456626998,2.9660492597176398,3.9381888155871834,0.9,1,False
451,4.143220928103447,2.9690427572069575,3.93399946929556,0.902,1,False
452,4.14598743609539,2.972027510869071,3.929783152998424,0.904,1,False
453,4.148751921572931,2.9750035170809848,3.9255399866167706,0.906,1,False
454,4.151514325506174,2.97797077221971,3.921270090071605,0.908,1,False
455,4.154274588865219,2.9809292726622525,3.916973583283924,0.91,1,False
456,4.157032652620172,2.9838790147856216,3.9126505861747307,0.912,1,False
457,4.159788457741133,2.9868199949668237,3.9083012186650237,0.914,1,False
458,4.162541945198206,2.9897522095828686,3.9039256006758047,0.916,1,False
459,4.165293055961492,2.992675655010762,3.8995238521280733,0.918,1,False
460,4.168041731001097,2.9955903276275144,3.8950960929428313,0.92,1,False
461,4.170787911287121,2.9984962238101316,3.8906424430410773,0.922,1,False
462,4.1735315377896685,3.0013933399356225,3.8861630223438137,0.924,1,False
463,4.176272551478841,3.004281672380994,3.8816579507720386,0.926,1,False
464,4.179010893324742,3.007161217523256,3.8771273482467543,0.928,1,False
465,4.1817465042974735,3.010031971739415,3.87257133468896,0.93,1,False
466,4.184479325367142,3.0128939314064804,3.8679900300196595,0.932,1,False
467,4.187209297503843,3.015747092901458,3.8633835541598485,0.934,1,False
468,4.1899363616776855,3.0185914526013575,3.8587520270305316,0.936,1,False
469,4.19266045885877,3.021427006883185,3.854095568552705,0.9380000000000001,1,False
470,4.195381530017199,3.024253752123951,3.849414298647373,0.9400000000000001,1,False
471,4.198099516123076,3.0270716847006605,3.844708337235533,0.9420000000000001,1,False
472,4.200814358146503,3.0298808009903246,3.839977804238189,0.9440000000000001,1,False
473,4.203525997057584,3.0326810973699483,3.835222819576339,0.9460000000000001,1,False
474,4.206234373826421,3.035472570216542,3.8304435031709834,0.9480000000000001,1,False
475,4.208939429423116,3.0382552159071117,3.825639974943123,0.9500000000000001,1,False
476,4.211641104817773,3.041029030818667,3.82081235481376,0.9520000000000001,1,False
477,4.214339340980494,3.043794011328214,3.8159607627038916,0.9540000000000001,1,False
478,4.217034078881382,3.0465501538127624,3.8110853185345217,0.9560000000000001,1,False
479,4.219725259490541,3.0492974546493183,3.8061861422266476,0.9580000000000001,1,False
480,4.222412823778073,3.0520359102148915,3.801263353701272,0.96,1,False
481,4.225096712714077,3.0547655168864893,3.7963170728793947,0.962,1,False
482,4.227776867268663,3.05748627104112,3.7913474196820167,0.964,1,False
483,4.2304532284119265,3.06019816905579,3.7863545140301365,0.966,1,False
484,4.233125737113977,3.062901207307509,3.781338475844757,0.968,1,False
485,4.235794334344911,3.0655953821732838,3.776299425046876,0.97,1,False
486,4.238458961074836,3.0682806900301225,3.7712374815574967,0.972,1,False
487,4.2411195582738515,3.070957127255034,3.766152765297619,0.974,1,False
488,4.243776066912064,3.0736246902250253,3.761045396188242,0.976,1,False
489,4.2464284279595725,3.076283375317104,3.7559154941503663,0.978,1,False
490,4.249076582386482,3.07893317890828,3.7507631791049945,0.98,1,False
491,4.251720471162893,3.0815740973755585,3.745588570973124,0.982,1,False
492,4.254360035258913,3.08420612709595,3.7403917896757584,0.984,1,False
493,4.25699521564464,3.086829264446461,3.7351729551338964,0.986,1,False
494,4.259625953290176,3.089443505804099,3.729932187268538,0.988,1,False
495,4.262252189165628,3.0920488475458727,3.7246696060006834,0.99,1,False
496,4.264873864241096,3.09464528604879,3.7193853312513347,0.992,1,False
497,4.267490919486685,3.0972328176898594,3.7140794829414925,0.994,1,False
498,4.270103295872497,3.0998114388460882,3.7087521809921564,0.996,1,False
499,4.272710934368631,3.1023811458944843,3.7034035453243264,0.998,1,False
500,4.275313775945197,3.104941935212056,3.6980336958590034,1.0,1,False
501,4.277911761572291,3.1074938031758106,3.692642752517188,1.002,1,False
502,4.28050483222002,3.110036746162757,3.687230835219881,1.004,1,False
503,4.283092928858483,3.112570760549902,3.681798063888081,1.006,1,False
504,4.285675992457787,3.1150958427142545,3.676344558442792,1.008,1,False
505,4.288253963988033,3.1176119890328216,3.670870438805011,1.01,1,False
506,4.2908267844193215,3.1201191958826118,3.6653758248957398,1.012,1,False
507,4.293394394721759,3.1226174596406335,3.659860836635979,1.014,1,False
508,4.295956735865447,3.125106776683894,3.65432559394673,1.016,1,False
509,4.298513748820486,3.127587143389401,3.6487702167489906,1.018,1,False
510,4.301065374556982,3.1300585561341623,3.6431948249637642,1.02,1,False
511,4.303611554045036,3.132521011295187,3.637599538512049,1.022,1,False
512,4.306152228254752,3.134974505249483,3.631984477314848,1.024,1,False
513,4.308687338156231,3.1374190343740564,3.626349761293159,1.026,1,False
514,4.311216824719576,3.139854595045917,3.6206955103679834,1.028,1,False
515,4.313740628914891,3.142281183642071,3.615021844460321,1.03,1,False
516,4.31625869171228,3.144698796539529,3.609328883491175,1.032,1,False
517,4.318770954081842,3.147107430115297,3.6036167473815426,1.034,1,False
518,4.321277356993682,3.149507080746383,3.597885556052427,1.036,1,False
519,4.323777841417901,3.1518977448097947,3.5921354294248258,1.038,1,False
520,4.326272348324608,3.154279418682542,3.586366487419742,1.04,1,False
521,4.328760818683897,3.15665209874163,3.5805788499581737,1.042,1,False
522,4.331243193465876,3.159015781364069,3.5747726369611237,1.044,1,False
523,4.3337194136406465,3.1613704629268655,3.5689479683495917,1.046,1,False
524,4.336189420178312,3.163716139807029,3.5631049640445775,1.048,1,False
525,4.3386531540489734,3.1660528083815653,3.5572437439670814,1.05,1,False
526,4.341110556222735,3.1683804650274836,3.5513644280381054,1.052,1,False
527,4.343561567669699,3.1706991061217913,3.5454671361786483,1.054,1,False
528,4.346006129359971,3.173008728041498,3.539551988309712,1.056,1,False
529,4.348444182263648,3.175309327163609,3.533619104352295,1.058,1,False
530,4.350875667350837,3.1776008998651344,3.5276686042273995,1.06,1,False
531,4.35330052559164,3.1798834425230815,3.5217006078560265,1.062,1,False
532,4.355718697956159,3.182156951514458,3.5157152351591745,1.064,1,False
533,4.358130125414498,3.184421423216272,3.509712606057845,1.066,1,False
534,4.360534748936758,3.1866768540055306,3.503692840473038,1.068,1,False
535,4.362932509493043,3.1889232402592427,3.497656058325754,1.07,1,False
536,4.365323348053457,3.1911605783544172,3.491602379536995,1.072,1,False
537,4.3677072055881,3.19338886466806,3.48553192402776,1.074,1,False
538,4.3700840230670766,3.195608095577181,3.4794448117190493,1.076,1,False
539,4.372453741460489,3.1978182674587856,3.473341162531864,1.078,1,False
540,4.3748163017384405,3.2000193766898843,3.4672210963872043,1.08,1,False
541,4.377171644871033,3.2022114196474836,3.4610847332060706,1.082,1,False
542,4.37951971182837,3.2043943927085916,3.4549321929094634,1.084,1,False
543,4.3818604435805515,3.2065682922502163,3.448763595418383,1.086,1,False
544,4.384193781097686,3.2087331146493665,3.4425790606538307,1.088,1,False
545,4.386519665349871,3.210888856283049,3.4363787085368056,1.09,1,False
546,4.388838037307211,3.213035513528272,3.4301626589883094,1.092,1,False
547,4.39114883793981,3.215173082762044,3.423931031929343,1.094,1,False
548,4.39345200821777,3.217301560361373,3.4176839472809046,1.096,1,False
549,4.395747489111193,3.219420942703266,3.4114215249639974,1.098,1,False
550,4.398035221590183,3.2215312261647315,3.4051438848996187,1.1,1,False
551,4.400315146624841,3.2236324071227775,3.3988511470087723,1.102,1,False
552,4.402587205185272,3.2257244819544115,3.392543431212456,1.104,1,False
553,4.404851338241577,3.2278074470366422,3.3862208574316712,1.106,1,False
554,4.407107486763859,3.229881298746477,3.3798835455874197,1.108,1,False
555,4.409355591722222,3.2319460334609236,3.373531615600701,1.11,1,False
556,4.411595594086767,3.2340016475569904,3.367165187392514,1.112,1,False
557,4.413827434827598,3.236048137411686,3.360784380883861,1.114,1,False
558,4.416051054914817,3.238085499402017,3.3543893159957423,1.116,1,False
559,4.418266395318528,3.240113729904992,3.347980112649158,1.118,1,False
560,4.420473397008832,3.242132825297619,3.3415568907651085,1.12,1,False
561,4.422672000955834,3.2441427819569055,3.335119770264595,1.122,1,False
562,4.424862148129636,3.2461435962598606,3.328668871068617,1.124,1,False
563,4.427043779500337,3.24813526458349,3.322204313098174,1.1260000000000001,1,False
564,4.429216836038046,3.250117783304804,3.3157262162742698,1.1280000000000001,1,False
565,4.431381258712862,3.2520911488008095,3.3092347005179024,1.1300000000000001,1,False
566,4.433536988494888,3.254055357448514,3.3027298857500718,1.1320000000000001,1,False
567,4.435683966354229,3.256010405624927,3.2962118918917795,1.1340000000000001,1,False
568,4.437822133260985,3.257956289707054,3.2896808388640264,1.1360000000000001,1,False
569,4.439951430185259,3.2598930060719056,3.283136846587813,1.1380000000000001,1,False
570,4.442071798097156,3.261820551096488,3.276580034984138,1.1400000000000001,1,False
571,4.444183177966777,3.2637389211578096,3.2700105239740034,1.1420000000000001,1,False
572,4.446285510764225,3.2656481126328787,3.26342843347841,1.1440000000000001,1,False
573,4.4483787374596035,3.267548121898703,3.256833883418356,1.1460000000000001,1,False
574,4.450462799023014,3.2694389453322894,3.250226993714845,1.1480000000000001,1,False
575,4.45253763642456,3.2713205793106472,3.2436078842888754,1.1500000000000001,1,False
576,4.4546031906343435,3.273193020210784,3.236976675061448,1.1520000000000001,1,False
577,4.456659402622471,3.275056264409709,3.2303334859535644,1.154,1,False
578,4.45870621335904,3.2769103082844278,3.2236784368862237,1.156,1,False
579,4.460743563814155,3.278755148211949,3.217011647780426,1.158,1,False
580,4.462771394957921,3.2805907805692818,3.210333238557173,1.16,1,False
581,4.464789647760437,3.2824172017334323,3.2036433291374644,1.162,1,False
582,4.4667982631918095,3.2842344080814097,3.1969420394423005,1.164,1,False
583,4.468797182222139,3.2860423959902216,3.190229489392683,1.166,1,False
584,4.470786345821529,3.2878411618368766,3.183505798909612,1.168,1,False
585,4.472765694960083,3.289630701998381,3.1767710879140867,1.17,1,False
586,4.474735170607902,3.291411012851744,3.1700254763271083,1.172,1,False
587,4.47669471373509,3.293182090773974,3.163269084069678,1.174,1,False
588,4.478644265311749,3.294943932142078,3.1565020310627956,1.176,1,False
589,4.480583766307983,3.2966965333330642,3.149724437227461,1.178,1,False
590,4.482513157693893,3.2984398907239405,3.142936422484676,1.18,1,False
591,4.484432380439584,3.3001740006917153,3.136138106755441,1.182,1,False
592,4.486341375515155,3.3018988596133947,3.1293296099607537,1.184,1,False
593,4.488240083890713,3.3036144638659892,3.122511052021617,1.186,1,False
594,4.490128446536359,3.305320809826505,3.115682552859032,1.188,1,False
595,4.492006404422197,3.3070178938719517,3.108844232393998,1.19,1,False
596,4.493873898518327,3.3087057123793353,3.1019962105475165,1.192,1,False
597,4.495730869794855,3.310384261725665,3.095138607240586,1.194,1,False
598,4.49757725922188,3.312053538287948,3.088271542394208,1.196,1,False
599,4.499413007769507,3.3137135384431926,3.0813951359293834,1.198,1,False
600,4.50123805640784,3.3153642585684073,3.0745095077671127,1.2,1,False
601,4.50305234610698,3.317005695040599,3.067614777828395,1.202,1,False
602,4.50485581783703,3.3186378442367763,3.060711066034232,1.204,1,False
603,4.506648412568094,3.3202607025339472,3.053798492305625,1.206,1,False
604,4.508430071270272,3.321874266309119,3.046877176563572,1.208,1,False
605,4.510200734913669,3.3234785319393,3.0399472387290754,1.21,1,False
606,4.511960344468389,3.3250734958014996,3.0330087987231367,1.212,1,False
607,4.513708840904531,3.326659154272723,3.0260619764667522,1.214,1,False
608,4.515446165192199,3.3282355037299793,3.0191068918809254,1.216,1,False
609,4.5171722583015,3.329802540550278,3.0121436648866577,1.218,1,False
610,4.518887061202531,3.3313602611106243,3.005172415404947,1.22,1,False
611,4.520590514865397,3.3329086617880272,2.998193263356795,1.222,1,False
612,4.522282560260201,3.3344477389594958,2.9912063286632025,1.224,1,False
613,4.523963138357046,3.3359774890020377,2.9842117312451704,1.226,1,False
614,4.525632190126034,3.3374979082926597,2.977209591023697,1.228,1,False
615,4.527289656537269,3.3390089932083704,2.970200027919784,1.23,1,False
616,4.528935478560851,3.340510740126177,2.9631831618544324,1.232,1,False
617,4.5305695971668865,3.342003145423089,2.9561591127486424,1.234,1,False
618,4.532191953325476,3.343486205476114,2.9491280005234137,1.236,1,False
619,4.533802488006722,3.344959916662258,2.942089945099748,1.238,1,False
620,4.535401142180729,3.346424275358532,2.9350450663986454,1.24,1,False
621,4.536987856817599,3.347879277941942,2.9279934843411053,1.242,1,False
622,4.538562572887433,3.3493249207894955,2.920935318848129,1.244,1,False
623,4.540125231360337,3.350761200278201,2.9138706898407167,1.246,1,False
624,4.541675773206411,3.352188112785068,2.90679971723987,1.248,1,False
625,4.54321413939576,3.3536056546871023,2.899722520966588,1.25,1,False
626,4.544740270898485,3.3550138223613133,2.8926392209418714,1.252,1,False
627,4.546254108684688,3.3564126121847075,2.885549937086721,1.254,1,False
628,4.5477555937244745,3.357802020534294,2.878454789322137,1.256,1,False
629,4.5492446669879465,3.3591820437870803,2.87135389756912,1.258,1,False
630,4.550721269445205,3.360552678320074,2.8642473817486707,1.26,1,False
631,4.552185342066354,3.3619139205102835,2.8571353617817885,1.262,1,False
632,4.553636825821496,3.3632657667347168,2.8500179575894755,1.264,1,False
633,4.555075661680735,3.3646082133703827,2.8428952890927315,1.266,1,False
634,4.556501790614171,3.3659412567942875,2.8357674762125566,1.268,1,False
635,4.55791515359191,3.3672648933834397,2.8286346388699513,1.27,1,False
636,4.559315691584054,3.3685791195148465,2.8214968969859164,1.272,1,False
637,4.560703345560704,3.3698839315655182,2.814354370481453,1.274,1,False
638,4.562078056491964,3.371179325912461,2.8072071792775595,1.276,1,False
639,4.563439765347935,3.3724652989326827,2.8000554432952374,1.278,1,False
640,4.564788413098724,3.373741847003192,2.792899282455488,1.28,1,False
641,4.566123940714428,3.375008966500995,2.7857388166793116,1.282,1,False
642,4.567446289165156,3.3762666538031025,2.778574165887708,1.284,1,False
643,4.568755399421006,3.377514905286521,2.7714054500016783,1.286,1,False
644,4.570051212452083,3.3787537173282582,2.7642327889422207,1.288,1,False
645,4.571333669228489,3.379983086305322,2.757056302630339,1.29,1,True
646,4.572602710720327,3.381203008594722,2.749876110987033,1.292,1,False
647,4.573858277897699,3.382413480573464,2.7426923339333014,1.294,1,False
648,4.57510031173071,3.383614498618557,2.7355050913901455,1.296,1,False
649,4.576328753189459,3.3848060591070075,2.7283145032785656,1.298,1,False
650,4.577543543244053,3.385988158415826,2.721120689519563,1.3,1,False
651,4.578744622864591,3.3871607929220184,2.7139237700341377,1.302,1,False
652,4.579931933021178,3.3883239590025935,2.7067238647432896,1.304,1,False
653,4.581105414683918,3.38947765303456,2.69952109356802,1.306,1,False
654,4.582265008822911,3.390621871394923,2.6923155764293294,1.308,1,False
655,4.583410656408261,3.3917566104606944,2.6851074332482168,1.31,1,False
656,4.58454229841007,3.392881866608879,2.6778967839456844,1.312,1,False
657,4.5856598757984415,3.393997636216486,2.670683748442732,1.314,1,False
658,4.586763329543479,3.395103915660523,2.6634684466603598,1.316,1,False
659,4.587852600615284,3.396200701317999,2.6562509985195693,1.318,1,False
660,4.588927629983959,3.39728798956592,2.6490315239413595,1.32,1,False
661,4.589988358619609,3.3983657767812954,2.641810142846731,1.322,1,False
662,4.5910347274923335,3.3994340593411336,2.634586975156686,1.324,1,False
663,4.592066677572238,3.4004928336224403,2.627362140792224,1.326,1,False
664,4.593084149829424,3.401542096002226,2.620135759674344,1.328,1,False
665,4.594087085233994,3.4025818428574968,2.612907951724048,1.33,1,False
666,4.595075424756051,3.4036120705652615,2.605678836862337,1.332,1,False
667,4.5960491093657,3.4046327755025283,2.5984485350102102,1.334,1,False
668,4.59700808003304,3.4056439540463037,2.5912171660886685,1.336,1,False
669,4.597952277728174,3.406645602573596,2.5839848500187115,1.338,1,False
670,4.598881643421211,3.4076377174614167,2.5767517067213417,1.34,1,True
671,4.599796118082247,3.408620295086768,2.569517856117559,1.342,1,False
672,4.600695642681385,3.4095933318266622,2.5622834181283616,1.344,1,False
673,4.601580158188733,3.410556824058105,2.555048512674752,1.346,1,False
674,4.602449605574388,3.411510768158106,2.5478132596777314,1.348,1,False
675,4.603303925808455,3.4124551605036713,2.5405777790582986,1.35,1,False
676,4.604143059861038,3.41338999747181,2.533342190737455,1.352,1,False
677,4.604966948702237,3.414315275439529,2.5261066146361992,1.354,1,False
678,4.60577553330216,3.4152309907838387,2.5188711706755345,1.356,1,False
679,4.606568754630903,3.4161371398817435,2.5116359787764595,1.358,1,False
680,4.607346553658573,3.417033719110254,2.504401158859975,1.36,1,False
681,4.608108871355273,3.417920724846378,2.4971668308470827,1.362,1,False
682,4.608855648691103,3.418798153467123,2.4899331146587813,1.364,1,False
683,4.609586826636167,3.4196660013494955,2.4827001302160716,1.366,1,False
684,4.610302346160569,3.4205242648705054,2.475467997439955,1.368,1,False
685,4.611002148234412,3.4213729404071604,2.4682368362514318,1.37,1,False
686,4.611686173827795,3.4222120243364667,2.461006766571501,1.372,1,False
687,4.612354363910826,3.4230415130354346,2.453777908321165,1.374,1,False
688,4.613006659453603,3.42386140288107,2.446550381421423,1.3760000000000001,1,False
689,4.613643001426233,3.4246716902503818,2.439324305793276,1.3780000000000001,1,False
690,4.614263330798815,3.425472371520379,2.432099801357724,1.3800000000000001,1,False
691,4.614867588541454,3.426263443068067,2.424876988035768,1.3820000000000001,1,False
692,4.615455715624252,3.4270449012704565,2.417655985748409,1.3840000000000001,1,False
693,4.616027653017313,3.427816742504554,2.4104369144166466,1.3860000000000001,1,False
694,4.616583341690738,3.428578963147367,2.40321989396148,1.3880000000000001,1,False
695,4.6171227226146305,3.4293315595759046,2.3960050443039127,1.3900000000000001,1,True
696,4.617645736759094,3.430074528167175,2.388792485364943,1.3920000000000001,1,False
697,4.618152325094229,3.4308078652981835,2.3815823370655718,1.3940000000000001,1,False
698,4.618642428590141,3.4315315673459406,2.374374719326799,1.3960000000000001,1,False
699,4.619115988216931,3.4322456306874525,2.367169752069626,1.3980000000000001,1,False
700,4.619572944944703,3.43295005169973,2.3599675552150536,1.4000000000000001,1,False
701,4.6200132397435585,3.433644826759778,2.352768248684081,1.4020000000000001,1,False
702,4.620436813583601,3.4343299522446067,2.34557195239771,1.4040000000000001,1,False
703,4.620843607434933,3.4350054245312216,2.3383787862769396,1.4060000000000001,1,False
704,4.621233562267658,3.435671239996633,2.3311888702427725,1.408,1,False
705,4.621606619051878,3.4363273950178477,2.324002324216207,1.41,1,False
706,4.621962718757696,3.4369738859718733,2.3168192681182433,1.412,1,False
707,4.622301802355215,3.437610709235719,2.309639821869884,1.414,1,False
708,4.622623810814536,3.4382378611863906,2.302464105392128,1.416,1,False
709,4.622928685105765,3.4388553382008986,2.2952922386059753,1.418,1,False
710,4.623216366199004,3.4394631366562507,2.288124341432429,1.42,1,False
711,4.623486795064353,3.440061252929453,2.2809605337924865,1.422,1,False
712,4.623739912671915,3.440649683397513,2.273800935607149,1.424,1,False
713,4.623975659991797,3.4412284244374414,2.2666456667974186,1.426,1,False
714,4.624193977994099,3.441797472426245,2.259494847284295,1.428,1,False
715,4.624394807648923,3.4423568237409308,2.2523485969887775,1.43,1,False
716,4.624578089926371,3.442906474758507,2.245207035831868,1.432,1,False
717,4.624743765796551,3.4434464218559837,2.238070283734566,1.434,1,False
718,4.62489177622956,3.4439766614103653,2.230938460617872,1.436,1,False
719,4.6250220621955025,3.4444971897986614,2.2238116864027875,1.438,1,False
720,4.625134564664483,3.4450080033978816,2.216690081010312,1.44,1,True
721,4.625229224606603,3.445509098585031,2.2095737643614464,1.442,1,False
722,4.625305982991964,3.4460004717371198,2.2024628563771906,1.444,1,False
723,4.6253647807906715,3.4464821192311548,2.1953574769785464,1.446,1,False
724,4.625405558972825,3.4469540374441436,2.1882577460865122,1.448,1,False
725,4.6254282585085305,3.4474162227530956,2.18116378362209,1.45,1,False
726,4.625432820367888,3.4478686715350166,2.1740757095062797,1.452,1,False
727,4.625419185521003,3.448311380166917,2.1669936436600827,1.454,1,False
728,4.625387294937975,3.4487443450258026,2.1599177060044976,1.456,1,False
729,4.625337089588911,3.4491675624886837,2.152848016460527,1.458,1,False
730,4.625268510443911,3.4495810289325664,2.1457846949491697,1.46,1,False
731,4.625181498473077,3.449984740734458,2.138727861391427,1.462,1,False
732,4.625075994646513,3.450378694271368,2.131677635708299,1.464,1,False
733,4.624951939934322,3.4507628859203034,2.1246341378207863,1.466,1,False
734,4.624809275306606,3.451137312058273,2.1175974876498898,1.468,1,False
735,4.624647941733469,3.451501969062284,2.110567805116609,1.47,1,False
736,4.624467880185012,3.4518568533093457,2.103545210141945,1.472,1,False
737,4.62426903163134,3.4522019611764643,2.096529822646899,1.474,1,False
738,4.6240513370425536,3.452537289040648,2.0895217625524696,1.476,1,False
739,4.623814737388757,3.452862833278906,2.0825211497796587,1.478,1,False
740,4.623559173640052,3.4531785902682453,2.0755281042494667,1.48,1,False
741,4.623284586766542,3.453484556385673,2.068542745882893,1.482,1,False
742,4.622990917738329,3.453780728008199,2.0615651946009392,1.484,1,False
743,4.622678107525517,3.45406710151283,2.0545955703246053,1.486,1,False
744,4.622346097098209,3.454343673276574,2.0476339929748923,1.488,1,False
745,4.621994827426504,3.45461043967644,2.0406805824727994,1.49,1,True
746,4.62162423948051,3.4548673970894335,2.033735458739328,1.492,1,False
747,4.621234274230327,3.4551145418925655,2.0267987416954787,1.494,1,False
748,4.620824872646058,3.4553518704628416,2.019870551262252,1.496,1,False
749,4.620395975697806,3.45557937917727,2.012951007360648,1.498,1,False
750,4.619947524355674,3.4557970644128604,2.006040229911666,1.5,1,False
751,4.619479459589764,3.45600492254662,1.9991383388363089,1.502,1,False
752,4.61899172237018,3.4562029499555553,1.9922454540555758,1.504,1,False
753,4.618484253667023,3.456391143016676,1.9853616954904674,1.506,1,False
754,4.617956994450397,3.4565694981069885,1.978487183061983,1.508,1,False
755,4.617409885690406,3.4567380116035022,1.9716220366911255,1.51,1,False
756,4.616842868357148,3.456896679883224,1.9647663762988934,1.512,1,False
757,4.616255883420733,3.4570454993231623,1.9579203218062875,1.514,1,False
758,4.615648871851256,3.457184466300324,1.9510839931343087,1.516,1,False
759,4.615021774618827,3.4573135771917203,1.944257510203958,1.518,1,False
760,4.614374532693544,3.4574328283743556,1.9374409929362342,1.52,1,False
761,4.613707087045513,3.4575422162252396,1.9306345612521394,1.522,1,False
762,4.613019378644832,3.457641737121379,1.9238383350726733,1.524,1,False
763,4.612311348461608,3.457731387439783,1.917052434318836,1.526,1,False
764,4.6115829374659425,3.457811163557459,1.910276978911629,1.528,1,False
765,4.6108340866279365,3.4578810618514133,1.9035120887720514,1.53,1,False
766,4.610064736917697,3.457941078698658,1.8967578838211052,1.532,1,False
767,4.609274829305323,3.4579912104761976,1.89001448397979,1.534,1,False
768,4.608464304760918,3.4580314535610412,1.8832820091691063,1.536,1,False
769,4.607633104254587,3.458061804330196,1.8765605793100546,1.538,1,False
770,4.60678116875643,3.4580822591606712,1.8698503143236351,1.54,1,True
771,4.605908439236552,3.4580928144294742,1.8631513341308492,1.542,1,False
772,4.605014856665053,3.4580934665136116,1.8564637586526962,1.544,1,False
773,4.604100362012037,3.4580842117900925,1.8497877078101772,1.546,1,False
774,4.603164896247608,3.4580650466359257,1.8431233015242927,1.548,1,False
775,4.602208400341868,3.4580359674281187,1.8364706597160432,1.55,1,False
776,4.601230815264921,3.4579969705436775,1.8298299023064288,1.552,1,False
777,4.600232081986865,3.4579480523596127,1.8232011492164502,1.554,1,False
778,4.59921214147781,3.4578892092529316,1.8165845203671078,1.556,1,False
779,4.598170934707852,3.4578204376006405,1.809980135679402,1.558,1,False
780,4.597108402647099,3.45774173377975,1.8033881150743336,1.56,1,False
781,4.596024486265649,3.4576530941672643,1.7968085784729024,1.562,1,False
782,4.594919126533609,3.4575545151401954,1.7902416457961101,1.564,1,False
783,4.59379226442108,3.457445993075549,1.7836874369649556,1.566,1,False
784,4.592643840898165,3.4573275243503327,1.77714607190044,1.568,1,False
785,4.591473796934965,3.457199105341555,1.7706176705235643,1.57,1,False
786,4.5902820735015855,3.4570607324262257,1.7641023527553283,1.572,1,False
787,4.589068611568129,3.45691240198135,1.7576002385167333,1.574,1,False
788,4.5878333521046955,3.456754110383938,1.7511114477287786,1.576,1,False
789,4.586576236081391,3.4565858540109953,1.7446361003124655,1.578,1,False
790,4.585297204468316,3.4564076292395316,1.738174316188794,1.58,1,False
791,4.583996198235575,3.456219432446555,1.731726215278765,1.582,1,False
792,4.582673158353268,3.4560212600090714,1.7252919175033785,1.584,1,False
793,4.581328025791503,3.4558131083040915,1.7188715427836354,1.586,1,False
794,4.579960741520376,3.455594973708621,1.7124652110405354,1.588,1,False
795,4.578571246509996,3.4553668525996692,1.7060730421950798,1.59,1,True
796,4.577159481730462,3.4551287413542435,1.699695156168269,1.592,1,False
797,4.575725388151877,3.4548806363493516,1.6933316728811032,1.594,1,False
798,4.574268906744345,3.454622533962002,1.6869827122545833,1.596,1,False
799,4.572789978477967,3.454354430569202,1.6806483942097084,1.598,1,False
800,4.571288544322849,3.4540763225479596,1.6743288386674806,1.6,1,False
801,4.569764545249091,3.4537882062752847,1.6680241655488999,1.602,1,False
802,4.568217922226798,3.453490078128183,1.6617344947749666,1.604,1,False
803,4.566648616226071,3.4531819344836636,1.6554599462666808,1.606,1,False
804,4.565056568217012,3.4528637717187323,1.6492006399450432,1.608,1,False
805,4.563441719169726,3.4525355862103995,1.6429566957310549,1.61,1,False
806,4.5618040100543125,3.4521973743356726,1.636728233545715,1.612,1,False
807,4.560143381840878,3.451849132471559,1.6305153733100255,1.614,1,False
808,4.558459775499524,3.4514908569950666,1.624318234944986,1.616,1,False
809,4.5567531320003525,3.4511225442832045,1.6181369383715973,1.618,1,False
810,4.555023392313467,3.450744190712979,1.6119716035108593,1.62,1,False
811,4.55327049740897,3.4503557926613984,1.6058223502837727,1.622,1,False
812,4.551494388256964,3.4499573465054714,1.599689298611339,1.624,1,False
813,4.549695005827554,3.4495488486222063,1.5935725684145574,1.6260000000000001,1,False
814,4.547872291090837,3.449130295388609,1.5874722796144276,1.6280000000000001,1,False
815,4.546026185016922,3.4487016831816897,1.581388552131953,1.6300000000000001,1,False
816,4.54415662857591,3.4482630083784556,1.5753215058881316,1.6320000000000001,1,False
817,4.542263562737901,3.4478142673559136,1.5692712608039643,1.6340000000000001,1,False
818,4.540346928473,3.447355456491073,1.563237936800452,1.6360000000000001,1,False
819,4.538406666751311,3.4468865721609414,1.5572216537985948,1.6380000000000001,1,False
820,4.536442718542935,3.446407610742526,1.5512225317193935,1.6400000000000001,1,True
821,4.5344550248179765,3.4459185686128366,1.545240690483849,1.6420000000000001,1,False
822,4.532443526546534,3.445419442148878,1.5392762500129602,1.6440000000000001,1,False
823,4.530408164698716,3.444910227727662,1.533329330227729,1.6460000000000001,1,False
824,4.528348880244621,3.4443909217261934,1.5274000510491554,1.6480000000000001,1,False
825,4.526265614154352,3.443861520521481,1.5214885323982392,1.6500000000000001,1,False
826,4.5241583073980145,3.443322020490533,1.515594894195982,1.6520000000000001,1,False
827,4.52202690094571,3.4427724180103585,1.5097192563633843,1.6540000000000001,1,False
828,4.519871335767541,3.442212709457964,1.5038617388214457,1.6560000000000001,1,False
829,4.517691552833611,3.441642891210357,1.4980224614911672,1.6580000000000001,1,False
830,4.515487493114021,3.441062959644547,1.492201544293549,1.6600000000000001,1,False
831,4.5132590975788744,3.4404729111375403,1.4863991071495914,1.6620000000000001,1,False
832,4.511006307198276,3.439872742066346,1.480615269980295,1.6640000000000001,1,False
833,4.508729062942326,3.4392624488079724,1.4748501527066615,1.666,1,False
834,4.506427305781128,3.4386420277394256,1.4691038752496894,1.668,1,False
835,4.504100976684786,3.438011475237716,1.4633765575303797,1.67,1,False
836,4.5017500166234,3.43737078767985,1.4576683194697335,1.672,1,False
837,4.499374366567076,3.436719961442835,1.451979280988751,1.674,1,False
838,4.496973967485914,3.43605899290368,1.4463095620084325,1.676,1,False
839,4.494548760350019,3.4353878784393936,1.4406592824497788,1.678,1,False
840,4.492098686129492,3.4347066144269816,1.4350285622337897,1.68,1,False
841,4.489623685794436,3.434015197243453,1.4294175212814664,1.682,1,False
842,4.487123700314956,3.4333136232658172,1.423826279513809,1.684,1,False
843,4.484598670661152,3.43260188887108,1.4182549568518183,1.686,1,False
844,4.482048537803128,3.4318799904362507,1.4127036732164941,1.688,1,False
845,4.479473242710986,3.431147924338336,1.4071725485288369,1.69,1,True
846,4.47687272635483,3.4304056869543444,1.4016617027098484,1.692,1,False
847,4.474246929704761,3.429653274661285,1.3961712556805277,1.694,1,False
848,4.471595793730884,3.4288906838361637,1.3907013273618758,1.696,1,False
849,4.468919259403301,3.4281179108559905,1.3852520376748931,1.698,1,False
850,4.466217267692113,3.427334952097772,1.3798235065405802,1.7,1,False
851,4.463489759567426,3.426541803938517,1.3744158538799374,1.702,1,False
852,4.46073667599934,3.425738462755232,1.3690291996139652,1.704,1,False
853,4.457957957957959,3.424924924924926,1.3636636636636639,1.706,1,False
854,4.455153576371207,3.4241011998717785,1.3583193401020393,1.708,1,False
855,4.452323621998295,3.4232673492086505,1.3529962196101155,1.71,1,False
856,4.449468215556256,3.4224234475955777,1.3476942670209218,1.712,1,False
857,4.4465874777621215,3.4215695696925934,1.3424134471674887,1.714,1,False
858,4.443681529332923,3.4207057901597286,1.337153724882844,1.716,1,False
859,4.440750490985697,3.419832183657021,1.331915065000019,1.718,1,False
860,4.437794483437474,3.4189488248445024,1.326697432352042,1.72,1,False
861,4.434813627405286,3.4180557883822074,1.3215007917719426,1.722,1,False
862,4.431808043606166,3.417153148930168,1.3163251080927503,1.724,1,False
863,4.428777852757145,3.416240981148419,1.3111703461474942,1.726,1,False
864,4.425723175575261,3.4153193596969964,1.306036470769205,1.728,1,False
865,4.422644132777538,3.41438835923593,1.3009234467909105,1.73,1,False
866,4.419540845081015,3.4134480544252552,1.295831239045641,1.732,1,False
867,4.416413433202724,3.4124985199250064,1.2907598123664261,1.734,1,False
868,4.4132620178596955,3.411539830395218,1.2857091315862952,1.736,1,False
869,4.4100867197689615,3.4105720604959204,1.2806791615382773,1.738,1,False
870,4.406887659647556,3.4095952848871494,1.2756698670554019,1.74,1,True
871,4.403664958212514,3.408609578228941,1.270681212970699,1.742,1,False
872,4.400418736180864,3.407615015181326,1.2657131641171975,1.744,1,False
873,4.397149114269639,3.406611670404338,1.260765685327927,1.746,1,False
874,4.393856213195874,3.405599618558012,1.2558387414359173,1.748,1,False
875,4.390540153676598,3.4045789343023816,1.250932297274197,1.75,1,False
876,4.3872010564288475,3.4035496922974806,1.2460463176757965,1.752,1,False
877,4.383839042169654,3.4025119672033424,1.241180767473745,1.754,1,False
878,4.380454231616046,3.40146583368,1.2363356115010713,1.756,1,False
879,4.377046745485063,3.400411366387489,1.2315108145908058,1.758,1,False
880,4.373616704493732,3.399348639985842,1.2267063415759771,1.76,1,False
881,4.370164229359089,3.398277729135093,1.2219221572896157,1.762,1,False
882,4.366689440798164,3.3971987084952753,1.2171582265647498,1.764,1,False
883,4.3631924595279905,3.396111652726423,1.2124145142344094,1.766,1,False
884,4.3596734062656015,3.3950166364885703,1.2076909851316242,1.768,1,False
885,4.35613240172803,3.3939137344417505,1.2029876040894234,1.77,1,False
886,4.352569566632306,3.3928030212459963,1.1983043359408363,1.772,1,False
887,4.348985021695465,3.391684571561343,1.1936411455188924,1.774,1,False
888,4.3453788876345385,3.390558460047824,1.1889979976566218,1.776,1,False
889,4.341751285166558,3.3894247613654716,1.1843748571870532,1.778,1,False
890,4.338102335008556,3.388283550174321,1.1797716889432162,1.78,1,False
891,4.334432157877569,3.3871349011344076,1.1751884577581404,1.782,1,False
892,4.330740874490625,3.3859788889057616,1.1706251284648552,1.784,1,False
893,4.327028605564758,3.3848155881484185,1.1660816658963897,1.786,1,False
894,4.323295471817001,3.383645073522412,1.1615580348857737,1.788,1,False
895,4.319541593964386,3.3824674196877766,1.157054200266037,1.79,1,True
896,4.315767092723946,3.381282701304545,1.1525701268702082,1.792,1,False
897,4.311972088812714,3.380090993032751,1.1481057795313176,1.794,1,False
898,4.308156702947721,3.378892369532428,1.1436611230823943,1.796,1,False
899,4.304321055846001,3.377686905463611,1.1392361223564673,1.798,1,False
900,4.300465268224587,3.376474675486333,1.1348307421865669,1.8,1,False
901,4.296589460800509,3.3752557542606265,1.1304449474057217,1.802,1,False
902,4.2926937542908,3.374030216446527,1.1260787028469614,1.804,1,False
903,4.2887782694124965,3.372798136704068,1.121731973343316,1.806,1,False
904,4.284843126882627,3.3715595896932835,1.1174047237278142,1.808,1,False
905,4.280888447418225,3.370314650074206,1.113096918833486,1.81,1,False
906,4.276914351736324,3.3690633925068703,1.1088085234933607,1.812,1,False
907,4.2729209605539555,3.3678058916513094,1.1045395025404674,1.814,1,False
908,4.268908394588154,3.366542222167559,1.1002898208078364,1.816,1,False
909,4.2648767745559475,3.365272458715649,1.096059443128496,1.818,1,False
910,4.260826221174374,3.363996675955617,1.0918483343354766,1.82,1,False
911,4.256756855160463,3.3627149485474943,1.0876564592618068,1.822,1,False
912,4.252668797231248,3.361427351151317,1.0834837827405168,1.824,1,False
913,4.248562168103762,3.3601339584271153,1.0793302696046359,1.826,1,False
914,4.244437088495035,3.3588348450349255,1.075195884687193,1.828,1,False
915,4.240293679122102,3.357530085634782,1.0710805928212188,1.83,1,False
916,4.236132060701996,3.356219754886717,1.0669843588397414,1.832,1,False
917,4.231952353951747,3.3549039274507644,1.0629071475757905,1.834,1,False
918,4.227754679588388,3.353582677986957,1.0588489238623957,1.836,1,False
919,4.223539158328956,3.3522560811553315,1.0548096525325874,1.838,1,False
920,4.219305910890478,3.350924211615919,1.0507892984193934,1.84,1,True
921,4.215055057989989,3.349587144028754,1.0467878263558443,1.842,1,False
922,4.210786720344521,3.348244953053871,1.0428052011749693,1.844,1,False
923,4.206501018671108,3.3468977133513027,1.0388413877097975,1.846,1,False
924,4.2021980736867794,3.3455454995810836,1.0348963507933588,1.848,1,False
925,4.197878006108571,3.3441883864032467,1.0309700552586822,1.85,1,False
926,4.193540936653514,3.3428264484778256,1.0270624659387975,1.852,1,False
927,4.18918698603864,3.3414597604648555,1.0231735476667343,1.854,1,False
928,4.184816274980984,3.3400883970243687,1.0193032652755214,1.856,1,False
929,4.180428924197577,3.3387124328163997,1.015451583598189,1.858,1,False
930,4.17602505440545,3.337331942500981,1.0116184674677657,1.86,1,False
931,4.171604786321642,3.335947000738149,1.007803881717282,1.862,1,False
932,4.167168240663177,3.3345576821879357,1.0040077911797667,1.864,1,False
933,4.16271553814709,3.3331640615103737,1.0002301606882487,1.866,1,False
934,4.158246799490416,3.331766213365498,0.9964709550757584,1.868,1,False
935,4.153762145410189,3.330364212413344,0.9927301391753254,1.87,1,False
936,4.149261696623436,3.3289581333139417,0.9890076778199781,1.872,1,False
937,4.144745573847194,3.327548050727328,0.9853035358427468,1.874,1,False
938,4.140213897798495,3.3261340393135352,0.9816176780766607,1.8760000000000001,1,False
939,4.13566678919437,3.324716173732598,0.9779500693547492,1.8780000000000001,1,False
940,4.131104368751853,3.323294528644549,0.9743006745100417,1.8800000000000001,1,False
941,4.126526757187974,3.3218691787094223,0.9706694583755675,1.8820000000000001,1,False
942,4.121934075219767,3.3204401985872507,0.9670563857843563,1.8840000000000001,1,False
943,4.117326443564267,3.319007662938071,0.9634614215694378,1.8860000000000001,1,False
944,4.112703982938505,3.3175716464219165,0.9598845305638414,1.8880000000000001,1,False
945,4.1080668140595105,3.3161322236988164,0.9563256776005956,1.8900000000000001,1,True
946,4.103415057644319,3.3146894694288074,0.9527848275127306,1.8920000000000001,1,False
947,4.098748834409963,3.313243458271925,0.9492619451332761,1.8940000000000001,1,False
948,4.094068265073475,3.3117942648882006,0.9457569952952612,1.8960000000000001,1,False
949,4.089373470351888,3.3103419639376686,0.9422699428317157,1.8980000000000001,1,False
950,4.084664570962233,3.308886630080363,0.9388007525756683,1.9000000000000001,1,False
951,4.079941687621544,3.3074283379763174,0.9353493893601491,1.9020000000000001,1,False
952,4.075204941046852,3.305967162285565,0.9319158180181873,1.9040000000000001,1,False
953,4.070454451955192,3.3045031776681406,0.9285000033828125,1.9060000000000001,1,False
954,4.065690341063593,3.303036458784076,0.9251019102870538,1.9080000000000001,1,False
955,4.0609127290890905,3.3015670802934074,0.921721503563941,1.9100000000000001,1,False
956,4.056121736748717,3.300095116856168,0.9183587480465036,1.9120000000000001,1,False
957,4.051317484759504,3.29862064313239,0.9150136085677707,1.9140000000000001,1,False
958,4.046500093838483,3.297143733782108,0.9116860499607716,1.9160000000000001,1,False
959,4.041669684702687,3.2956644634653562,0.9083760370585365,1.9180000000000001,1,False
960,4.036826378069153,3.2941829068421686,0.9050835346940949,1.92,1,False
961,4.031970294654906,3.292699138572577,0.9018085077004749,1.922,1,False
962,4.027101555176986,3.291213233316617,0.8985509209107072,1.924,1,False
963,4.02222028035242,3.289725265734322,0.8953107391578209,1.926,1,False
964,4.017326590898243,3.2882353104857263,0.8920879272748453,1.928,1,False
965,4.012420607531488,3.2867434422308626,0.8888824500948103,1.93,1,False
966,4.007502450969185,3.285249735629764,0.8856942724507444,1.932,1,False
967,4.002572241928368,3.2837542653424654,0.8825233591756778,1.934,1,False
968,3.997630101126071,3.2822571060290007,0.87936967510264,1.936,1,False
969,3.9926761492793252,3.280758332349403,0.87623318506466,1.938,1,False
970,3.987710507105163,3.279258018963707,0.8731138538947678,1.94,1,True
971,3.9827332953206174,3.2777562405319447,0.8700116464259924,1.942,1,False
972,3.977744634642722,3.2762530717141525,0.8669265274913637,1.944,1,False
973,3.972744645788507,3.2747485871703614,0.8638584619239105,1.946,1,False
974,3.9677334494750056,3.2732428615606057,0.8608074145566627,1.948,1,False
975,3.9627111664192523,3.2717359695449213,0.8577733502226496,1.95,1,False
976,3.957677917338278,3.27022798578334,0.8547562337549007,1.952,1,False
977,3.9526338229491156,3.2687189849358957,0.8517560299864456,1.954,1,False
978,3.947579003968796,3.267209041662622,0.8487727037503133,1.956,1,False
979,3.9425135811143543,3.2656982306235527,0.8458062198795336,1.958,1,False
980,3.9374376751028235,3.264186626478723,0.8428565432071362,1.96,1,False
981,3.932351406651233,3.262674303888164,0.8399236385661499,1.962,1,False
982,3.9272548964766183,3.2611613375119144,0.8370074707896047,1.964,1,False
983,3.922148265296009,3.259647802010001,0.8341080047105297,1.966,1,False
984,3.9170316338264404,3.2581337720424615,0.8312252051619543,1.968,1,False
985,3.911905122784945,3.2566193222693305,0.8283590369769084,1.97,1,False
986,3.9067688528885522,3.255104527350639,0.825509464988421,1.972,1,False
987,3.901622944854298,3.2535894619464227,0.8226764540295216,1.974,1,False
988,3.896467519399213,3.2520742007167143,0.8198599689332399,1.976,1,False
989,3.891302697240333,3.25055881832155,0.8170599745326056,1.978,1,False
990,3.886128599094685,3.249043389420959,0.8142764356606472,1.98,1,False
991,3.880945345679305,3.247527988674979,0.8115093171503949,1.982,1,False
992,3.8757530577112265,3.2460126907436426,0.808758583834878,1.984,1,False
993,3.870551855907481,3.244497570286984,0.806024200547126,1.986,1,False
994,3.8653418609850996,3.2429827019650346,0.8033061321201681,1.988,1,False
995,3.860123193661116,3.24146816043783,0.8006043433870339,1.99,1,True
996,3.8548959746525635,3.239954020365404,0.7979187991807529,1.992,1,False
997,3.8496603246764733,3.238440356407791,0.7952494643343546,1.994,1,False
998,3.844416364449879,3.236927243225023,0.7925963036808682,1.996,1,False
999,3.839164214689812,3.235414755477134,0.7899592820533233,1.998,1,False
1000,3.833903996113306,3.233902967824159,0.7873383642847492,2.0,1,False
1001,3.8286358294373923,3.2323919549261317,0.7847335152081756,2.0020000000000002,1,False
1002,3.823359835379106,3.230881791443085,0.782144699656632,2.004,1,False
1003,3.8180761346554766,3.2293725520350525,0.7795718824631475,2.0060000000000002,1,False
1004,3.81278484798354,3.2278643113620684,0.7770150284607522,2.008,1,False
1005,3.807486096080325,3.2263571440841665,0.7744741024824744,2.0100000000000002,1,False
1006,3.8021799996628665,3.2248511248613805,0.7719490693613448,2.012,1,False
1007,3.796866679448196,3.223346328353743,0.7694398939303917,2.0140000000000002,1,False
1008,3.7915462561533464,3.221842829221289,0.7669465410226457,2.016,1,False
1009,3.786218850495351,3.220340702124053,0.7644689754711351,2.0180000000000002,1,False
1010,3.7808845831912428,3.218840021722068,0.7620071621088905,2.02,1,False
1011,3.7755435749580504,3.2173408626753663,0.7595610657689402,2.0220000000000002,1,False
1012,3.7701959465128114,3.215843299643983,0.7571306512843148,2.024,1,False
1013,3.7648418185725556,3.214347407287952,0.7547158834880426,2.0260000000000002,1,False
1014,3.759481311854317,3.212853260267307,0.7523167272131542,2.028,1,False
1015,3.7541145470751256,3.2113609332420814,0.7499331472926779,2.0300000000000002,1,False
1016,3.748741644952017,3.209870500872308,0.7475651085596442,2.032,1,False
1017,3.7433627262020215,3.208382037818022,0.7452125758470816,2.0340000000000003,1,False
1018,3.737977911542174,3.2068956187392583,0.7428755139880204,2.036,1,False
1019,3.732587321689504,3.2054113182960475,0.7405538878154893,2.0380000000000003,1,False
1020,3.7271910773610477,3.203929211148425,0.7382476621625186,2.04,1,True
1021,3.721789299273833,3.2024493719564244,0.7359568018621365,2.0420000000000003,1,False
1022,3.7163821081448973,3.2009718753800795,0.733681271747374,2.044,1,False
1023,3.7109696246912702,3.1994967960794245,0.7314210366512591,2.0460000000000003,1,False
1024,3.705551969629985,3.1980242087144926,0.7291760614068222,2.048,1,False
1025,3.7001292636780754,3.1965541879453183,0.7269463108470928,2.05,1,False
1026,3.69470162755257,3.195086808431933,0.724731749805099,2.052,1,False
1027,3.689269181970507,3.193622144834373,0.7225323431138724,2.054,1,False
1028,3.6838320476489153,3.1921602718126714,0.7203480556064404,2.056,1,False
1029,3.678390345304828,3.1907012640268615,0.7181788521158339,2.058,1,False
1030,3.672944195655278,3.189245196136977,0.7160246974750814,2.06,1,False
1031,3.6674937194172976,3.187792142803052,0.713885556517213,2.062,1,False
1032,3.66203903730792,3.1863421786851194,0.7117613940752574,2.064,1,False
1033,3.656580270044178,3.184895378443214,0.709652174982245,2.066,1,False
1034,3.651117538343102,3.1834518167373704,0.7075578640712046,2.068,1,False
1035,3.645650962921726,3.1820115682276193,0.7054784261751659,2.07,1,False
1036,3.6401806644970827,3.1805747075739976,0.703413826127158,2.072,1,False
1037,3.6347067637862067,3.1791413094365377,0.701364028760211,2.074,1,False
1038,3.629229381506126,3.1777114484752724,0.6993289989073537,2.076,1,False
1039,3.6237486383738764,3.1762851993502372,0.6973087014016159,2.078,1,False
1040,3.6182646551064885,3.174862636721464,0.6953031010760268,2.08,1,False
1041,3.612777552420998,3.1734438352489898,0.6933121627636163,2.082,1,False
1042,3.607287451034434,3.1720288695928445,0.6913358512974133,2.084,1,False
1043,3.6017944716638315,3.170617814413064,0.6893741315104479,2.086,1,False
1044,3.596298735026221,3.1692107443696815,0.6874269682357486,2.088,1,False
1045,3.5908003618386366,3.1678077341227304,0.6854943263063458,2.09,1,True
1046,3.5852994728181105,3.1664088583322454,0.6835761705552682,2.092,1,False
1047,3.5797961886816747,3.165014191658259,0.6816724658155461,2.094,1,False
1048,3.574290630146362,3.163623808760806,0.6797831769202078,2.096,1,False
1049,3.568782917929205,3.1622377842999194,0.677908268702284,2.098,1,False
1050,3.563273172747236,3.1608561929356336,0.6760477059948031,2.1,1,False
1051,3.5577615153174906,3.159479109327983,0.6742014536307953,2.102,1,False
1052,3.552248066356995,3.1581066081369986,0.6723694764432895,2.104,1,False
1053,3.5467329465827886,3.1567387640227165,0.6705517392653155,2.106,1,False
1054,3.541216276711898,3.1553756516451696,0.6687482069299024,2.108,1,False
1055,3.53569817746136,3.1540173456643923,0.6669588442700802,2.11,1,False
1056,3.5301787695482054,3.152663920740418,0.6651836161188778,2.112,1,False
1057,3.524658173689468,3.1513154515332813,0.6634224873093253,2.114,1,False
1058,3.5191365106021775,3.149972012703014,0.6616754226744512,2.116,1,False
1059,3.51361390100337,3.148633678909651,0.6599423870472858,2.118,1,False
1060,3.508090465610075,3.1473005248132258,0.6582233452608579,2.12,1,False
1061,3.5025663251393286,3.1459726250737727,0.6565182621481978,2.122,1,False
1062,3.4970416003081595,3.1446500543513247,0.6548271025423339,2.124,1,False
1063,3.491516411833604,3.1433328873059163,0.6531498312762966,2.126,1,False
1064,3.48599088043269,3.1420211985975803,0.6514864131831145,2.128,1,False
1065,3.4804651268224536,3.14071506288635,0.6498368130958175,2.13,1,False
1066,3.474939271719926,3.1394145548322614,0.6482009958474351,2.132,1,False
1067,3.4694134358421422,3.1381197490953476,0.646578926270997,2.134,1,False
1068,3.4638877399061303,3.1368307203356403,0.6449705691995318,2.136,1,False
1069,3.4583623046289267,3.1355475432131747,0.6433758894660696,2.138,1,False
1070,3.4528372507275615,3.134270292387985,0.6417948519036396,2.14,1,True
1071,3.4473126989190694,3.132999042520104,0.6402274213452716,2.142,1,False
1072,3.441788769920482,3.1317338682695657,0.6386735626239947,2.144,1,False
1073,3.4362655844488312,3.1304748442964048,0.6371332405728384,2.146,1,False
1074,3.4307432632211494,3.129222045260654,0.635606420024832,2.148,1,False
1075,3.4252219269544715,3.1279755458223466,0.6340930658130055,2.15,1,False
1076,3.419701696365827,3.126735420641518,0.6325931427703878,2.152,1,False
1077,3.4141826921722513,3.1255017443782003,0.6311066157300087,2.154,1,False
1078,3.408665035090774,3.1242745916924277,0.629633449524897,2.156,1,False
1079,3.4031488458384302,3.123054037244235,0.6281736089880833,2.158,1,False
1080,3.3976342451322505,3.121840155693654,0.6267270589525957,2.16,1,False
1081,3.39212135368927,3.12063302170072,0.6252937642514649,2.162,1,False
1082,3.3866102922265178,3.1194327099254666,0.6238736897177194,2.164,1,False
1083,3.38110118146103,3.1182392950279274,0.6224668001843893,2.166,1,False
1084,3.375594142109835,3.1170528516681353,0.6210730604845036,2.168,1,False
1085,3.3700892948899703,3.1158734545061253,0.619692435451092,2.17,1,False
1086,3.364586760518465,3.1147011782019303,0.6183248899171837,2.172,1,False
1087,3.359086659712352,3.113536097415583,0.6169703887158086,2.174,1,False
1088,3.353589113188665,3.1123782868071204,0.6156288966799955,2.176,1,False
1089,3.348094241664437,3.111227821036574,0.6143003786427745,2.178,1,False
1090,3.3426021658566976,3.1100847747639766,0.6129847994371745,2.18,1,False
1091,3.3371130064824825,3.108949222649364,0.6116821238962256,2.182,1,False
1092,3.3316268842588226,3.107821239352768,0.6103923168529563,2.184,1,False
1093,3.326143919902752,3.106700899534225,0.6091153431403971,2.186,1,False
1094,3.320664234131301,3.105588277853767,0.6078511675915766,2.188,1,False
1095,3.315187947661504,3.1044834489714273,0.6065997550395249,2.19,1,True
1096,3.309715181210392,3.1033864875472412,0.6053610703172709,2.192,1,False
1097,3.3042460554950006,3.1022974682412414,0.6041350782578445,2.194,1,False
1098,3.2987806912323583,3.1012164657134607,0.6029217436942749,2.196,1,False
1099,3.2933192091395,3.1001435546239344,0.6017210314595914,2.198,1,False
1100,3.287861729933458,3.099078809632696,0.6005329063868237,2.2,1,False
1101,3.2824083743312653,3.098022305399779,0.5993573333090014,2.202,1,False
1102,3.2769592630499527,3.0969741165852174,0.5981942770591535,2.204,1,False
1103,3.271514516806555,3.095934317849044,0.5970437024703098,2.206,1,False
1104,3.2660742563181024,3.094902983851293,0.5959055743754995,2.208,1,False
1105,3.2606386023016296,3.093880189251999,0.5947798576077523,2.21,1,False
1106,3.255207675474167,3.0928660087111943,0.5936665170000973,2.212,1,False
1107,3.2497815965527503,3.091860516888915,0.5925655173855645,2.214,1,False
1108,3.2443604862544086,3.090863788445192,0.5914768235971828,2.216,1,False
1109,3.238944465296178,3.0898758980400616,0.5904004004679821,2.218,1,False
1110,3.2335336543950874,3.0888969203335552,0.5893362128309914,2.22,1,False
1111,3.2281281742681713,3.087926929985708,0.5882842255192404,2.222,1,False
1112,3.2227281456324617,3.0869660016565534,0.5872444033657584,2.224,1,False
1113,3.2173336892049935,3.086014210006125,0.5862167112035754,2.226,1,False
1114,3.2119449257027948,3.085071629694457,0.5852011138657199,2.228,1,False
1115,3.206561975842902,3.0841383353815823,0.5841975761852222,2.23,1,False
1116,3.201184960342345,3.0832144017275347,0.5832060629951111,2.232,1,False
1117,3.1958139999181587,3.0822999033923497,0.5822265391284167,2.234,1,False
1118,3.1904492152873742,3.0813949150360593,0.5812589694181678,2.236,1,False
1119,3.185090727167024,3.080499511318697,0.5803033186973943,2.238,1,False
1120,3.1797386562741408,3.0796137669002976,0.5793595517991255,2.24,1,True
1121,3.1743931233257587,3.078737756440894,0.5784276335563907,2.242,1,False
1122,3.1690542490389073,3.077871554600522,0.5775075288022196,2.244,1,False
1123,3.1637221541306224,3.0770152360392125,0.5765992023696415,2.246,1,False
1124,3.1583969593179333,3.0761688754170007,0.5757026190916859,2.248,1,False
1125,3.153078785317876,3.075332547393921,0.5748177438013824,2.25,1,False
1126,3.14776775284748,3.0745063266300043,0.5739445413317601,2.2520000000000002,1,False
1127,3.1424639826237803,3.073690287785288,0.5730829765158487,2.254,1,False
1128,3.137167595363806,3.072884505519803,0.5722330141866774,2.2560000000000002,1,False
1129,3.1318787117845943,3.0720890544935853,0.5713946191772762,2.258,1,False
1130,3.126597452603174,3.071304009366666,0.5705677563206737,2.2600000000000002,1,False
1131,3.1213239385365807,3.0705294447990825,0.5697523904499002,2.262,1,False
1132,3.1160582903018432,3.0697654354508646,0.5689484863979846,2.2640000000000002,1,False
1133,3.110800628615998,3.0690120559820495,0.5681560089979567,2.266,1,False
1134,3.1055510741960752,3.0682693810526684,0.5673749230828455,2.2680000000000002,1,False
1135,3.1003097477591077,3.0675374853227564,0.5666051934856808,2.27,1,False
1136,3.0950767700221276,3.0668164434523466,0.565846785039492,2.2720000000000002,1,False
1137,3.0898522617021698,3.0661063301014724,0.5650996625773086,2.274,1,False
1138,3.084636343516265,3.065407219930169,0.5643637909321598,2.2760000000000002,1,False
1139,3.079429136181445,3.0647191875984685,0.5636391349370753,2.278,1,False
1140,3.0742307604147436,3.064042307766406,0.5629256594250844,2.2800000000000002,1,False
1141,3.0690413369331933,3.063376655094014,0.5622233292292168,2.282,1,False
1142,3.063860986453826,3.062722304241327,0.5615321091825015,2.2840000000000003,1,False
1143,3.0586898296936758,3.0620793298683795,0.5608519641179683,2.286,1,False
1144,3.053527987369773,3.061447806635203,0.5601828588686464,2.2880000000000003,1,False
1145,3.048375580199153,3.060827809201834,0.5595247582675658,2.29,1,True
1146,3.043232728898845,3.060219412228304,0.5588776271477551,2.2920000000000003,1,False
1147,3.0380995541858846,3.059622690374648,0.5582414303422445,2.294,1,False
1148,3.032976176777301,3.0590377183008988,0.557616132684063,2.2960000000000003,1,False
1149,3.0278627173901316,3.0584645706670917,0.5570016990062402,2.298,1,False
1150,3.0227592967414036,3.0579033221332588,0.5563980941418055,2.3000000000000003,1,False
1151,3.0176660355481535,3.0573540473594343,0.5558052829237884,2.302,1,False
1152,3.0125830545274113,3.056816821005652,0.5552232301852184,2.3040000000000003,1,False
1153,3.007510474396212,3.0562917177319457,0.5546519007591247,2.306,1,False
1154,3.0024484158715867,3.0557788121983496,0.5540912594785372,2.308,1,False
1155,2.997396999670567,3.055278179064897,0.5535412711764848,2.31,1,False
1156,2.9923563465101872,3.054789892991621,0.5530019006859973,2.312,1,False
1157,2.987326577107478,3.0543140286385566,0.552473112840104,2.314,1,False
1158,2.9823078121794753,3.0538506606657374,0.5519548724718347,2.316,1,False
1159,2.9773001724432078,3.0533998637331954,0.5514471444142184,2.318,1,False
1160,2.9723037786157107,3.0529617125009674,0.5509498935002847,2.32,1,False
1161,2.967318751414015,3.052536281629084,0.5504630845630629,2.322,1,False
1162,2.9623452115551543,3.052123645777581,0.5499866824355829,2.324,1,False
1163,2.95738327975616,3.051723879606491,0.5495206519508736,2.326,1,False
1164,2.9524330767340663,3.0513370577758487,0.5490649579419649,2.328,1,False
1165,2.947494723205904,3.050963254945687,0.5486195652418859,2.33,1,False
1166,2.9425683398887075,3.0506025457760404,0.5481844386836664,2.332,1,False
1167,2.9376540474995068,3.0502550049269415,0.5477595431003354,2.334,1,False
1168,2.9327519667553386,3.0499207070584258,0.547344843324923,2.336,1,False
1169,2.9278622183732304,3.0495997268305253,0.5469403041904578,2.338,1,False
1170,2.9229849230702185,3.049292138903276,0.54654589052997,2.34,1,True
1171,2.9181202015633336,3.048998017936708,0.5461615671764886,2.342,1,False
1172,2.913268174569609,3.048717438590858,0.5457872989630431,2.344,1,False
1173,2.908428962806076,3.048450475525759,0.5454230507226632,2.346,1,False
1174,2.9036026869897706,3.0481972034014446,0.545068787288378,2.348,1,False
1175,2.8987894678377213,3.04795769687795,0.5447244734932173,2.35,1,False
1176,2.8939894260669625,3.047732030615305,0.5443900741702103,2.352,1,False
1177,2.8892026823945267,3.047520279273547,0.5440655541523864,2.354,1,False
1178,2.884429357537447,3.0473225175127094,0.5437508782727756,2.356,1,False
1179,2.8796695722127543,3.0471388199928247,0.5434460113644066,2.358,1,False
1180,2.874923447137484,3.0469692613739268,0.5431509182603094,2.36,1,False
1181,2.870191103028665,3.0468139163160495,0.5428655637935129,2.362,1,False
1182,2.8654726606033325,3.0466728594792274,0.5425899127970472,2.364,1,False
1183,2.860768240578517,3.0465461655234938,0.5423239301039411,2.366,1,False
1184,2.8560779636712543,3.046433909108882,0.5420675805472246,2.368,1,False
1185,2.851401950598573,3.046336164895425,0.5418208289599267,2.37,1,False
1186,2.8467403220775083,3.0462530075431586,0.5415836401750772,2.372,1,False
1187,2.8420931988250926,3.0461845117121165,0.5413559790257054,2.374,1,False
1188,2.837460701558358,3.0461307520623304,0.5411378103448408,2.376,1,False
1189,2.832842950994336,3.0460918032538347,0.5409290989655127,2.378,1,False
1190,2.828240067850061,3.0460677399466642,0.5407298097207507,2.38,1,False
1191,2.8236521728425643,3.0460586368008524,0.5405399074435842,2.382,1,False
1192,2.81907938668888,3.0460645684764316,0.5403593569670427,2.384,1,False
1193,2.8145218301060377,3.0460856096334377,0.5401881231241555,2.386,1,False
1194,2.809979623811073,3.0461218349319017,0.5400261707479521,2.388,1,False
1195,2.8054528885210157,3.04617331903186,0.5398734646714621,2.39,1,True
1196,2.800941744952901,3.0462401365933456,0.5397299697277149,2.392,1,False
1197,2.79644631382376,3.046322362276392,0.5395956507497399,2.394,1,False
1198,2.7919667158506263,3.046420070741032,0.5394704725705664,2.396,1,False
1199,2.7875030717505305,3.0465333366473004,0.5393544000232239,2.398,1,False
1200,2.783055502240508,3.0466622346552312,0.5392473979407422,2.4,1,False
1201,2.778624128037588,3.046806839424858,0.5391494311561503,2.402,1,False
1202,2.7742090698588058,3.0469672256162132,0.5390604645024778,2.404,1,False
1203,2.7698104484211923,3.0471434678893337,0.5389804628127542,2.406,1,False
1204,2.765428384441781,3.047335640904249,0.5389093909200091,2.408,1,False
1205,2.761062998637603,3.047543819320996,0.5388472136572716,2.41,1,False
1206,2.756714411725695,3.0477680777996077,0.5387938958575714,2.412,1,False
1207,2.752382744423085,3.0480084910001173,0.5387494023539379,2.414,1,False
1208,2.7480681174468065,3.0482651335825586,0.5387136979794005,2.416,1,False
1209,2.743770651513892,3.0485380802069653,0.5386867475669884,2.418,1,False
1210,2.739490467341377,3.048827405533372,0.5386685159497315,2.42,1,False
1211,2.7352276856462896,3.049133184221811,0.538658967960659,2.422,1,False
1212,2.7309824271456664,3.0494554909323184,0.5386580684328006,2.424,1,False
1213,2.7267548125565373,3.049794400324925,0.5386657821991855,2.426,1,False
1214,2.7225449625959355,3.0501499870596662,0.5386820740928431,2.428,1,False
1215,2.718352997980894,3.0505223257965763,0.5387069089468032,2.43,1,False
1216,2.714179039428445,3.0509114911956883,0.5387402515940947,2.432,1,False
1217,2.7100232076556208,3.0513175579170353,0.5387820668677473,2.434,1,False
1218,2.705885623379454,3.0517406006206516,0.5388323196007906,2.436,1,False
1219,2.7017664073169785,3.0521806939665717,0.5388909746262541,2.438,1,False
1220,2.6976656801852257,3.052637912614828,0.5389579967771669,2.44,1,True
1221,2.6935835627012272,3.0531123312254556,0.5390333508865588,2.442,1,False
1222,2.689520175582018,3.053604024458487,0.5391170017874589,2.444,1,False
1223,2.6854756395446273,3.0541130669739567,0.539208914312897,2.446,1,False
1224,2.6814500753060924,3.054639533431898,0.5393090532959023,2.448,1,False
1225,2.67744360358344,3.0551834984923443,0.5394173835695042,2.45,1,False
1226,2.6734563450937086,3.055745036815331,0.5395338699667326,2.452,1,False
1227,2.669488420553925,3.0563242230608907,0.5396584773206163,2.454,1,False
1228,2.6655399506811266,3.056921131889056,0.5397911704641853,2.456,1,False
1229,2.6616110561923425,3.057535837959863,0.5399319142304687,2.458,1,False
1230,2.657701857804609,3.058168415933344,0.5400806734524961,2.46,1,False
1231,2.653812476234954,3.0588189404695334,0.540237412963297,2.462,1,False
1232,2.6499430322004147,3.0594874862284644,0.5404020975959007,2.464,1,False
1233,2.646093646418019,3.0601741278701704,0.5405746921833368,2.466,1,False
1234,2.642264439604804,3.060878940054685,0.5407551615586345,2.468,1,False
1235,2.6384555324777996,3.0616019974420445,0.5409434705548235,2.47,1,False
1236,2.634667045754038,3.0623433746922792,0.5411395840049331,2.472,1,False
1237,2.6308991001505535,3.0631031464654255,0.541343466741993,2.474,1,False
1238,2.6271518163843774,3.063881387421515,0.5415550835990321,2.476,1,False
1239,2.6234253151725424,3.064678172220583,0.5417743994090805,2.478,1,False
1240,2.6197197172320825,3.065493575522663,0.5420013790051671,2.48,1,False
1241,2.6160351432800275,3.066327671987788,0.542235987220322,2.482,1,False
1242,2.6123717140334133,3.067180536275993,0.5424781888875738,2.484,1,False
1243,2.6087295502092687,3.0680522430473096,0.5427279488399527,2.486,1,False
1244,2.605108772524629,3.0689428669617738,0.5429852319104876,2.488,1,False
1245,2.6015095016965253,3.069852482679418,0.5432500029322084,2.49,1,True
1246,2.5979318584419926,3.0707811648602763,0.5435222267381443,2.492,1,False
1247,2.5943759634780603,3.0717289881643834,0.5438018681613248,2.494,1,False
1248,2.590841937521763,3.072696027251771,0.5440888920347792,2.496,1,False
1249,2.5873299012901314,3.0736823567824754,0.5443832631915371,2.498,1,False
1250,2.583839975500201,3.0746880514165276,0.544684946464628,2.5,1,False
1251,2.5803722808690015,3.0757131858139632,0.5449939066870814,2.5020000000000002,1,False
1252,2.576926938113567,3.0767578346348157,0.5453101086919263,2.504,1,False
1253,2.5735040679509287,3.077822072539118,0.5456335173121927,2.5060000000000002,1,False
1254,2.5701037910981217,3.0789059741869043,0.5459640973809097,2.508,1,False
1255,2.566726228272175,3.0800096142382096,0.5463018137311071,2.5100000000000002,1,False
1256,2.5633715001901254,3.081133067353066,0.5466466311958139,2.512,1,False
1257,2.560039727569001,3.082276408191507,0.5469985146080598,2.5140000000000002,1,False
1258,2.556731031125838,3.083439711413568,0.5473574288008742,2.516,1,False
1259,2.5534455315776663,3.084623051679282,0.5477233386072866,2.5180000000000002,1,False
1260,2.5501833496415207,3.085826503648682,0.5480962088603266,2.52,1,False
1261,2.5469446060344314,3.087050141981802,0.5484760043930232,2.5220000000000002,1,False
1262,2.543729421473433,3.088294041338676,0.5488626900384062,2.524,1,False
1263,2.5405379166755573,3.089558276379339,0.5492562306295049,2.5260000000000002,1,False
1264,2.5373702123578368,3.0908429217638225,0.5496565909993487,2.528,1,False
1265,2.534226429237304,3.092148052152162,0.5500637359809674,2.5300000000000002,1,False
1266,2.531106688030992,3.0934737422043903,0.5504776304073901,2.532,1,False
1267,2.528011109455932,3.0948200665805414,0.5508982391116464,2.5340000000000003,1,False
1268,2.524939814229158,3.0961870999406487,0.5513255269267655,2.536,1,False
1269,2.5218929230677007,3.0975749169447457,0.551759458685777,2.5380000000000003,1,False
1270,2.518870556688597,3.098983592252869,0.5521999992217108,2.54,1,True
1271,2.515872835808874,3.100413200525048,0.5526471133675956,2.5420000000000003,1,False
1272,2.512899881145567,3.1018638164213193,0.5531007659564613,2.544,1,False
1273,2.509951813415709,3.103335514601716,0.5535609218213372,2.5460000000000003,1,False
1274,2.5070287533363316,3.1048283697262713,0.5540275457952528,2.548,1,False
1275,2.504130821624467,3.1063424564550197,0.5545006027112376,2.5500000000000003,1,False
1276,2.501258138997149,3.1078778494479935,0.5549800574023208,2.552,1,False
1277,2.498410826171408,3.109434623365228,0.5554658747015321,2.5540000000000003,1,False
1278,2.4955890038642794,3.1110128528667564,0.5559580194419007,2.556,1,False
1279,2.492792792792793,3.112612612612613,0.5564564564564565,2.5580000000000003,1,False
1280,2.490022283070786,3.1142339480297734,0.5569611552486411,2.56,1,False
1281,2.487277442399296,3.1158767876129803,0.5574721040035474,2.562,1,False
1282,2.4845582078761628,3.1175410306239195,0.5579892955766801,2.564,1,False
1283,2.481864516599229,3.119226576324276,0.5585127228235445,2.566,1,False
1284,2.4791963056663344,3.120933323975737,0.5590423785996458,2.568,1,False
1285,2.476553512175322,3.122661172839987,0.5595782557604889,2.57,1,False
1286,2.473936073224031,3.1244100221787114,0.5601203471615794,2.572,1,False
1287,2.4713439259103027,3.1261797712535957,0.5606686456584218,2.574,1,False
1288,2.468777007331978,3.1279703193263253,0.5612231441065215,2.576,1,False
1289,2.4662352545868993,3.129781565658587,0.5617838353613839,2.578,1,False
1290,2.463718604772905,3.131613409512065,0.5623507122785136,2.58,1,False
1291,2.461226994987837,3.133465750148443,0.5629237677134157,2.582,1,False
1292,2.4587603623295373,3.135338486829411,0.5635029945215959,2.584,1,False
1293,2.456318643895847,3.1372315188166517,0.5640883855585588,2.586,1,False
1294,2.453901776784605,3.1391447453718513,0.5646799336798098,2.588,1,False
1295,2.4515096980936537,3.1410780657566946,0.5652776317408538,2.59,1,True
1296,2.4491423449208343,3.143031379232866,0.565881472597196,2.592,1,False
1297,2.4467996543639874,3.145004585062055,0.5664914491043417,2.594,1,False
1298,2.4444815635209536,3.1469975825059437,0.5671075541177957,2.596,1,False
1299,2.4421880094895743,3.149010270826219,0.5677297804930632,2.598,1,False
1300,2.43991892936769,3.1510425492845657,0.5683581210856496,2.6,1,False
1301,2.4376742602531425,3.1530943171426693,0.5689925687510595,2.602,1,False
1302,2.4354539392437715,3.155165473662217,0.5696331163447985,2.604,1,False
1303,2.4332579034374198,3.1572559181048914,0.5702797567223715,2.606,1,False
1304,2.431086089931926,3.1593655497323803,0.5709324827392835,2.608,1,False
1305,2.428938435825134,3.1614942678063684,0.57159128725104,2.61,1,False
1306,2.4268148782148806,3.163641971588541,0.5722561631131456,2.612,1,False
1307,2.4247153541990114,3.1658085603405843,0.5729271031811057,2.614,1,False
1308,2.4226398008753645,3.1679939333241838,0.5736041003104257,2.616,1,False
1309,2.420588155341782,3.1701979898010246,0.5742871473566102,2.618,1,False
1310,2.4185603546961034,3.1724206290327914,0.5749762371751646,2.62,1,False
1311,2.4165563360361713,3.174661750281172,0.5756713626215938,2.622,1,False
1312,2.414576036459825,3.1769212528078485,0.5763725165514032,2.624,1,False
1313,2.4126193930649076,3.1791990358745092,0.5770796918200977,2.626,1,False
1314,2.410686342949259,3.18149499874284,0.5777928812831825,2.628,1,False
1315,2.40877682321072,3.1838090406745243,0.5785120777961628,2.63,1,False
1316,2.406890770947131,3.1861410609312495,0.5792372742145436,2.632,1,False
1317,2.4050281232563346,3.188490958774698,0.5799684633938299,2.634,1,False
1318,2.4031888172361695,3.1908586334665587,0.5807056381895269,2.636,1,False
1319,2.40137278998448,3.1932439842685167,0.58144879145714,2.638,1,False
1320,2.399579978599103,3.1956469104422567,0.5821979160521742,2.64,1,True
1321,2.397810320177882,3.1980673112494626,0.5829530048301339,2.642,1,False
1322,2.3960637518186587,3.2005050859518236,0.5837140506465256,2.644,1,False
1323,2.394340210619271,3.2029601338110214,0.5844810463568529,2.646,1,False
1324,2.392639633677563,3.2054323540887437,0.585253984816622,2.648,1,False
1325,2.3909619580913732,3.2079216460466755,0.5860328588813376,2.65,1,False
1326,2.389307120958544,3.210427908946503,0.5868176614065049,2.652,1,False
1327,2.3876750593769165,3.2129510420499114,0.587608385247629,2.654,1,False
1328,2.386065710444331,3.2154909446185855,0.5884050232602152,2.656,1,False
1329,2.384479011258629,3.2180475159142103,0.5892075682997681,2.658,1,False
1330,2.3829148989176496,3.220620655198473,0.5900160132217933,2.66,1,False
1331,2.381373310519237,3.2232102617330587,0.5908303508817957,2.662,1,False
1332,2.3798541831612288,3.225816234779652,0.5916505741352803,2.664,1,False
1333,2.378357453941469,3.22843847359994,0.5924766758377527,2.666,1,False
1334,2.3768830599577964,3.2310768774556067,0.5933086488447175,2.668,1,False
1335,2.3754309383080527,3.233731345608337,0.5941464860116799,2.67,1,False
1336,2.3740010260900797,3.2364017773198195,0.5949901801941455,2.672,1,False
1337,2.372593260401717,3.2390880718517367,0.5958397242476187,2.674,1,False
1338,2.3712075783408055,3.241790128465775,0.5966951110276052,2.676,1,False
1339,2.3698439170051873,3.2445078464236197,0.5975563333896096,2.678,1,False
1340,2.368502213492703,3.247241124986958,0.5984233841891375,2.68,1,False
1341,2.3671824049011927,3.249989863417473,0.5992962562816936,2.682,1,False
1342,2.3658844283284988,3.2527539609768517,0.6001749425227836,2.684,1,False
1343,2.364608220872461,3.255533316926779,0.6010594357679118,2.686,1,False
1344,2.3633537196309207,3.258327830528941,0.6019497288725841,2.688,1,False
1345,2.3621208617017193,3.2611374010450223,0.6028458146923049,2.69,1,True
1346,2.3609095841826973,3.26396192773671,0.6037476860825801,2.692,1,False
1347,2.359719824171695,3.266801309865688,0.604655335898914,2.694,1,False
1348,2.358551518766555,3.2696554466936427,0.6055687569968126,2.696,1,False
1349,2.357404605065117,3.272524237482259,0.6064879422317802,2.698,1,False
1350,2.3562790201652226,3.2754075814932233,0.6074128844593223,2.7,1,False
1351,2.3551747011647124,3.2783053779882194,0.6083435765349439,2.702,1,False
1352,2.354091585161427,3.281217526228935,0.6092800113141502,2.704,1,False
1353,2.3530296092532073,3.2841439254770535,0.6102221816524462,2.706,1,False
1354,2.351988710537895,3.287084474994263,0.6111700804053374,2.708,1,False
1355,2.350968826113331,3.290039074042245,0.6121237004283281,2.71,1,False
1356,2.3499698930773567,3.29300762188269,0.6130830345769245,2.712,1,False
1357,2.3489918485278123,3.2959900177772807,0.6140480757066309,2.714,1,False
1358,2.348034629562538,3.2989861609877025,0.6150188166729527,2.716,1,False
1359,2.3470981732793765,3.301995950775641,0.6159952503313948,2.718,1,False
1360,2.3461824167761676,3.305019286402783,0.6169773695374628,2.72,1,False
1361,2.345287297150752,3.3080560671308117,0.6179651671466612,2.722,1,False
1362,2.344412751500972,3.311106192221415,0.6189586360144959,2.724,1,False
1363,2.343558716924667,3.3141695609362767,0.6199577689964709,2.726,1,False
1364,2.3427251305196792,3.3172460725370843,0.6209625589480924,2.728,1,False
1365,2.3419119293838495,3.3203356262855213,0.6219729987248649,2.73,1,False
1366,2.341119050615018,3.3234381214432744,0.6229890811822939,2.732,1,False
1367,2.3403464313110263,3.326553457272027,0.624010799175884,2.734,1,False
1368,2.339594008569715,3.3296815330334684,0.6250381455611409,2.736,1,False
1369,2.338861719488925,3.332822247989281,0.6260711131935691,2.738,1,False
1370,2.338149501166498,3.3359755014011516,0.6271096949286744,2.74,1,True
1371,2.337457290700274,3.3391411925307652,0.6281538836219613,2.742,1,False
1372,2.3367850251880946,3.3423192206398076,0.6292036721289355,2.744,1,False
1373,2.3361326417278003,3.3455094849899636,0.6302590533051013,2.746,1,False
1374,2.3355000774172328,3.34871188484292,0.6313200200059647,2.748,1,False
1375,2.3348872693542324,3.3519263194603623,0.6323865650870303,2.75,1,False
1376,2.3342941546366403,3.355152688103975,0.6334586814038036,2.7520000000000002,1,False
1377,2.3337206703622972,3.358390890035443,0.6345363618117891,2.754,1,False
1378,2.333166753629045,3.361640824516454,0.6356195991664925,2.7560000000000002,1,False
1379,2.332632341534723,3.364902390808692,0.6367083863234185,2.758,1,False
1380,2.3321173711771737,3.3681754881738444,0.6378027161380726,2.7600000000000002,1,False
1381,2.3316217796542364,3.371460015873592,0.6389025814659594,2.762,1,False
1382,2.331145504063754,3.3747558731696254,0.6400079751625847,2.7640000000000002,1,False
1383,2.330688481503567,3.378062959323628,0.6411188900834529,2.766,1,False
1384,2.3302506490715156,3.381381173597286,0.6422353190840698,2.7680000000000002,1,False
1385,2.329831943865441,3.384710415252283,0.6433572550199399,2.77,1,False
1386,2.329432302983184,3.3880505835503074,0.6444846907465689,2.7720000000000002,1,False
1387,2.3290516635225864,3.3914015777530433,0.6456176191194615,2.774,1,False
1388,2.3286899625814885,3.394763297122176,0.6467560329941231,2.7760000000000002,1,False
1389,2.3283471372577305,3.3981356409193895,0.647899925226058,2.778,1,False
1390,2.3280231246491545,3.4015185084063724,0.6490492886707725,2.7800000000000002,1,False
1391,2.3277178618536016,3.4049117988448088,0.650204116183771,2.782,1,False
1392,2.327431285968912,3.4083154114963845,0.651364400620559,2.7840000000000003,1,False
1393,2.327163334092927,3.4117292456227837,0.652530134836641,2.786,1,False
1394,2.326913943323487,3.415153200485694,0.6537013116875229,2.7880000000000003,1,False
1395,2.3266830507584344,3.418587175346799,0.6548779240287091,2.79,1,True
1396,2.3264705934956087,3.4220310694677862,0.6560599647157054,2.7920000000000003,1,False
1397,2.3262765086328514,3.4254847821103396,0.6572474266040164,2.794,1,False
1398,2.3261007332680044,3.428948212536145,0.6584403025491474,2.7960000000000003,1,False
1399,2.3259432044989063,3.432421260006887,0.6596385854066033,2.798,1,False
1400,2.3258038594234,3.435903823784254,0.6608422680318898,2.8000000000000003,1,False
1401,2.325682635139326,3.439395803129927,0.6620513432805113,2.802,1,False
1402,2.3255794687445257,3.4428970973055972,0.6632658040079735,2.8040000000000003,1,False
1403,2.3254942973368387,3.446407605572945,0.6644856430697808,2.806,1,False
1404,2.325427058014107,3.4499272271936587,0.6657108533214393,2.8080000000000003,1,False
1405,2.3253776878741728,3.4534558614294233,0.6669414276184532,2.81,1,False
1406,2.3253461240148736,3.456993407541924,0.6681773588163282,2.8120000000000003,1,False
1407,2.3253323035340534,3.460539764792846,0.669418639770569,2.814,1,False
1408,2.325336163529552,3.4640948324438763,0.6706652633366812,2.816,1,False
1409,2.325357641099211,3.4676585097566983,0.6719172223701697,2.818,1,False
1410,2.3253966733408706,3.4712306959929986,0.6731745097265392,2.82,1,False
1411,2.3254531973523713,3.4748112904144635,0.6744371182612954,2.822,1,False
1412,2.3255271502315558,3.4784001922827774,0.6757050408299432,2.824,1,False
1413,2.3256184690762636,3.4819973008596268,0.676978270287988,2.826,1,False
1414,2.325727090984336,3.4856025154066947,0.678256799490934,2.828,1,False
1415,2.325852953053615,3.4892157351856703,0.6795406212942876,2.83,1,False
1416,2.3259959923819395,3.492836859458236,0.6808297285535527,2.832,1,False
1417,2.3261561460671523,3.496465787486079,0.6821241141242353,2.834,1,False
1418,2.326333351207093,3.500102418530884,0.68342377086184,2.836,1,False
1419,2.3265275448996032,3.503746651854338,0.6847286916218723,2.838,1,False
1420,2.326738664242525,3.507398386718125,0.686038869259837,2.84,1,True
1421,2.3269666463336973,3.51105752238393,0.6873542966312393,2.842,1,False
1422,2.327211428270962,3.51472395811344,0.6886749665915843,2.844,1,False
1423,2.3274729471521605,3.5183975931683404,0.6900008719963774,2.846,1,False
1424,2.327751140075133,3.5220783268103153,0.6913320057011231,2.848,1,False
1425,2.328045944137721,3.525766058301053,0.6926683605613273,2.85,1,False
1426,2.328357296437765,3.5294606869022354,0.6940099294324945,2.852,1,False
1427,2.3286851340731065,3.5331621118755514,0.6953567051701303,2.854,1,False
1428,2.329029394141586,3.5368702324826833,0.696708680629739,2.856,1,False
1429,2.329390013741044,3.5405849479853195,0.6980658486668266,2.858,1,False
1430,2.3297669299693227,3.5443061576451433,0.6994282021368978,2.86,1,False
1431,2.330160079924263,3.548033760723842,0.700795733895458,2.862,1,False
1432,2.3305694007037037,3.551767656483099,0.7021684367980116,2.864,1,False
1433,2.3309948294054887,3.555507744184603,0.7035463037000648,2.866,1,False
1434,2.331436303127458,3.559253923090037,0.7049293274571218,2.868,1,False
1435,2.331893758967451,3.5630060924610873,0.7063175009246884,2.87,1,False
1436,2.3323671340233103,3.566764151559438,0.7077108169582688,2.872,1,False
1437,2.3328563653928764,3.5705279996467767,0.709109268413369,2.874,1,False
1438,2.3333613901739896,3.5742975359847873,0.7105128481454935,2.876,1,False
1439,2.333882145464493,3.5780726598351573,0.7119215490101484,2.878,1,False
1440,2.3344185683622247,3.5818532704595696,0.7133353638628372,2.88,1,False
1441,2.334970595965028,3.5856392671197126,0.7147542855590667,2.882,1,False
1442,2.3355381653707425,3.589430549077271,0.716178306954341,2.884,1,False
1443,2.336121213677209,3.5932270155939277,0.7176074209041656,2.886,1,False
1444,2.33671967798227,3.59702856593137,0.7190416202640451,2.888,1,False
1445,2.337333495383765,3.6008350993512854,0.7204808978894854,2.89,1,True
1446,2.3379626029795353,3.6046465151153564,0.7219252466359909,2.892,1,False
1447,2.338606937867422,3.608462712485271,0.7233746593590674,2.894,1,False
1448,2.339266437145266,3.612283590722711,0.7248291289142191,2.896,1,False
1449,2.3399410379109087,3.6161090490893657,0.7262886481569522,2.898,1,False
1450,2.3406306772621903,3.619938986846919,0.7277532099427708,2.9,1,False
1451,2.3413352922969524,3.623773303257057,0.729222807127181,2.902,1,False
1452,2.342054820113035,3.6276118975814637,0.7306974325656869,2.904,1,False
1453,2.3427891978082807,3.631454669081828,0.7321770791137946,2.906,1,False
1454,2.3435383624805284,3.6353015170198315,0.7336617396270083,2.908,1,False
1455,2.3443022512276213,3.6391523406571618,0.735151406960834,2.91,1,False
1456,2.3450808011473985,3.6430070392555045,0.7366460739707761,2.912,1,False
1457,2.3458739493377023,3.6468655120765447,0.7381457335123403,2.914,1,False
1458,2.3466816328963724,3.6507276583819666,0.7396503784410308,2.916,1,False
1459,2.3475037889212516,3.654593377433459,0.7411600016123538,2.918,1,False
1460,2.348340354510178,3.6584625684927032,0.7426745958818138,2.92,1,False
1461,2.3491912667609953,3.6623351308213885,0.7441941541049162,2.922,1,False
1462,2.3500564627715432,3.666210963681198,0.7457186691371656,2.924,1,False
1463,2.350935879639662,3.6700899663338173,0.7472481338340676,2.926,1,False
1464,2.3518294544631955,3.673972038040935,0.7487825410511274,2.928,1,False
1465,2.3527371243399817,3.6778570780642337,0.7503218836438499,2.93,1,False
1466,2.353658826367862,3.681744985665397,0.7518661544677399,2.932,1,False
1467,2.354594497644678,3.685635660106115,0.7534153463783031,2.934,1,False
1468,2.355544075268271,3.6895290006480694,0.7549694522310441,2.936,1,False
1469,2.356507496336481,3.69342490655295,0.7565284648814687,2.938,1,False
1470,2.3574846979471498,3.697323277082438,0.7580923771850813,2.94,1,True
1471,2.3584756171981174,3.701224011498221,0.7596611819973873,2.942,1,False
1472,2.359480191187227,3.7051270090619846,0.7612348721738921,2.944,1,False
1473,2.3604983570123164,3.7090321690354133,0.7628134405701003,2.946,1,False
1474,2.3615300517712288,3.7129393906801926,0.764396880041517,2.948,1,False
1475,2.362575212561804,3.716848573258009,0.765985183443648,2.95,1,False
1476,2.363633776481884,3.7207596160305494,0.7675783436319977,2.952,1,False
1477,2.364705680629308,3.7246724182594955,0.7691763534620717,2.954,1,False
1478,2.3657908621019192,3.7285868792065346,0.7707792057893746,2.956,1,False
1479,2.3668892579975576,3.732502898133354,0.7723868934694123,2.958,1,False
1480,2.3680008054140633,3.736420374301636,0.7739994093576886,2.96,1,False
1481,2.369125441449279,3.7403392069730694,0.7756167463097104,2.962,1,False
1482,2.3702631032010437,3.7442592954093366,0.7772388971809813,2.964,1,False
1483,2.3714137277672,3.748180538872126,0.7788658548270072,2.966,1,False
1484,2.3725772522455872,3.7521028366231204,0.7804976121032928,2.968,1,False
1485,2.3737536137340487,3.756026087924009,0.7821341618653438,2.97,1,False
1486,2.374942749330423,3.759950192036471,0.7837754969686643,2.972,1,False
1487,2.3761445961325527,3.7638750482222,0.7854216102687609,2.974,1,False
1488,2.377359091238278,3.7678005557428755,0.7870724946211373,2.976,1,False
1489,2.37858617174544,3.771726613860185,0.7887281428812993,2.978,1,False
1490,2.3798257747518794,3.775653121835813,0.7903885479047518,2.98,1,False
1491,2.3810778373554373,3.779579978931447,0.7920537025470001,2.982,1,False
1492,2.3823422966539556,3.7835070844087717,0.7937235996635491,2.984,1,False
1493,2.383619089745274,3.7874343375294717,0.7953982321099043,2.986,1,False
1494,2.3849081537272334,3.791361637555233,0.7970775927415702,2.988,1,False
1495,2.3862094256976762,3.795288883747742,0.7987616744140528,2.99,1,True
1496,2.3875228427544406,3.799215975368682,0.8004504699828559,2.992,1,False
1497,2.3888483419953714,3.803142811679742,0.8021439723034862,2.994,1,False
1498,2.390185860518307,3.8070692919426046,0.8038421742314474,2.996,1,False
1499,2.391535335421089,3.810995315418956,0.8055450686222457,2.998,1,False
1500,2.392896703801557,3.814920781370482,0.8072526483313854,3.0,1,False
1501,2.3942699027575545,3.8188455890588684,0.8089649062143722,3.0020000000000002,1,False
1502,2.395654869386921,3.8227696377458003,0.8106818351267109,3.004,1,False
1503,2.3970515407874977,3.826692826692964,0.8124034279239069,3.0060000000000002,1,False
1504,2.3984598540571254,3.830615055162043,0.8141296774614646,3.008,1,False
1505,2.3998797462936445,3.8345362224147244,0.8158605765948899,3.0100000000000002,1,False
1506,2.401311154594897,3.8384562277126935,0.8175961181796876,3.012,1,False
1507,2.4027540160587244,3.842374970317637,0.8193362950713631,3.0140000000000002,1,False
1508,2.404208267782965,3.846292349491237,0.8210811001254207,3.016,1,False
1509,2.4056738468654624,3.850208264495182,0.8228305261973665,3.0180000000000002,1,False
1510,2.4071506904040576,3.854122614591158,0.8245845661427053,3.02,1,False
1511,2.4086387354965897,3.858035299040848,0.826343212816942,3.0220000000000002,1,False
1512,2.4101379192409005,3.861946217105939,0.8281064590755818,3.024,1,False
1513,2.411648178734831,3.8658552680481155,0.8298742977741298,3.0260000000000002,1,False
1514,2.4131694510762225,3.869762351129065,0.8316467217680911,3.028,1,False
1515,2.4147016733629156,3.8736673656104714,0.8334237239129713,3.0300000000000002,1,False
1516,2.4162447826927504,3.8775702107540195,0.8352052970642742,3.032,1,False
1517,2.4177987161635697,3.8814707858213975,0.8369914340775066,3.0340000000000003,1,False
1518,2.4193634108732134,3.8853689900742876,0.8387821278081726,3.036,1,False
1519,2.420938803919523,3.889264722774378,0.8405773711117775,3.0380000000000003,1,False
1520,2.4225248324003386,3.8931578831833535,0.8423771568438264,3.04,1,True
1521,2.4241214334135015,3.897048370562899,0.8441814778598247,3.0420000000000003,1,False
1522,2.425728544056853,3.9009360841747003,0.8459903270152769,3.044,1,False
1523,2.427346101428234,3.904820923280443,0.8478036971656889,3.0460000000000003,1,False
1524,2.4289740426254847,3.908702787141812,0.8496215811665649,3.048,1,False
1525,2.430612304746447,3.912581575020495,0.8514439718734113,3.0500000000000003,1,False
1526,2.432260824888961,3.9164571861781736,0.8532708621417316,3.052,1,False
1527,2.433919540150869,3.920329519876537,0.8551022448270323,3.0540000000000003,1,False
1528,2.435588387630011,3.9241984753772696,0.8569381127848179,3.056,1,False
1529,2.437267304424228,3.928063951942057,0.8587784588705937,3.0580000000000003,1,False
1530,2.4389562276313606,3.9319258488325834,0.8606232759398642,3.06,1,False
1531,2.440655094349251,3.9357840653105356,0.8624725568481357,3.0620000000000003,1,False
1532,2.4423638416757387,3.9396385006375985,0.8643262944509121,3.064,1,False
1533,2.4440824067086657,3.943489054075459,0.8661844816036993,3.0660000000000003,1,False
1534,2.4458107265458717,3.9473356248857994,0.868047111162002,3.068,1,False
1535,2.4475487382851995,3.9511781123303105,0.869914175981326,3.0700000000000003,1,False
1536,2.4492963790244886,3.955016415670672,0.8717856689171751,3.072,1,False
1537,2.4510535858615805,3.9588504341685717,0.8736615828250553,3.074,1,False
1538,2.4528202958943166,3.962680067085698,0.8755419105604723,3.076,1,False
1539,2.4545964462205374,3.966505213683732,0.87742664497893,3.078,1,False
1540,2.4563819739380834,3.9703257732243626,0.8793157789359345,3.08,1,False
1541,2.4581768161447966,3.9741416449692726,0.8812093052869899,3.082,1,False
1542,2.4599809099385173,3.977952728180149,0.8831072168876024,3.084,1,False
1543,2.461794192417085,3.9817589221186767,0.8850095065932764,3.086,1,False
1544,2.4636166006783444,3.9855601260465425,0.8869161672595174,3.088,1,False
1545,2.4654480718201324,3.9893562392254296,0.8888271917418298,3.09,1,True
1546,2.467288542940293,3.993147160917027,0.8907425728957199,3.092,1,False
1547,2.4691379511366662,3.996932790383016,0.8926623035766919,3.094,1,False
1548,2.4709962335070923,4.000713026885086,0.8945863766402514,3.096,1,False
1549,2.4728633271494123,4.0044877696849195,0.8965147849419027,3.098,1,False
1550,2.4747391691614675,4.008256918044204,0.898447521337152,3.1,1,False
1551,2.476623696641099,4.012020371224623,0.9003845786815037,3.102,1,False
1552,2.4785168466861482,4.015778028487865,0.9023259498304634,3.104,1,False
1553,2.480418556394455,4.019529789095612,0.9042716276395358,3.106,1,False
1554,2.4823287628638613,4.023275552309553,0.9062216049642262,3.108,1,False
1555,2.4842474031922075,4.027015217391371,0.9081758746600396,3.11,1,False
1556,2.4861744144773343,4.030748683602752,0.9101344295824813,3.112,1,False
1557,2.4881097338170832,4.034475850205382,0.9120972625870563,3.114,1,False
1558,2.4900532983092956,4.038196616460947,0.9140643665292698,3.116,1,False
1559,2.492005045051811,4.041910881631131,0.9160357342646266,3.118,1,False
1560,2.4939649111424718,4.045618544977621,0.9180113586486326,3.12,1,False
1561,2.4959328336791184,4.049319505762103,0.9199912325367918,3.122,1,False
1562,2.497908749759592,4.05301366324626,0.9219753487846103,3.124,1,False
1563,2.4998925964817325,4.056700916691779,0.9239637002475924,3.126,1,False
1564,2.5018843109433817,4.060381165360346,0.9259562797812442,3.128,1,False
1565,2.503883830242381,4.0640543085136445,0.9279530802410697,3.13,1,False
1566,2.5058910914765713,4.067720245413364,0.929954094482575,3.132,1,False
1567,2.507906031743793,4.0713788753211855,0.9319593153612644,3.134,1,False
1568,2.5099285881418867,4.075030097498797,0.9339687357326437,3.136,1,False
1569,2.5119586977686943,4.078673811207883,0.9359823484522174,3.138,1,False
1570,2.5139962977220565,4.082309915710132,0.9380001463754915,3.14,1,True
1571,2.5160413250998133,4.085938310267225,0.9400221223579697,3.142,1,False
1572,2.5180937169998074,4.089558894140849,0.9420482692551586,3.144,1,False
1573,2.5201534105198777,4.093171566592691,0.9440785799225621,3.146,1,False
1574,2.5222203427578673,4.096776226884436,0.9461130472156865,3.148,1,False
1575,2.5242944508116154,4.100372774277768,0.9481516639900358,3.15,1,False
1576,2.5263756717789643,4.103961108034373,0.9501944231011158,3.152,1,False
1577,2.528463942757754,4.1075411274159395,0.9522413174044314,3.154,1,False
1578,2.5305592008458264,4.111112731684149,0.9542923397554881,3.156,1,False
1579,2.532661383141021,4.114675820100689,0.9563474830097901,3.158,1,False
1580,2.53477042674118,4.1182302919272455,0.9584067400228434,3.16,1,False
1581,2.536886268744144,4.121776046425502,0.9604701036501525,3.162,1,False
1582,2.539008846247754,4.125312982857146,0.9625375667472232,3.164,1,False
1583,2.5411380963498504,4.128841000483861,0.9646091221695599,3.166,1,False
1584,2.543273956148276,4.132359998567336,0.9666847627726685,3.168,1,False
1585,2.5454163627408684,4.135869876369251,0.9687644814120528,3.17,1,False
1586,2.5475652532254727,4.139370533151298,0.9708482709432197,3.172,1,False
1587,2.5497205646999275,4.142861868175159,0.9729361242216729,3.174,1,False
1588,2.5518822342620733,4.146343780702518,0.9750280341029183,3.176,1,False
1589,2.554050199009752,4.149816169995063,0.9771239934424603,3.178,1,False
1590,2.5562243960408035,4.153278935314479,0.9792239950958046,3.18,1,False
1591,2.5584047624530704,4.156731975922451,0.981328031918456,3.182,1,False
1592,2.560591235344393,4.160175191080665,0.9834360967659203,3.184,1,False
1593,2.5627837518126118,4.163608480050806,0.9855481824937014,3.186,1,False
1594,2.564982248955568,4.167031742094561,0.9876642819573055,3.188,1,False
1595,2.567186663871102,4.170444876473613,0.9897843880122369,3.19,1,True
1596,2.5693969336570563,4.173847782449649,0.9919084935140016,3.192,1,False
1597,2.571612995411271,4.177240359284355,0.9940365913181038,3.194,1,False
1598,2.573834786231587,4.180622506239416,0.9961686742800495,3.196,1,False
1599,2.576062243215845,4.183994122576518,0.9983047352553429,3.198,1,False
1600,2.5782953034618865,4.187355107557345,1.00044476709949,3.2,1,False
1601,2.580533904067552,4.190705360443584,1.0025887626679952,3.202,1,False
1602,2.5827779821306827,4.194044780496919,1.0047367148163642,3.204,1,False
1603,2.5850274747491193,4.197373266979038,1.0068886164001016,3.206,1,False
1604,2.5872823190207033,4.200690719151624,1.009044460274713,3.208,1,False
1605,2.5895424520432746,4.203997036276363,1.0112042392957026,3.21,1,False
1606,2.591807810914676,4.207292117614943,1.013367946318577,3.212,1,False
1607,2.594078332732747,4.210575862429046,1.0155355741988399,3.214,1,False
1608,2.5963539545953283,4.21384816998036,1.0177071157919975,3.216,1,False
1609,2.5986346136002614,4.217108939530568,1.0198825639535538,3.218,1,False
1610,2.6009202468453885,4.2203580703413595,1.022061911539015,3.22,1,False
1611,2.603210791428548,4.223595461674416,1.0242451514038853,3.222,1,False
1612,2.605506184447584,4.226821012791425,1.0264322764036713,3.224,1,False
1613,2.607806363000334,4.23003462295407,1.0286232793938759,3.226,1,False
1614,2.6101112641846416,4.233236191424042,1.0308181532300063,3.228,1,False
1615,2.6124208250983463,4.236425617463019,1.0330168907675659,3.23,1,False
1616,2.6147349828392894,4.239602800332691,1.035219484862061,3.232,1,False
1617,2.6170536745053132,4.242767639294743,1.0374259283689964,3.234,1,False
1618,2.6193768371942565,4.2459200336108625,1.0396362141438773,3.236,1,False
1619,2.621704408003961,4.2490598825427295,1.0418503350422081,3.238,1,False
1620,2.624036324032269,4.252187085352034,1.0440682839194952,3.24,1,True
1621,2.6263725223770193,4.25530154130046,1.0462900536312423,3.242,1,False
1622,2.628712940136055,4.258403149649693,1.0485156370329558,3.244,1,False
1623,2.631057514407215,4.261491809661419,1.05074502698014,3.246,1,False
1624,2.633406182288342,4.2645674205973245,1.0529782163283004,3.248,1,False
1625,2.6357588808772756,4.267629881719093,1.0552151979329416,3.25,1,False
1626,2.638115547271858,4.270679092288411,1.0574559646495694,3.2520000000000002,1,False
1627,2.6404761185699295,4.273714951566962,1.0597005093336884,3.254,1,False
1628,2.642840531869331,4.276737358816435,1.0619488248408042,3.2560000000000002,1,False
1629,2.645208724267903,4.279746213298514,1.064200904026421,3.258,1,False
1630,2.6475806328634883,4.282741414274885,1.0664567397460456,3.2600000000000002,1,False
1631,2.649956194753925,4.285722861007231,1.068716324855181,3.262,1,False
1632,2.6523353470370568,4.2886904527572405,1.0709796522093342,3.2640000000000002,1,False
1633,2.6547180268107224,4.291644088786597,1.0732467146640086,3.266,1,False
1634,2.657104171172765,4.294583668356989,1.0755175050747112,3.2680000000000002,1,False
1635,2.659493717221024,4.297509090730098,1.0777920162969452,3.27,1,False
1636,2.6618866020533405,4.300420255167612,1.0800702411862173,3.2720000000000002,1,False
1637,2.6642827627675563,4.303317060931217,1.0823521725980318,3.274,1,False
1638,2.666682136461512,4.306199407282597,1.084637803387894,3.2760000000000002,1,False
1639,2.6690846602330476,4.309067193483437,1.0869271264113085,3.278,1,False
1640,2.671490271180005,4.3119203187954245,1.0892201345237815,3.2800000000000002,1,False
1641,2.6738989064002245,4.314758682480244,1.091516820580817,3.282,1,False
1642,2.6763105029915484,4.317582183799581,1.093817177437921,3.2840000000000003,1,False
1643,2.6787249980518166,4.320390722015119,1.0961211979505978,3.286,1,False
1644,2.6811423286788703,4.3231841963885485,1.0984288749743538,3.2880000000000003,1,False
1645,2.68356243197055,4.325962506181551,1.1007402013646925,3.29,1,True
1646,2.6859852450246975,4.328725550655814,1.1030551699771203,3.2920000000000003,1,False
1647,2.6884107049391526,4.33147322907302,1.1053737736671412,3.294,1,False
1648,2.690838748811758,4.334205440694859,1.1076960052902616,3.2960000000000003,1,False
1649,2.693269313740353,4.336922084783012,1.1100218577019854,3.298,1,False
1650,2.6957023368227806,4.339623060599169,1.1123513237578186,3.3000000000000003,1,False
1651,2.6981377551568775,4.34230826740501,1.1146843963132653,3.302,1,False
1652,2.70057550584049,4.344977604462226,1.1170210682238322,3.3040000000000003,1,False
1653,2.7030155259714554,4.3476309710325,1.1193613323450227,3.306,1,False
1654,2.7054577526476167,4.350268266377517,1.1217051815323433,3.3080000000000003,1,False
1655,2.7079021229668134,4.352889389758964,1.124052608641298,3.31,1,False
1656,2.710348574026888,4.355494240438526,1.1264036065273932,3.3120000000000003,1,False
1657,2.7127970429256796,4.358082717677887,1.1287581680461325,3.314,1,False
1658,2.7152474667610305,4.360654720738736,1.1311162860530224,3.3160000000000003,1,False
1659,2.7176997826307807,4.363210148882754,1.1334779534035668,3.318,1,False
1660,2.7201539276327726,4.365748901371631,1.1358431629532721,3.3200000000000003,1,False
1661,2.722609838864845,4.3682708774670465,1.1382119075576418,3.322,1,False
1662,2.7250674534248414,4.370775976430693,1.1405841800721825,3.3240000000000003,1,False
1663,2.727526708410601,4.373264097524252,1.1429599733523987,3.326,1,False
1664,2.7299875409199656,4.37573514000941,1.1453392802537956,3.3280000000000003,1,False
1665,2.732449888050775,4.3781890031478525,1.1477220936318782,3.33,1,False
1666,2.734913686900871,4.380625586201264,1.1501084063421514,3.332,1,False
1667,2.7373788745680954,4.383044788431333,1.1524982112401212,3.334,1,False
1668,2.7398453881502873,4.38544650909974,1.1548915011812915,3.336,1,False
1669,2.7423131647452896,4.387830647468176,1.1572882690211688,3.338,1,False
1670,2.7447821414509415,4.390197102798322,1.1596885076152565,3.34,1,True
1671,2.7472522553650855,4.392545774351866,1.1620922098190616,3.342,1,False
1672,2.7497234435855615,4.394876561390494,1.1644993684880875,3.344,1,False
1673,2.752195643210211,4.39718936317589,1.1669099764778408,3.346,1,False
1674,2.754668791336874,4.399484078969739,1.1693240266438254,3.348,1,False
1675,2.757142825063393,4.401760608033729,1.1717415118415473,3.35,1,False
1676,2.759617681487608,4.404018849629543,1.174162424926511,3.352,1,False
1677,2.7620932977073602,4.406258703018869,1.176586758754222,3.354,1,False
1678,2.76456961082049,4.408480067463389,1.179014506180185,3.356,1,False
1679,2.76704655792484,4.410682842224793,1.181445660059906,3.358,1,False
1680,2.7695240761182487,4.412866926564761,1.1838802132488886,3.36,1,False
1681,2.772002102498558,4.415032219744983,1.1863181586026397,3.362,1,False
1682,2.7744805741636105,4.417178621027143,1.1887594889766628,3.364,1,False
1683,2.7769594282112458,4.419306029672929,1.1912041972264646,3.366,1,False
1684,2.7794386017393045,4.421414344944021,1.1936522762075488,3.368,1,False
1685,2.7819180318456285,4.423503466102109,1.1961037187754215,3.37,1,False
1686,2.7843976556280574,4.425573292408877,1.1985585177855866,3.372,1,False
1687,2.786877410184434,4.42762372312601,1.2010166660935508,3.374,1,False
1688,2.7893572326125975,4.429654657515195,1.203478156554818,3.376,1,False
1689,2.79183706001039,4.4316659948381165,1.2059429820248941,3.378,1,False
1690,2.794316829475652,4.43365763435646,1.2084111353592835,3.38,1,False
1691,2.796796478106225,4.435629475331912,1.2108826094134921,3.382,1,False
1692,2.7992759429999494,4.437581417026157,1.213357397043024,3.384,1,False
1693,2.801755161254666,4.43951335870088,1.2158354911033857,3.386,1,False
1694,2.8042340699682153,4.441425199617767,1.2183168844500805,3.388,1,False
1695,2.8067126062384404,4.4433168390385065,1.2208015699386157,3.39,1,True
1696,2.80919070716318,4.445188176224779,1.2232895404244943,3.392,1,False
1697,2.811668309840276,4.447039110438273,1.225780788763223,3.394,1,False
1698,2.8141453513675696,4.448869540940672,1.2282753078103055,3.396,1,False
1699,2.816621768842902,4.450679366993665,1.2307730904212488,3.398,1,False
1700,2.819097499364112,4.452468487858934,1.233274129451556,3.4,1,False
1701,2.821572480029044,4.454236802798167,1.2357784177567337,3.402,1,False
1702,2.824046647935535,4.455984211073047,1.238285948192286,3.404,1,False
1703,2.8265199401814294,4.45771061194526,1.2407967136137188,3.406,1,False
1704,2.828992293864567,4.4594159046764945,1.2433107068765363,3.408,1,False
1705,2.8314636460827893,4.461099988528435,1.2458279208362453,3.41,1,False
1706,2.8339339339339342,4.462762762762763,1.2483483483483486,3.412,1,False
1707,2.836403094515847,4.464404126641169,1.2508719822683534,3.414,1,False
1708,2.8388710649263666,4.466023979425335,1.2533988154517635,3.416,1,False
1709,2.841337782263333,4.467622220376949,1.2559288407540847,3.418,1,False
1710,2.8438031836245887,4.469198748757695,1.2584620510308215,3.42,1,False
1711,2.8462672061079752,4.47075346382926,1.2609984391374802,3.422,1,False
1712,2.8487297868113304,4.472286264853327,1.2635379979295642,3.424,1,False
1713,2.8511908628324987,4.4737970510915845,1.26608072026258,3.426,1,False
1714,2.853650371269319,4.475285721805716,1.2686265989920318,3.428,1,False
1715,2.8561082492196332,4.476752176257408,1.2711756269734258,3.43,1,False
1716,2.8585644337812814,4.478196313708344,1.2737277970622656,3.432,1,False
1717,2.861018862052105,4.479618033420212,1.2762831021140577,3.434,1,False
1718,2.8634714711299463,4.481017234654698,1.2788415349843067,3.436,1,False
1719,2.8659221981126444,4.4823938166734845,1.281403088528518,3.438,1,False
1720,2.8683709800980406,4.4837476787382595,1.2839677556021958,3.44,1,True
1721,2.870817754183977,4.485078720110708,1.2865355290608462,3.442,1,False
1722,2.873262457468293,4.486386840052513,1.2891064017599738,3.444,1,False
1723,2.8757050270488307,4.487671937825364,1.291680366555084,3.446,1,False
1724,2.8781454000234294,4.4889339126909436,1.2942574163016813,3.448,1,False
1725,2.880583513489933,4.49017266391094,1.2968375438552724,3.45,1,False
1726,2.8830193045461803,4.491388090747036,1.2994207420713604,3.452,1,False
1727,2.885452710290012,4.492580092460918,1.3020070038054516,3.454,1,False
1728,2.88788366781927,4.493748568314273,1.3045963219130505,3.456,1,False
1729,2.8903121142317953,4.494893417568784,1.3071886892496631,3.458,1,False
1730,2.892737986625429,4.496014539486138,1.3097840986707938,3.46,1,False
1731,2.895161222098011,4.497111833328022,1.312382543031948,3.462,1,False
1732,2.8975817577473832,4.498185198356118,1.3149840151886303,3.464,1,False
1733,2.8999995306713857,4.499234533832113,1.3175885079963465,3.466,1,False
1734,2.9024144779678607,4.500259739017695,1.3201960143106013,3.468,1,False
1735,2.904826536734649,4.501260713174546,1.3228065269869007,3.47,1,False
1736,2.9072356440695897,4.502237355564352,1.3254200388807478,3.472,1,False
1737,2.909641737070526,4.5031895654488014,1.32803654284765,3.474,1,False
1738,2.9120447528352975,4.504117242089576,1.3306560317431106,3.476,1,False
1739,2.9144446284617462,4.505020284748364,1.3332784984226362,3.478,1,False
1740,2.916841301047712,4.50589859268685,1.3359039357417308,3.48,1,False
1741,2.9192347076910368,4.506752065166719,1.3385323365559005,3.482,1,False
1742,2.921624785489561,4.507580601449657,1.3411636937206493,3.484,1,False
1743,2.924011471541126,4.508384100797349,1.3437980000914833,3.486,1,False
1744,2.9263947029435715,4.5091624624714814,1.3464352485239064,3.488,1,False
1745,2.92877441679474,4.509915585733739,1.3490754318734255,3.49,1,True
1746,2.9311505501924717,4.510643369845808,1.351718542995544,3.492,1,False
1747,2.933523040234607,4.511345714069373,1.3543645747457682,3.494,1,False
1748,2.935891824018988,4.5120225176661215,1.3570135199796023,3.496,1,False
1749,2.938256838643456,4.512673679897737,1.3596653715525526,3.498,1,False
1750,2.940618021205851,4.513299100025904,1.3623201223201227,3.5,1,False
1751,2.942975308804014,4.513898677312311,1.364977765137819,3.5020000000000002,1,False
1752,2.9453286385357855,4.514472311018642,1.3676382928611457,3.504,1,False
1753,2.9476779474990074,4.515019900406582,1.3703016983456087,3.5060000000000002,1,False
1754,2.9500231727915205,4.515541344737818,1.3729679744467123,3.508,1,False
1755,2.952364251511166,4.516036543274035,1.3756371140199628,3.5100000000000002,1,False
1756,2.9547011207557827,4.5165053952769165,1.3783091099208638,3.512,1,False
1757,2.957033717623216,4.516947800008151,1.3809839550049219,3.5140000000000002,1,False
1758,2.959361979211302,4.5173636567294215,1.3836616421276409,3.516,1,False
1759,2.9616858426178845,4.517752864702416,1.3863421641445268,3.5180000000000002,1,False
1760,2.964005244940804,4.518115323188818,1.3890255139110843,3.52,1,False
1761,2.9663201232779013,4.518450931450314,1.3917116842828188,3.5220000000000002,1,False
1762,2.9686304147270164,4.518759588748589,1.3944006681152352,3.524,1,False
1763,2.970936056385993,4.51904119434533,1.397092458263839,3.5260000000000002,1,False
1764,2.9732369853526683,4.5192956475022195,1.3997870475841343,3.528,1,False
1765,2.9755331387248867,4.519522847480945,1.4024844289316276,3.5300000000000002,1,False
1766,2.977824453600486,4.519722693543192,1.4051845951618227,3.532,1,False
1767,2.98011086707731,4.5198950849506465,1.407887539130226,3.5340000000000003,1,False
1768,2.9823923162531987,4.520039920964993,1.4105932536923416,3.536,1,False
1769,2.984668738225992,4.520157100847917,1.4133017317036751,3.5380000000000003,1,False
1770,2.9869400700935325,4.520246523861105,1.4160129660197311,3.54,1,True
1771,2.989206248953659,4.520308089266241,1.4187269494960157,3.5420000000000003,1,False
1772,2.9914672119042143,4.520341696325012,1.4214436749880328,3.544,1,False
1773,2.99372289604304,4.520347244299103,1.4241631353512891,3.5460000000000003,1,False
1774,2.9959732384679745,4.520324632450198,1.4268853234412875,3.548,1,False
1775,2.998218176276861,4.520273760039986,1.4296102321135356,3.5500000000000003,1,False
1776,3.00045764656754,4.520194526330149,1.4323378542235363,3.552,1,False
1777,3.0026915864378516,4.520086830582375,1.4350681826267961,3.5540000000000003,1,False
1778,3.004919932985637,4.519950572058349,1.4378012101788198,3.556,1,False
1779,3.0071426233087375,4.519785650019752,1.4405369297351123,3.5580000000000003,1,False
1780,3.009359594504994,4.519591963728278,1.4432753341511788,3.56,1,False
1781,3.011570783672247,4.519369412445606,1.4460164162825246,3.5620000000000003,1,False
1782,3.013776127908339,4.519117895433424,1.4487601689846543,3.564,1,False
1783,3.01597556431111,4.518837311953417,1.4515065851130742,3.5660000000000003,1,False
1784,3.018169029978399,4.51852756126727,1.4542556575232877,3.568,1,False
1785,3.02035646200805,4.51818854263667,1.4570073790708014,3.5700000000000003,1,False
1786,3.022537797497902,4.517820155323301,1.4597617426111194,3.572,1,False
1787,3.024712973545798,4.5174222985888495,1.4625187409997475,3.5740000000000003,1,False
1788,3.026881927249577,4.516994871695,1.4652783670921905,3.576,1,False
1789,3.029044595707081,4.516537773903438,1.4680406137439541,3.5780000000000003,1,False
1790,3.03120091601615,4.5160509044758514,1.470805473810542,3.58,1,False
1791,3.033350825274627,4.515534162673924,1.4735729401474615,3.5820000000000003,1,False
1792,3.0354942605803483,4.514987447759339,1.4763430056102145,3.584,1,False
1793,3.0376311590311604,4.514410658993787,1.479115663054309,3.586,1,False
1794,3.039761457724902,4.513803695638949,1.48189090533525,3.588,1,False
1795,3.041885093759413,4.513166456956513,1.4846687253085409,3.59,1,True
1796,3.0440020042325364,4.512498842208163,1.4874491158296879,3.592,1,False
1797,3.046112126242111,4.511800750655585,1.4902320697541955,3.594,1,False
1798,3.048215396885979,4.5110720815604655,1.49301757993757,3.596,1,False
1799,3.0503117532619815,4.510312734184488,1.4958056392353152,3.598,1,False
1800,3.05240113246796,4.50952260778934,1.498596240502937,3.6,1,False
1801,3.054483471601753,4.508701601636707,1.5013893765959396,3.602,1,False
1802,3.056558707761205,4.507849614988274,1.5041850403698298,3.604,1,False
1803,3.0586267780441534,4.506966547105725,1.5069832246801107,3.606,1,False
1804,3.0606876195484416,4.506052297250748,1.5097839223822893,3.608,1,False
1805,3.0627411693719093,4.505106764685027,1.5125871263318693,3.61,1,False
1806,3.064787364612399,4.504129848670249,1.5153928293843573,3.612,1,False
1807,3.0668261423677494,4.503121448468097,1.518201024395256,3.614,1,False
1808,3.0688574397358037,4.502081463340256,1.521011704220073,3.616,1,False
1809,3.070881193814401,4.501009792548416,1.5238248617143118,3.618,1,False
1810,3.072897341701383,4.499906335354259,1.5266404897334787,3.62,1,False
1811,3.074905820494591,4.498770991019472,1.5294585811330772,3.622,1,False
1812,3.0769065672918656,4.4976036588057395,1.5322791287686144,3.624,1,False
1813,3.078899519191048,4.4964042379747475,1.535102125495594,3.626,1,False
1814,3.0808846132899785,4.495172627788182,1.5379275641695216,3.628,1,False
1815,3.0828617866865,4.493908727507727,1.5407554376459025,3.63,1,False
1816,3.0848309764784503,4.49261243639507,1.5435857387802414,3.632,1,False
1817,3.0867921197636727,4.4912836537118945,1.5464184604280435,3.634,1,False
1818,3.0887451536400086,4.489922278719889,1.549253595444815,3.636,1,False
1819,3.0906900152052965,4.488528210680735,1.5520911366860588,3.638,1,False
1820,3.0926266415573807,4.487101348856121,1.5549310770072822,3.64,1,True
1821,3.094554969794097,4.48564159250773,1.557773409263988,3.642,1,False
1822,3.0964749370132925,4.484148840897252,1.5606181263116845,3.644,1,False
1823,3.0983864803128034,4.482622993286367,1.5634652210058735,3.646,1,False
1824,3.1002895367904735,4.481063948936764,1.5663146862020625,3.648,1,False
1825,3.102184043544143,4.479471607110129,1.5691665147557554,3.65,1,False
1826,3.1040699376716523,4.477845867068145,1.572020699522458,3.652,1,False
1827,3.1059471562708425,4.476186628072498,1.5748772333576744,3.654,1,False
1828,3.107815636439555,4.474493789384874,1.5777361091169109,3.656,1,False
1829,3.10967531527563,4.47276725026696,1.5805973196556717,3.658,1,False
1830,3.1115261298769097,4.47100690998044,1.583460857829463,3.66,1,False
1831,3.1133680173412337,4.469212667786999,1.5863267164937884,3.662,1,False
1832,3.1152009147664437,4.4673844229483235,1.5891948885041547,3.664,1,False
1833,3.11702475925038,4.465522074726098,1.5920653667160651,3.666,1,False
1834,3.118839487890885,4.46362552238201,1.5949381439850268,3.668,1,False
1835,3.120645037785799,4.4616946651777445,1.5978132131665432,3.67,1,False
1836,3.1224413460329625,4.459729402374984,1.6006905671161207,3.672,1,False
1837,3.124228349730216,4.457729633235418,1.603570198689263,3.674,1,False
1838,3.1260059859754015,4.4556952570207295,1.606452100741477,3.676,1,False
1839,3.1277741918663593,4.453626172992605,1.609336266128266,3.678,1,False
1840,3.1295329045009312,4.451522280412729,1.6122226877051364,3.68,1,False
1841,3.1312820609769574,4.4493834785427895,1.6151113583275927,3.682,1,False
1842,3.133021598392279,4.447209666644469,1.6180022708511408,3.684,1,False
1843,3.1347514538447374,4.445000743979455,1.620895418131284,3.686,1,False
1844,3.1364715644321723,4.4427566098094315,1.6237907930235296,3.688,1,False
1845,3.1381818672524266,4.440477163396087,1.6266883883833811,3.69,1,True
1846,3.1398822994033404,4.438162304001104,1.629588197066345,3.692,1,False
1847,3.1415727979827537,4.435811930886169,1.6324902119279254,3.694,1,False
1848,3.1432533000885083,4.433425943312966,1.6353944258236277,3.696,1,False
1849,3.1449237428184453,4.431004240543183,1.6383008316089565,3.698,1,False
1850,3.1465840632704056,4.428546721838504,1.6412094221394185,3.7,1,False
1851,3.1482341985422297,4.426053286460617,1.6441201902705165,3.702,1,False
1852,3.1498740857317586,4.423523833671203,1.6470331288577575,3.704,1,False
1853,3.1515036619368346,4.420958262731952,1.649948230756646,3.706,1,False
1854,3.1531228642552973,4.418356472904547,1.652865488822687,3.708,1,False
1855,3.1547316297849872,4.415718363450673,1.6557848959113852,3.71,1,False
1856,3.156329895623747,4.413043833632018,1.6587064448782474,3.712,1,False
1857,3.1579175988694157,4.410332782710264,1.6616301285787762,3.714,1,False
1858,3.159494676619836,4.407585109947101,1.6645559398684793,3.716,1,False
1859,3.1610610659728478,4.40480071460421,1.6674838716028593,3.718,1,False
1860,3.162616704026293,4.401979495943281,1.6704139166374237,3.72,1,False
1861,3.1641615278780106,4.399121353225995,1.6733460678276755,3.722,1,False
1862,3.165695474625844,4.396226185714041,1.6762803180291215,3.724,1,False
1863,3.167218481367632,4.393293892669102,1.6792166600972656,3.726,1,False
1864,3.1687304852012175,4.390324373352865,1.6821550868876138,3.728,1,False
1865,3.1702314232244397,4.387317527027016,1.6850955912556707,3.73,1,False
1866,3.171721232535141,4.384273252953239,1.688038166056942,3.732,1,False
1867,3.1731998502311622,4.381191450393221,1.6909828041469317,3.734,1,False
1868,3.1746672134103435,4.378072018608646,1.6939294983811461,3.736,1,False
1869,3.1761232591705255,4.3749148568612,1.6968782416150892,3.738,1,False
1870,3.177567924609551,4.37171986441257,1.6998290267042675,3.74,1,True
1871,3.179001146825259,4.368486940524439,1.7027818465041844,3.742,1,False
1872,3.180422862915491,4.365215984458494,1.705736693870347,3.744,1,False
1873,3.1818330099780896,4.36190689547642,1.7086935616582586,3.746,1,False
1874,3.1832315251108927,4.358559572839903,1.7116524427234254,3.748,1,False
1875,3.184618345411744,4.35517391581063,1.7146133299213524,3.75,1,False
1876,3.1859934079784837,4.351749823650283,1.7175762161075445,3.7520000000000002,1,False
1877,3.187356649908952,4.34828719562055,1.7205410941375066,3.754,1,False
1878,3.18870800830099,4.344785930983115,1.7235079568667442,3.7560000000000002,1,False
1879,3.190047420252439,4.341245928999665,1.7264767971507617,3.758,1,False
1880,3.1913748228611407,4.337667088931886,1.7294476078450656,3.7600000000000002,1,False
1881,3.192690153224934,4.334049310041461,1.7324203818051593,3.762,1,False
1882,3.1939933484416625,4.330392491590077,1.7353951118865498,3.7640000000000002,1,False
1883,3.195284345609166,4.326696532839422,1.7383717909447407,3.766,1,False
1884,3.196563081825284,4.3229613330511745,1.7413504118352376,3.7680000000000002,1,False
1885,3.19782949418786,4.319186791487028,1.7443309674135457,3.77,1,False
1886,3.199083519794733,4.315372807408663,1.7473134505351706,3.7720000000000002,1,False
1887,3.200325095743745,4.311519280077767,1.7502978540556162,3.774,1,False
1888,3.201554159132736,4.307626108756024,1.7532841708303883,3.7760000000000002,1,False
1889,3.202770647059549,4.303693192705122,1.7562723937149924,3.778,1,False
1890,3.2039744966220214,4.299720431186744,1.759262515564933,3.7800000000000002,1,False
1891,3.2051656449179973,4.295707723462577,1.7622545292357152,3.782,1,False
1892,3.206344029045317,4.2916549687943055,1.7652484275828448,3.7840000000000003,1,False
1893,3.2075095861018212,4.287562066443617,1.7682442034618262,3.786,1,False
1894,3.2086622531853504,4.283428915672194,1.7712418497281655,3.7880000000000003,1,False
1895,3.209801967393746,4.279255415741725,1.774241359237366,3.79,1,False
1896,3.2109286658248495,4.275041465913893,1.777242724844935,3.7920000000000003,1,False
1897,3.2120422855765014,4.270786965450386,1.780245939406376,3.794,1,False
1898,3.213142763746542,4.266491813612887,1.7832509957771951,3.7960000000000003,1,False
1899,3.2142300374328117,4.262155909663082,1.7862578868128958,3.798,1,False
1900,3.2153040437331537,4.257779152862658,1.7892666053689856,3.8000000000000003,1,False
1901,3.2163647197454077,4.253361442473301,1.7922771443009675,3.802,1,False
1902,3.217412002567415,4.248902677756694,1.7952894964643487,3.8040000000000003,1,False
1903,3.218445829297016,4.244402757974523,1.798303654714632,3.806,1,False
1904,3.219466137032052,4.239861582388475,1.8013196119073243,3.8080000000000003,1,False
1905,3.2204728628703645,4.235279050260234,1.8043373608979296,3.81,1,False
1906,3.221465943909793,4.230655060851487,1.8073568945419538,3.8120000000000003,1,False
1907,3.22244531724818,4.2259895134239205,1.8103782056949014,3.814,1,False
1908,3.2234109199833654,4.221282307239216,1.8134012872122784,3.8160000000000003,1,False
1909,3.2243626892131907,4.216533341559061,1.8164261319495885,3.818,1,False
1910,3.225300562035497,4.211742515645143,1.8194527327623382,3.8200000000000003,1,False
1911,3.2262244755481237,4.206909728759144,1.8224810825060314,3.822,1,False
1912,3.2271343668489156,4.202034880162754,1.8255111740361754,3.8240000000000003,1,False
1913,3.228030173035709,4.197117869117653,1.8285430002082719,3.826,1,False
1914,3.2289118312063474,4.192158594885531,1.831576553877829,3.8280000000000003,1,False
1915,3.229779278458672,4.187156956728072,1.8346118279003505,3.83,1,False
1916,3.230632451890523,4.18211285390696,1.8376488151313424,3.8320000000000003,1,False
1917,3.2314712885997414,4.177026185683885,1.8406875084263081,3.834,1,False
1918,3.232295725684168,4.171896851320526,1.8437279006407543,3.8360000000000003,1,False
1919,3.2331057002416435,4.166724750078574,1.846769984630185,3.838,1,False
1920,3.23390114937001,4.161509781219712,1.8498137532501058,3.84,1,False
1921,3.2346820101671074,4.1562518440056255,1.8528591993560228,3.842,1,False
1922,3.2354482197307775,4.1509508376980015,1.8559063158034395,3.844,1,False
1923,3.23619971515886,4.1456066615585225,1.8589550954478624,3.846,1,False
1924,3.2369364335491984,4.140219214848878,1.8620055311447954,3.848,1,False
1925,3.2376583119996303,4.13478839683075,1.8650576157497447,3.85,1,False
1926,3.2383652876079987,4.129314106765827,1.868111342118214,3.852,1,False
1927,3.2390572974721445,4.123796243915792,1.8711667031057102,3.854,1,False
1928,3.239734278689908,4.118234707542333,1.874223691567737,3.856,1,False
1929,3.2403961683591307,4.112629396907132,1.877282300359801,3.858,1,False
1930,3.241042903577654,4.106980211271879,1.880342522337405,3.86,1,False
1931,3.2416744214433173,4.101287049898255,1.8834043503560567,3.862,1,False
1932,3.242290659053962,4.095549812047949,1.8864677772712588,3.864,1,False
1933,3.2428915535074303,4.089768396982644,1.8895327959385186,3.866,1,False
1934,3.2434770419015626,4.083942703964029,1.8925993992133394,3.868,1,False
1935,3.244047061334199,4.078072632253784,1.8956675799512275,3.87,1,False
1936,3.244601548903181,4.0721580811136,1.8987373310076872,3.872,1,False
1937,3.2451404417063507,4.066198949805159,1.901808645238225,3.874,1,False
1938,3.2456636768415468,4.060195137590148,1.904881515498344,3.876,1,False
1939,3.246171191406612,4.054146543730251,1.9079559346435513,3.878,1,False
1940,3.246662922499387,4.0480530674871575,1.9110318955293506,3.88,1,False
1941,3.247138807217712,4.041914608122548,1.9141093910112477,3.882,1,False
1942,3.2475987826594284,4.035731064898112,1.9171884139447473,3.884,1,False
1943,3.2480427859223777,4.029502337075533,1.9202689571853553,3.886,1,False
1944,3.248470754104401,4.023228323916497,1.9233510135885759,3.888,1,False
1945,3.248882624303337,4.016908924682687,1.9264345760099144,3.89,1,False
1946,3.2492783336170286,4.010544038635793,1.9295196373048757,3.892,1,False
1947,3.2496578191433176,4.004133565037496,1.9326061903289664,3.894,1,False
1948,3.250021017980043,3.9976774031494866,1.9356942279376894,3.896,1,False
1949,3.250367867225047,3.9911754522334464,1.938783742986552,3.898,1,False
1950,3.2506983039761694,3.9846276115510633,1.9418747283310576,3.9,1,False
1951,3.2510122653312523,3.9780337803640196,1.9449671768267123,3.902,1,False
1952,3.2513096883881367,3.9713938579340047,1.9480610813290204,3.904,1,False
1953,3.251590510244663,3.964707743522701,1.9511564346934884,3.906,1,False
1954,3.251854667998672,3.957975336391796,1.9542532297756194,3.908,1,False
1955,3.2521020987480047,3.951196535802973,1.9573514594309207,3.91,1,False
1956,3.252332739590502,3.94437124101792,1.960451116514895,3.912,1,False
1957,3.252546527624006,3.9374993512983214,1.9635521938830502,3.914,1,False
1958,3.2527433999463566,3.9305807659058636,1.966654684390889,3.916,1,False
1959,3.2529232936553947,3.9236153841022294,1.969758580893918,3.918,1,False
1960,3.253086145848962,3.916603105149109,1.9728638762476414,3.92,1,False
1961,3.253231893624899,3.909543828308183,1.9759705633075657,3.922,1,False
1962,3.2533604740810462,3.90243745284114,1.9790786349291938,3.924,1,False
1963,3.2534718243152443,3.895283878009663,1.9821880839680324,3.926,1,False
1964,3.2535658814253363,3.888083003075442,1.9852989032795865,3.928,1,False
1965,3.2536425825091615,3.8808347273001567,1.988411085719361,3.93,1,False
1966,3.253701864664561,3.8735389499454977,1.9915246241428606,3.932,1,False
1967,3.2537436649893756,3.8661955702731463,1.9946395114055915,3.934,1,False
1968,3.2537679205814474,3.858804487544792,1.9977557403630577,3.936,1,False
1969,3.2537745685386166,3.851365601022117,2.0008733038707653,3.938,1,False
1970,3.2537635459587237,3.8438788099668093,2.003992194784218,3.94,1,False
1971,3.25373478993961,3.836344013640552,2.0071124059589223,3.942,1,False
1972,3.2536882375791163,3.828761111305033,2.010233930250382,3.944,1,False
1973,3.2536238259750845,3.8211300022219366,2.0133567605141045,3.946,1,False
1974,3.253541492225354,3.813450585652948,2.016480889605592,3.948,1,False
1975,3.2534411734277677,3.8057227608597524,2.019606310380352,3.95,1,False
1976,3.253322806680164,3.797946427104037,2.022733015693887,3.952,1,False
1977,3.2531863290803864,3.790121483647486,2.025860998401706,3.954,1,False
1978,3.253031677726275,3.782247829751787,2.0289902513593105,3.956,1,False
1979,3.2528587897156704,3.7743253646786212,2.032120767422208,3.958,1,False
1980,3.2526676021464134,3.7663539876896786,2.0352525394459016,3.96,1,False
1981,3.2524580521163458,3.758333598046641,2.0383855602858985,3.962,1,False
1982,3.2522300767233077,3.7502640950111985,2.041519822797702,3.964,1,False
1983,3.2519836130651396,3.7421453778450298,2.044655319836818,3.966,1,False
1984,3.251718598239685,3.7339773458098287,2.0477920442587516,3.968,1,False
1985,3.251434969344782,3.725759898167273,2.050929988919008,3.97,1,False
1986,3.2511326634782725,3.7174929341790546,2.0540691466730916,3.972,1,False
1987,3.2508116177379978,3.7091763531068542,2.0572095103765093,3.974,1,False
1988,3.2504717692217993,3.700810054212361,2.0603510728847643,3.976,1,False
1989,3.250113055027517,3.6923939367572567,2.063493827053363,3.978,1,False
1990,3.249735412252992,3.68392790000323,2.0666377657378088,3.98,1,False
1991,3.2493387779960656,3.6754118432119647,2.069782881793609,3.982,1,False
1992,3.2489230893545793,3.666845665645148,2.0729291680762674,3.984,1,False
1993,3.248488283426373,3.6582292665644625,2.0760766174412897,3.986,1,False
1994,3.248034297309287,3.649562545231597,2.0792252227441796,3.988,1,False
1995,3.247561068101165,3.6408454009082343,2.0823749768404447,3.99,1,False
1996,3.2470685328998448,3.6320777328560627,2.085525872585588,3.992,1,False
1997,3.2465566288031695,3.6232594403367653,2.088677902835116,3.994,1,False
1998,3.2460252929089797,3.6143904226120287,2.0918310604445325,3.996,1,False
1999,3.2454744623151157,3.6054705789435375,2.094985338269344,3.998,1,False
2000,3.244904074119419,3.59649980859298,2.0981407291650545,4.0,1,False
2001,3.2443140654197307,3.5874780108220383,2.101297225987169,4.002,1,False
2002,3.24370437331389,3.5784050848923954,2.1044548215911947,4.0040000000000004,1,False
2003,3.2430749348997407,3.569280930065745,2.107613508832634,4.006,1,False
2004,3.242425687275122,3.560105445603769,2.1107732805669928,4.008,1,False
2005,3.2417565675378754,3.550878530768151,2.1139341296497767,4.01,1,False
2006,3.2410675127858415,3.541600084820575,2.1170960489364927,4.0120000000000005,1,False
2007,3.2403584601168616,3.5322700070227318,2.120259031282642,4.014,1,False
2008,3.2396293466287767,3.5228881966363055,2.123423069543732,4.016,1,False
2009,3.2388801094194273,3.51345455292298,2.1265881565752673,4.018,1,False
2010,3.2381106855866535,3.503968975144436,2.129754285232754,4.0200000000000005,1,False
2011,3.237321012228299,3.49443136256237,2.132921448371696,4.022,1,False
2012,3.2365110264422023,3.4848416144384613,2.136089638847598,4.024,1,False
2013,3.2356806653262056,3.475199630034396,2.139258849515966,4.026,1,False
2014,3.2348298659781483,3.4655053086118546,2.1424290732323064,4.0280000000000005,1,False
2015,3.2339585654958745,3.455758549432532,2.145600302852122,4.03,1,False
2016,3.2330667009772216,3.445959251758109,2.1487725312309185,4.032,1,False
2017,3.232154209520033,3.4361073148502723,2.1519457512242015,4.034,1,False
2018,3.2312210282221487,3.426202637970702,2.1551199556874776,4.0360000000000005,1,False
2019,3.230267094181409,3.4162451203810917,2.158295137476249,4.038,1,False
2020,3.2292923444956565,3.406234661343124,2.1614712894460215,4.04,1,False
2021,3.228296716262731,3.3961711601184827,2.1646484044523016,4.042,1,False
2022,3.2272801465804735,3.3860545159688504,2.1678264753505943,4.0440000000000005,1,False
2023,3.226242572546725,3.375884628155921,2.171005494996403,4.046,1,False
2024,3.225183931259327,3.365661395941375,2.1741854562452336,4.048,1,False
2025,3.2241041598161204,3.3553847185868992,2.177366351952592,4.05,1,False
2026,3.223003195314946,3.345054495354174,2.1805481749739846,4.0520000000000005,1,False
2027,3.2218809748536437,3.3346706255048932,2.1837309181649127,4.054,1,False
2028,3.2207374355300553,3.3242330083007383,2.186914574380883,4.056,1,False
2029,3.219572514442023,3.3137415430033954,2.190099136477402,4.058,1,False
2030,3.2183861486873857,3.303196128874545,2.193284597309975,4.0600000000000005,1,False
2031,3.217178275363986,3.292596665175881,2.1964709497341044,4.062,1,False
2032,3.2159488315696647,3.281943051169086,2.1996581866052978,4.064,1,False
2033,3.214697754402261,3.271235186115844,2.202846300779058,4.066,1,False
2034,3.2134249809596174,3.2604729692778367,2.206035285110894,4.0680000000000005,1,False
2035,3.2121304483395736,3.249656299916758,2.2092251324563064,4.07,1,False
2036,3.2108140936399723,3.2387850772942897,2.212415835670802,4.072,1,False
2037,3.209475853958654,3.2278592006721176,2.215607387609887,4.074,1,False
2038,3.2081156663934585,3.2168785693119215,2.2187997811290674,4.0760000000000005,1,False
2039,3.206733468042228,3.205843082475396,2.2219930090838447,4.078,1,False
2040,3.205329196002803,3.194752639424224,2.2251870643297265,4.08,1,False
2041,3.203902787373025,3.183607139420089,2.2283819397222175,4.082,1,False
2042,3.2024541792507337,3.172406481724673,2.231577628116824,4.0840000000000005,1,False
2043,3.200983308733771,3.1611505655996703,2.234774122369049,4.086,1,False
2044,3.1994901129199773,3.149839290306761,2.2379714153343975,4.088,1,False
2045,3.197974528907195,3.138472555107632,2.2411694998683758,4.09,1,False
2046,3.196436493793262,3.127050259263963,2.244368368826491,4.0920000000000005,1,False
2047,3.1948759446760224,3.1155723020374504,2.2475680150642434,4.094,1,False
2048,3.193292818653317,3.104038582689774,2.2507684314371423,4.096,1,False
2049,3.191687052822985,3.092449000482619,2.25396961080069,4.098,1,False
2050,3.190058584282868,3.080803454677671,2.257171546010394,4.1,1,False
2051,3.1884073501308063,3.069101844536611,2.260374229921759,4.102,1,False
2052,3.1867332874646426,3.057344069321135,2.263577655390288,4.104,1,False
2053,3.1850363333822163,3.045530028292922,2.2667818152714876,4.106,1,False
2054,3.1833164249813697,3.0336596207136592,2.269986702420863,4.108,1,False
2055,3.1815734993599416,3.021732745845025,2.27319230969392,4.11,1,False
2056,3.1798074936157756,3.009749302948718,2.2763986299461623,4.112,1,False
2057,3.178018344846711,2.9977091912864156,2.2796056560330955,4.114,1,False
2058,3.1762059901505895,2.9856123101198047,2.2828133808102242,4.116,1,False
2059,3.1743703666252507,2.9734585587105657,2.286021797133056,4.118,1,False
2060,3.1725114113685375,2.9612478363203945,2.289230897857092,4.12,1,False
2061,3.1706290614782904,2.948980042210971,2.292440675837841,4.122,1,False
2062,3.16872325405235,2.9366550756439813,2.295651123930805,4.124,1,False
2063,3.1667939261885554,2.9242728358811045,2.2988622349914927,4.126,1,False
2064,3.1648410149847512,2.911833222184039,2.3020740018754062,4.128,1,False
2065,3.162864457538776,2.8993361338144625,2.3052864174380514,4.13,1,False
2066,3.1608641909484714,2.886781470034062,2.3084994745349334,4.132,1,False
2067,3.158840152311677,2.8741691301045167,2.3117131660215593,4.134,1,False
2068,3.1567922787262366,2.8614990132875233,2.3149274847534307,4.136,1,False
2069,3.1547205072899884,2.8487710188447615,2.318142423586054,4.138,1,False
2070,3.152624775100775,2.8359850460379183,2.321357975374936,4.14,1,False
2071,3.1505050192564363,2.8231409941286723,2.3245741329755814,4.142,1,False
2072,3.1483611768548143,2.81023876237872,2.327790889243493,4.144,1,False
2073,3.14619318499375,2.797278250049743,2.3310082370341774,4.146,1,False
2074,3.144000980771083,2.7842593564034246,2.3342261692031396,4.148,1,False
2075,3.1417845012846555,2.7711819807014466,2.337444678605887,4.15,1,False
2076,3.139543683632308,2.758046022205504,2.3406637580979206,4.152,1,False
2077,3.1372784649118817,2.744851380177278,2.343883400534748,4.154,1,False
2078,3.1349887822212166,2.7315979538784534,2.347103598771873,4.156,1,False
2079,3.132674572658155,2.718285642570711,2.350324345664804,4.158,1,False
2080,3.130335773320537,2.7049143455157463,2.3535456340690417,4.16,1,False
2081,3.127972321306205,2.69148396197524,2.356767456840093,4.162,1,False
2082,3.125584153712998,2.677994391210878,2.3599898068334633,4.164,1,False
2083,3.1231712076387574,2.664445532484339,2.3632126769046597,4.166,1,False
2084,3.120733420181325,2.6508372850573205,2.3664360599091827,4.168,1,False
2085,3.1182707284385414,2.637169548191503,2.3696599487025405,4.17,1,False
2086,3.1157830695082476,2.6234422211485704,2.3728843361402374,4.172,1,False
2087,3.1132703804882835,2.6096552031902034,2.3761092150777805,4.174,1,False
2088,3.1107325984764915,2.5958083935780993,2.3793345783706714,4.176,1,False
2089,3.1081696605707116,2.581901691573937,2.3825604188744163,4.178,1,False
2090,3.1055815038687866,2.5679349964394036,2.385786729444522,4.18,1,False
2091,3.102968065468554,2.5539082074361774,2.3890135029364945,4.182,1,False
2092,3.1003292824678583,2.5398212238259554,2.3922407322058348,4.184,1,False
2093,3.0976650919645388,2.525673944870418,2.39546841010805,4.186,1,False
2094,3.094975431056437,2.5114662698312515,2.3986965294986464,4.188,1,False
2095,3.0922602368413927,2.497198097970134,2.40192508323313,4.19,1,False
2096,3.089519446417248,2.482869328548763,2.405154064167001,4.192,1,False
2097,3.086752996881843,2.468479860828818,2.408383465155768,4.194,1,False
2098,3.0839608253330204,2.4540295940719865,2.411613279054937,4.196,1,False
2099,3.0811428688686187,2.4395184275399453,2.4148434987200127,4.198,1,False
2100,3.0782990645864805,2.424946260494393,2.4180741170064968,4.2,1,False
2101,3.0754293495844465,2.4103129921970097,2.421305126769898,4.202,1,False
2102,3.072533660960357,2.3956185219094803,2.4245365208657197,4.204,1,False
2103,3.0696119358120533,2.380862748893484,2.42776829214947,4.206,1,False
2104,3.0666641112373774,2.3660455724107194,2.43100043347665,4.208,1,False
2105,3.06369012433417,2.3511668917228654,2.4342329377027667,4.21,1,False
2106,3.06068991220027,2.3362266060916075,2.4374657976833247,4.212,1,False
2107,3.05766341193352,2.321224614778625,2.4406990062738307,4.214,1,False
2108,3.054610560631761,2.3061608170456154,2.4439325563297873,4.216,1,False
2109,3.051531295392835,2.291035112154259,2.4471664407067015,4.218,1,False
2110,3.04842555331458,2.2758473993662403,2.4504006522600768,4.22,1,False
2111,3.0452932714948386,2.2605975779432392,2.4536351838454222,4.222,1,False
2112,3.042134387031452,2.245285547146953,2.456870028318237,4.224,1,False
2113,3.038948837022262,2.2299112062390627,2.4601051785340298,4.226,1,False
2114,3.035736558565108,2.214474454481252,2.4633406273483054,4.228,1,False
2115,3.0324974887578304,2.1989751911352,2.4665763676165695,4.23,1,False
2116,3.0292315646982724,2.183413315462606,2.4698123921943256,4.232,1,False
2117,3.0259387234842743,2.167788726725149,2.4730486939370797,4.234,1,False
2118,3.0226189022136767,2.152101324184515,2.476285265700337,4.236,1,False
2119,3.0192720379843183,2.1363510071023812,2.4795221003396035,4.238,1,False
2120,3.0158980678940437,2.120537674740447,2.4827591907103814,4.24,1,False
2121,3.012496929040692,2.1046612263603923,2.485996529668178,4.242,1,False
2122,3.0090685585221055,2.0887215612239016,2.4892341100684985,4.244,1,False
2123,3.005612893436122,2.072718578592654,2.492471924766848,4.246,1,False
2124,3.0021298708805864,2.056652177728349,2.4957099666187315,4.248,1,False
2125,2.998619427953338,2.0405222578926643,2.4989482284796525,4.25,1,False
2126,2.995081501752218,2.0243287183472867,2.502186703205118,4.252,1,False
2127,2.991516029375064,2.008071458353893,2.5054253836506333,4.2540000000000004,1,False
2128,2.9879229479197225,1.9917503771741842,2.508664262671702,4.256,1,False
2129,2.984302194484032,1.9753653740698385,2.51190333312383,4.258,1,False
2130,2.980653706165833,1.958916348302541,2.515142587862522,4.26,1,False
2131,2.976977420062966,1.9424031991339703,2.5183820197432856,4.2620000000000005,1,False
2132,2.9732732732732736,1.925825825825826,2.521621621621622,4.264,1,False
0,1.1570570570570573,4.746246246246247,2.5888888888888895,0.0,2,False
1,1.1720049900705298,4.72592444987094,2.5699473849561096,0.002,2,False
2,1.1869102127883735,4.705695047696047,2.5510921462813014,0.004,2,False
3,1.2017727737992596,4.685557874857631,2.53232302606201,0.006,2,False
4,1.2165927216918582,4.665512766491763,2.513639877495784,0.008,2,False
5,1.2313701050548405,4.645559557734506,2.49504255378017,0.01,2,False
6,1.2461049724768765,4.625698083721927,2.476530908112715,0.012,2,False
7,1.260797372546638,4.605928179590093,2.4581047936909677,0.014,2,False
8,1.2754473538527948,4.586249680475071,2.4397640637124742,0.016,2,False
9,1.2900549649840178,4.566662421512926,2.421508571374782,0.018000000000000002,2,False
10,1.3046202545289787,4.5471662378397255,2.4033381698754384,0.02,2,False
11,1.3191432710763469,4.527760964591534,2.38525271241199,0.022,2,False
12,1.3336240632147942,4.508446436904423,2.367252052181986,0.024,2,False
13,1.3480626795329909,4.489222489914453,2.349336042382972,0.026000000000000002,2,False
14,1.3624591686196075,4.470088958757693,2.3315045362124955,0.028,2,False
15,1.376813579063315,4.45104567857021,2.3137573868681045,0.03,2,False
16,1.3911259594527838,4.432092484488069,2.296094447547345,0.032,2,False
17,1.4053963583766858,4.413229211647339,2.278515571447767,0.034,2,False
18,1.4196248244236898,4.394455695184081,2.2610206117669134,0.036000000000000004,2,False
19,1.4338114061824683,4.375771770234368,2.243609421702336,0.038,2,False
20,1.4479561522416913,4.357177271934262,2.226281854451579,0.04,2,False
21,1.4620591111900298,4.338672035419833,2.2090377632121916,0.042,2,False
22,1.4761203316161542,4.3202558958271435,2.1918770011817204,0.044,2,False
23,1.4901398621087354,4.301928688292262,2.1747994215577116,0.046,2,False
24,1.504117751256444,4.283690247951253,2.1578048775377128,0.048,2,False
25,1.5180540476479512,4.265540409940188,2.1408932223192734,0.05,2,False
26,1.5319487998719266,4.247479009395127,2.1240643090999383,0.052000000000000005,2,False
27,1.5458020565170423,4.229505881452141,2.107317991077256,0.054,2,False
28,1.5596138661719685,4.211620861247296,2.090654121448774,0.056,2,False
29,1.5733842774253761,4.193823783916655,2.0740725534120377,0.058,2,False
30,1.587113338865935,4.1761144845962885,2.057573140164597,0.06,2,False
31,1.6008010990823174,4.15849279842226,2.0411557349039975,0.062,2,False
32,1.6144476066631932,4.140958560530637,2.024820190827787,0.064,2,False
33,1.6280529101972325,4.123511606057487,2.008566361133512,0.066,2,False
34,1.6416170582731078,4.106151770138876,1.9923940990187217,0.068,2,False
35,1.6551400994794878,4.088878887910868,1.9763032576809607,0.07,2,False
36,1.6686220824050444,4.0716927945095325,1.9602936903177788,0.07200000000000001,2,False
37,1.682063055638448,4.054593325070934,1.9443652501267215,0.074,2,False
38,1.6954630677683697,4.03758031473114,1.9285177903053365,0.076,2,False
39,1.7088221673834803,4.020653598626217,1.9127511640511723,0.078,2,False
40,1.7221404030724499,4.00381301189223,1.8970652245617752,0.08,2,False
41,1.7354178234239497,3.987058389665248,1.881459825034692,0.082,2,False
42,1.7486544770266503,3.970389567081335,1.865934818667471,0.084,2,False
43,1.7618504124692222,3.9538063792765583,1.8504900586576587,0.08600000000000001,2,False
44,1.7750056783403372,3.9373086613869854,1.8351253982028028,0.088,2,False
45,1.7881203232286644,3.920896248548681,1.81984069050045,0.09,2,False
46,1.8011943957228762,3.9045689758977122,1.804635788748149,0.092,2,False
47,1.814227944411642,3.8883266785701447,1.789510546143445,0.094,2,False
48,1.8272210178836334,3.872169191702048,1.7744648158838876,0.096,2,False
49,1.8401736647275206,3.856096350429484,1.7594984511670224,0.098,2,False
50,1.8530859335319743,3.840107989888521,1.7446113051903966,0.1,2,False
51,1.8659578728856658,3.8242039452152277,1.729803231151559,0.10200000000000001,2,False
52,1.8787895313772658,3.808384051545668,1.715074082248056,0.10400000000000001,2,False
53,1.8915809575954443,3.7926481440159083,1.7004237116774343,0.106,2,False
54,1.9043322001288727,3.7769960577620165,1.6858519726372418,0.108,2,False
55,1.9170433075662217,3.761427627920057,1.6713587183250256,0.11,2,False
56,1.9297143284961618,3.7459426896260983,1.6569438019383333,0.112,2,False
57,1.9423453115073634,3.7305410780162056,1.6426070766747118,0.114,2,False
58,1.9549363051884985,3.7152226282264467,1.6283483957317093,0.116,2,False
59,1.9674873581282366,3.699987175392886,1.6141676123068718,0.11800000000000001,2,False
60,1.9799985189152485,3.6848345546515913,1.6000645795977466,0.12,2,False
61,1.9924698361382065,3.6697646011386302,1.5860391508018834,0.122,2,False
62,2.0049013583857787,3.6547771499900636,1.5720911791168248,0.124,2,False
63,2.017293134246638,3.639872036341966,1.5582205177401234,0.126,2,False
64,2.029645212309454,3.6250490953303975,1.5444270198693224,0.128,2,False
65,2.041957641162899,3.610308162091428,1.5307105387019715,0.13,2,False
66,2.054230469395641,3.5956490717611214,1.5170709274356164,0.132,2,False
67,2.0664637455963537,3.5810716594755467,1.5035080392678057,0.134,2,False
68,2.078657518353705,3.5665757603707666,1.4900217273960856,0.136,2,False
69,2.090811836256368,3.5521612095828536,1.4766118450180046,0.138,2,False
70,2.102926747893012,3.5378278422478675,1.4632782453311082,0.14,2,False
71,2.115002301852309,3.5235754935018804,1.4500207815329456,0.14200000000000002,2,False
72,2.1270385467229285,3.509403998480953,1.4368393068210625,0.14400000000000002,2,False
73,2.1390355310935423,3.4953131923211593,1.4237336743930085,0.146,2,False
74,2.150993303552821,3.4813029101585586,1.4107037374463285,0.148,2,False
75,2.162911912689433,3.467372987129219,1.3977493491785697,0.15,2,False
76,2.1747914070920533,3.4535232583692093,1.3848703627872812,0.152,2,False
77,2.186631835349348,3.439753559014594,1.372066631470009,0.154,2,False
78,2.1984332460499925,3.4260637242014402,1.359338008424301,0.156,2,False
79,2.2101956877826545,3.4124535890658145,1.3466843468477037,0.158,2,False
80,2.2219192091360047,3.398922988743783,1.3341054999377655,0.16,2,False
81,2.233603858698715,3.3854717583714122,1.3216013208920325,0.162,2,False
82,2.2452496850594557,3.372099733084769,1.3091716629080532,0.164,2,False
83,2.2568567368068972,3.3588067480199175,1.2968163791833738,0.166,2,False
84,2.2684250625297113,3.3455926383129277,1.2845353229155425,0.168,2,False
85,2.2799547108165674,3.3324572390998632,1.2723283473021052,0.17,2,False
86,2.2914457302561373,3.319400385516792,1.2601953055406112,0.17200000000000001,2,False
87,2.3028981694370914,3.3064219126997805,1.2481360508286061,0.17400000000000002,2,False
88,2.3143120769480996,3.293521655784894,1.236150436363638,0.176,2,False
89,2.3256875013778338,3.2806994499082007,1.2242383153432534,0.178,2,False
90,2.3370244913149647,3.2679551302057646,1.2123995409650012,0.18,2,False
91,2.3483230953481624,3.255288531813654,1.2006339664264267,0.182,2,False
92,2.359583362066098,3.2426994898679347,1.1889414449250784,0.184,2,False
93,2.3708053400574416,3.230187839504673,1.1773218296585028,0.186,2,False
94,2.3819890779108652,3.2177534158599372,1.165774973824249,0.188,2,False
95,2.393134624215039,3.20539605406979,1.1543007306198616,0.19,2,False
96,2.404242027558633,3.1931155892703007,1.14289895324289,0.192,2,False
97,2.415311336530319,3.180911856597535,1.1315694948908805,0.194,2,False
98,2.426342599718767,3.168784691187559,1.120312208761381,0.196,2,False
99,2.4373358657126483,3.1567339281764406,1.109126948051938,0.198,2,False
100,2.448291183100632,3.144759402700243,1.098013565960099,0.2,2,False
101,2.459208600471392,3.1328609498950355,1.0869719156834114,0.202,2,False
102,2.470088166413596,3.1210384048968844,1.076001850419423,0.20400000000000001,2,False
103,2.4809299295159164,3.1092916028418554,1.0651032233656805,0.20600000000000002,2,False
104,2.491733938367023,3.097620378866014,1.0542758877197314,0.20800000000000002,2,False
105,2.502500241555588,3.086024568105429,1.043519696679123,0.21,2,False
106,2.51322888767028,3.0745040056961646,1.0328345034414024,0.212,2,False
107,2.523919925299772,3.0630585267742867,1.0222201612041162,0.214,2,False
108,2.534573403032733,3.051687966475865,1.0116765231648133,0.216,2,False
109,2.545189369457835,3.0403921599369634,1.0012034425210397,0.218,2,False
110,2.555767873163747,3.0291709422936495,0.9908007724703437,0.22,2,False
111,2.566308962739143,3.0180241486819894,0.9804683662102719,0.222,2,False
112,2.5768126867726893,3.006951614238048,0.9702060769383711,0.224,2,False
113,2.58727909385306,2.995953174097893,0.9600137578521896,0.226,2,False
114,2.597708232568924,2.985028663397591,0.9498912621492738,0.228,2,False
115,2.608100151508954,2.9741779172732095,0.9398384430271722,0.23,2,False
116,2.6184548992618186,2.9634007708608125,0.9298551536834306,0.232,2,False
117,2.6287725244161906,2.952697059296469,0.9199412473155978,0.234,2,False
118,2.6390530755607386,2.942066617716244,0.9100965771212198,0.23600000000000002,2,False
119,2.649296601284135,2.9315092812562025,0.9003209962978441,0.23800000000000002,2,False
120,2.6595031501750492,2.9210248850524123,0.8906143580430186,0.24,2,False
121,2.669672770822153,2.9106132642409417,0.8809765155542904,0.242,2,False
122,2.6798055118141164,2.900274253957854,0.8714073220292063,0.244,2,False
123,2.6899014217396124,2.8900076893392175,0.8619066306653139,0.246,2,False
124,2.699960549187308,2.879813405521098,0.8524742946601602,0.248,2,False
125,2.7099829427458766,2.8696912376395622,0.8431101672112935,0.25,2,False
126,2.7199686510039873,2.859641020830676,0.8338141015162601,0.252,2,False
127,2.729917722550312,2.849662590230507,0.8245859507726074,0.254,2,False
128,2.7398302059735222,2.8397557809751217,0.8154255681778831,0.256,2,False
129,2.749706149862287,2.8299204282005843,0.8063328069296339,0.258,2,False
130,2.7595456028052774,2.820156367042963,0.7973075202254076,0.26,2,False
131,2.7693486133911644,2.8104634326383238,0.7883495612627508,0.262,2,False
132,2.7791152302086197,2.8008414601227334,0.7794587832392118,0.264,2,False
133,2.788845501846312,2.791290284632258,0.7706350393523371,0.266,2,False
134,2.7985394768929135,2.7818097413029634,0.7618781827996745,0.268,2,False
135,2.8081972039370946,2.7723996652709175,0.7531880667787707,0.27,2,False
136,2.8178187315675265,2.7630598916721856,0.7445645444871734,0.272,2,False
137,2.827404108372879,2.753790255642835,0.73600746912243,0.274,2,False
138,2.836953382941824,2.744590592318931,0.7275166938820874,0.276,2,False
139,2.8464666038630315,2.735460736836541,0.7190920719636931,0.278,2,False
140,2.855943819725171,2.7264005243317304,0.7107334565647938,0.28,2,False
141,2.8653850791169155,2.7174097899405654,0.702440700882938,0.28200000000000003,2,False
142,2.8747904306269345,2.708488368799115,0.6942136581156719,0.28400000000000003,2,False
143,2.8841599228438994,2.6996360960434442,0.6860521814605435,0.28600000000000003,2,False
144,2.893493604356481,2.690852806809618,0.6779561241150992,0.28800000000000003,2,False
145,2.9027915237533484,2.6821383362337037,0.6699253392768875,0.29,2,False
146,2.912053729623174,2.6734925194517687,0.6619596801434551,0.292,2,False
147,2.921280270554629,2.664915191599879,0.6540589999123485,0.294,2,False
148,2.930471195136382,2.6564061878141008,0.6462231517811161,0.296,2,False
149,2.939626551957106,2.6479653432304997,0.638451988947305,0.298,2,False
150,2.9487463896054704,2.6395924929851433,0.6307453646084619,0.3,2,False
151,2.957830756670146,2.631287472214098,0.6231031319621351,0.302,2,False
152,2.9668797017398036,2.6230501160534305,0.6155251442058707,0.304,2,False
153,2.9758932734031136,2.614880259639205,0.6080112545372164,0.306,2,False
154,2.984871520248748,2.606777738107491,0.6005613161537199,0.308,2,False
155,2.993814490865377,2.598742386594352,0.5931751822529278,0.31,2,False
156,3.0027222338416717,2.5907740402358574,0.5858527060323879,0.312,2,False
157,3.0115947977663016,2.5828725341680716,0.5785937406896478,0.314,2,False
158,3.0204322312279386,2.575037703527061,0.5713981394222539,0.316,2,False
159,3.029234582815252,2.567269383448894,0.5642657554277541,0.318,2,False
160,3.038001901116914,2.5595674090696345,0.5571964419036955,0.32,2,False
161,3.046734234721594,2.5519316155253504,0.5501900520476256,0.322,2,False
162,3.055431632217965,2.5443618379521067,0.5432464390570906,0.324,2,False
163,3.064094142194695,2.5368579114859733,0.5363654561296399,0.326,2,False
164,3.0727218132404577,2.5294196712630126,0.5295469564628186,0.328,2,False
165,3.0813146939439204,2.5220469524192923,0.5227907932541753,0.33,2,False
166,3.089872832893757,2.51473959009088,0.5160968197012566,0.332,2,False
167,3.098396278678637,2.5074974194138417,0.5094648890016106,0.334,2,False
168,3.1068850798872294,2.5003202755242424,0.5028948543527835,0.336,2,False
169,3.115339285108208,2.4932079935581504,0.49638656895232347,0.338,2,False
170,3.123758942930242,2.4861604086516316,0.4899398859977777,0.34,2,False
171,3.132144101942002,2.479177355940752,0.4835546586866932,0.342,2,False
172,3.140494810732159,2.472258670561578,0.4772307402166169,0.34400000000000003,2,False
173,3.148811117889383,2.4654041876501753,0.47096798378509697,0.34600000000000003,2,False
174,3.1570930720023465,2.4586137423426124,0.46476624258967986,0.34800000000000003,2,False
175,3.1653407216597182,2.4518871697749542,0.4586253698279135,0.35000000000000003,2,False
176,3.173554115450172,2.445224305083269,0.4525452186973449,0.352,2,False
177,3.1817333019623733,2.438624983403619,0.44652564239552084,0.354,2,False
178,3.189878329784998,2.432089039872076,0.4405664941199897,0.356,2,False
179,3.197989247506714,2.425616309624701,0.43466762706829776,0.358,2,False
180,3.206066103716194,2.419206627797566,0.4288288944379932,0.36,2,False
181,3.2141089470021056,2.412859829526732,0.423050149426622,0.362,2,False
182,3.222117825953125,2.4065757499482707,0.417331245231733,0.364,2,False
183,3.2300927891579154,2.400354224198244,0.4116720350508722,0.366,2,False
184,3.2380338852051547,2.3941950874127214,0.406072372081588,0.368,2,False
185,3.245941162683509,2.3880981747277676,0.4005321095214263,0.37,2,False
186,3.253814670181652,2.3820633212794506,0.3950511005679359,0.372,2,False
187,3.2616544562882517,2.376090362203834,0.3896291984186627,0.374,2,False
188,3.2694605695919816,2.3701791326369883,0.3842662562711554,0.376,2,False
189,3.2772330586815093,2.364329467714975,0.3789621273229598,0.378,2,False
190,3.284971972145509,2.3585412025738663,0.37371666477162435,0.38,2,False
191,3.2926773585726483,2.3528141723497225,0.3685297218146955,0.382,2,False
192,3.300349266551601,2.3471482121786154,0.36340115164972153,0.384,2,False
193,3.3079877446710344,2.3415431571966074,0.358330807474249,0.386,2,False
194,3.315592841519622,2.335998842539769,0.3533185424858254,0.388,2,False
195,3.323164605686033,2.330515103344162,0.34836420988199757,0.39,2,False
196,3.33070308575894,2.3250917747458564,0.3434676628603133,0.392,2,False
197,3.338208330327011,2.3197286918809166,0.33862875461831965,0.394,2,False
198,3.3456803879789194,2.314425689885411,0.33384733835356434,0.396,2,False
199,3.3531193073033334,2.3091826038954024,0.329123267263594,0.398,2,False
200,3.3605251368889273,2.3039992690469617,0.32445639454595604,0.4,2,False
201,3.367897925324367,2.298875520476152,0.31984657339819816,0.402,2,False
202,3.375237721198328,2.2938111933190433,0.3152936570178675,0.404,2,False
203,3.382544573099478,2.288806122711697,0.31079749860251066,0.406,2,False
204,3.3898185296164893,2.2838601437901835,0.3063579513496764,0.40800000000000003,2,False
205,3.3970596393380297,2.2789730916905673,0.30197486845691063,0.41000000000000003,2,False
206,3.4042679508527747,2.2741448015489167,0.29764810312176154,0.41200000000000003,2,False
207,3.4114435127493903,2.2693751085012956,0.2933775085417754,0.41400000000000003,2,False
208,3.418586373616553,2.2646638476837735,0.2891629379145003,0.41600000000000004,2,False
209,3.425696582042926,2.2600108542324135,0.28500424443748357,0.418,2,False
210,3.4327741866171873,2.2554159632832844,0.28090128130827186,0.42,2,False
211,3.4398192359280024,2.250879009972452,0.2768539017244132,0.422,2,False
212,3.446831778564045,2.2463998294359815,0.27286195888345394,0.424,2,False
213,3.4538118631139842,2.2419782568099413,0.26892530598294256,0.426,2,False
214,3.460759538166493,2.237614127230397,0.2650437962204252,0.428,2,False
215,3.4676748523102394,2.233307275833415,0.2612172827934501,0.43,2,False
216,3.474557854133896,2.229057537755062,0.2574456188995639,0.432,2,False
217,3.481408592226131,2.2248647481314032,0.253728657736314,0.434,2,False
218,3.488227115175619,2.220728742098506,0.2500662525012475,0.436,2,False
219,3.495013471571027,2.216649354792437,0.2464582563919124,0.438,2,False
220,3.5017677100010296,2.212626421349263,0.24290452260585532,0.44,2,False
221,3.5084898790542938,2.208659776905049,0.23940490434062395,0.442,2,False
222,3.515180027319492,2.2047492565958624,0.23595925479376476,0.444,2,False
223,3.521838203385296,2.2008946955577704,0.23256742716282652,0.446,2,False
224,3.528464455840375,2.197095928926838,0.22922927464535517,0.448,2,False
225,3.5350588332733994,2.193352791839132,0.22594465043889853,0.45,2,False
226,3.541621384273041,2.1896651194307193,0.2227134077410039,0.452,2,False
227,3.5481521574279706,2.1860327468376664,0.21953539974921857,0.454,2,False
228,3.5546512013268594,2.182455509196039,0.21641047966108934,0.456,2,False
229,3.5611185645583756,2.1789332416419036,0.21333850067416443,0.458,2,False
230,3.5675542957111928,2.175465779311327,0.21031931598598988,0.46,2,False
231,3.57395844337398,2.1720529573403753,0.2073527787941142,0.462,2,False
232,3.580331056135408,2.1686946108651157,0.20443874229608444,0.464,2,False
233,3.586672182584149,2.165390575021615,0.20157705968944736,0.466,2,False
234,3.5929818713088735,2.1621406849459377,0.1987675841717502,0.468,2,False
235,3.599260170898251,2.1589447757741507,0.19601016894054074,0.47000000000000003,2,False
236,3.605507129940953,2.1558026826423213,0.1933046671933655,0.47200000000000003,2,False
237,3.611722797025649,2.152714240686516,0.19065093212777312,0.47400000000000003,2,False
238,3.6179072207410115,2.149679285042801,0.18804881694130957,0.47600000000000003,2,False
239,3.62406044967571,2.1466976508472424,0.18549817483152314,0.47800000000000004,2,False
240,3.630182532418416,2.1437691732359068,0.1829988589959599,0.48,2,False
241,3.636273517557801,2.1408936873448607,0.1805507226321684,0.482,2,False
242,3.6423334536825345,2.138071028310171,0.1781536189376954,0.484,2,False
243,3.6483623893812864,2.1353010312679026,0.17580740111008794,0.486,2,False
244,3.6543603732427283,2.1325835313541237,0.17351192234689355,0.488,2,False
245,3.6603274538555324,2.1299183637048995,0.17126703584565936,0.49,2,False
246,3.6662636798083685,2.1273053634562973,0.1690725948039329,0.492,2,False
247,3.672169099689905,2.124744365744383,0.16692845241926169,0.494,2,False
248,3.6780437620888162,2.122235205705223,0.16483446188919224,0.496,2,False
249,3.6838877155937713,2.119777718474884,0.162790476411272,0.498,2,False
250,3.689701008793441,2.1173717391894327,0.160796349183049,0.5,2,False
251,3.695483690276496,2.1150171029849347,0.1588519334020701,0.502,2,False
252,3.701235808631607,2.112713644997457,0.1569570822658818,0.504,2,False
253,3.7069574124474456,2.110461200363066,0.1551116489720328,0.506,2,False
254,3.7126485503126814,2.1082596042178285,0.15331548671806966,0.508,2,False
255,3.718309270815985,2.1061086916978096,0.1515684487015394,0.51,2,False
256,3.723939622546028,2.104008297939077,0.14987038811998976,0.512,2,False
257,3.7295396540914814,2.1019582580776968,0.1482211581709673,0.514,2,False
258,3.735109414041014,2.099958407249735,0.14662061205202073,0.516,2,False
259,3.740648950983298,2.0980085805912587,0.14506860296069599,0.518,2,False
260,3.7461583135070065,2.096108613238334,0.14356498409454033,0.52,2,False
261,3.751637550200806,2.094258340327027,0.14210960865110198,0.522,2,False
262,3.7570867096533695,2.092457596993405,0.1407023298279281,0.524,2,False
263,3.7625058404533656,2.0907062183735334,0.13934300082256576,0.526,2,False
264,3.767894991189469,2.08900403960348,0.13803147483256162,0.528,2,False
265,3.7732542104503475,2.08735089581931,0.13676760505546348,0.53,2,False
266,3.7785835468246716,2.08574662215709,0.13555124468881918,0.532,2,False
267,3.7838830489011133,2.0841910537528867,0.1343822469301752,0.534,2,False
268,3.789152765268344,2.082684025742766,0.13326046497707847,0.536,2,False
269,3.794392744515033,2.081225373262795,0.13218575202707716,0.538,2,False
270,3.7996030352298504,2.079814931449041,0.13115796127771917,0.54,2,False
271,3.804783686001468,2.0784525354375685,0.13017694592654988,0.542,2,False
272,3.8099347454185586,2.077138020364445,0.12924255917111785,0.544,2,False
273,3.8150562620697888,2.0758712213657367,0.12835465420897005,0.546,2,False
274,3.8201482845438317,2.0746519735775095,0.12751308423765392,0.548,2,False
275,3.8252108614293574,2.0734801121358304,0.12671770245471664,0.55,2,False
276,3.8302440413150385,2.072355472176767,0.12596836205770537,0.552,2,False
277,3.8352478727895436,2.071277888836383,0.12526491624416705,0.554,2,False
278,3.840222404441543,2.070247197250747,0.12460721821165034,0.556,2,False
279,3.84516768485971,2.0692632325559246,0.12399512115770113,0.558,2,False
280,3.8500837626327122,2.068325829887983,0.1234284782798673,0.56,2,False
281,3.854970686349224,2.0674348243829876,0.1229071427756959,0.562,2,False
282,3.859828504597912,2.0665900511770054,0.12243096784273466,0.5640000000000001,2,False
283,3.8646572659674514,2.065791345406103,0.12199980667852996,0.5660000000000001,2,False
284,3.869457019046509,2.0650385422063455,0.12161351248062989,0.5680000000000001,2,False
285,3.8742278124237575,2.0643314767138015,0.12127193844658148,0.5700000000000001,2,False
286,3.8789696946878673,2.063669984064536,0.12097493777393194,0.5720000000000001,2,False
287,3.883682714427509,2.0630538993946157,0.12072236366022872,0.5740000000000001,2,False
288,3.8883669202313533,2.0624830578401063,0.12051406930301915,0.5760000000000001,2,False
289,3.8930223606880725,2.0619572945370765,0.12034990789984994,0.578,2,False
290,3.897649084386334,2.06147644462159,0.12022973264826951,0.58,2,False
291,3.9022471399148118,2.061040343229716,0.12015339674582409,0.582,2,False
292,3.9068165758621745,2.060648825497517,0.12012075339006113,0.584,2,False
293,3.9113574408170946,2.0603017265610637,0.12013165577852854,0.586,2,False
294,3.9158697833682408,2.0599988815564196,0.12018595710877308,0.588,2,False
295,3.920353652104286,2.059740125619653,0.120283510578342,0.59,2,False
296,3.924809095613898,2.0595252938868285,0.12042416938478262,0.592,2,False
297,3.9292361624857515,2.059354221494015,0.12060778672564286,0.594,2,False
298,3.9336349013085137,2.0592267435772755,0.12083421579846869,0.596,2,False
299,3.9380053606708585,2.0591426952726803,0.1211033098008087,0.598,2,False
300,3.9423475891614537,2.0591019117162923,0.12141492193020945,0.6,2,False
301,3.9466616353689727,2.0591042280441814,0.12176890538421825,0.602,2,False
302,3.9509475478820817,2.05914947939241,0.12216511336038292,0.604,2,False
303,3.955205375289457,2.059237500897049,0.12260339905625034,0.606,2,False
304,3.959435166179766,2.0593681276941607,0.12308361566936739,0.608,2,False
305,3.9636369691416813,2.059541194919815,0.12360561639728243,0.61,2,False
306,3.9678108327638713,2.059756537710074,0.12416925443754136,0.612,2,False
307,3.97195680563501,2.0600139912010094,0.12477438298769282,0.614,2,False
308,3.9760749363437635,2.0603133905286835,0.12542085524528296,0.616,2,False
309,3.980165273478808,2.060654570829166,0.1261085244078604,0.618,2,False
310,3.9842278656288093,2.0610373672385203,0.1268372436729711,0.62,2,False
311,3.9882627613824435,2.0614616148928153,0.12760686623816273,0.622,2,False
312,3.992270009328374,2.0619271489281146,0.12841724530098292,0.624,2,False
313,3.9962496580552798,2.062433804480487,0.12926823405897858,0.626,2,False
314,4.000201756151825,2.0629814166859983,0.13015968570969694,0.628,2,False
315,4.004126352206684,2.0635698206807156,0.1310914534506859,0.63,2,False
316,4.008023494808525,2.064198851600703,0.132063390479492,0.632,2,False
317,4.011893232546022,2.0648683445820306,0.13307534999366316,0.634,2,False
318,4.015735614007843,2.0655781347607607,0.13412718519074582,0.636,2,False
319,4.019550687782661,2.0663280572729636,0.13521874926828878,0.638,2,False
320,4.0233385024591435,2.0671179472547023,0.13634989542383744,0.64,2,False
321,4.027099106625965,2.067947639842046,0.13752047685494065,0.642,2,False
322,4.030832548871793,2.068816970171059,0.13873034675914425,0.644,2,False
323,4.034538877785301,2.0697257733778103,0.13997935833399716,0.646,2,False
324,4.038218141955157,2.0706738845983628,0.1412673647770454,0.648,2,False
325,4.041870389970033,2.0716611389687865,0.1425942192858365,0.65,2,False
326,4.0454956704186,2.072687371625145,0.14395977505791804,0.652,2,False
327,4.04909403188953,2.073752417703507,0.14536388529083735,0.654,2,False
328,4.052665522971491,2.0748561123399365,0.1468064031821411,0.656,2,False
329,4.0562101922531575,2.075998290670503,0.14828718192937732,0.658,2,False
330,4.059728088323193,2.077178787831269,0.14980607473009308,0.66,2,False
331,4.063219259770277,2.0783974389583055,0.15136293478183543,0.662,2,False
332,4.066683755183075,2.079654079187675,0.15295761528215215,0.664,2,False
333,4.070121623150261,2.0809485436554467,0.15458996942858944,0.666,2,False
334,4.0735329122605,2.0822806674976846,0.156259850418696,0.668,2,False
335,4.0769176711024695,2.0836502858504575,0.1579671114500179,0.67,2,False
336,4.080275948264835,2.085057233849829,0.15971160572010334,0.672,2,False
337,4.083607792336274,2.086501346631869,0.1614931864264987,0.674,2,False
338,4.086913251905446,2.0879824593326415,0.16331170676675233,0.676,2,False
339,4.090192375561035,2.089500407088214,0.16516701993841082,0.678,2,False
340,4.0934452118917,2.091055025034651,0.16705897913902126,0.68,2,False
341,4.0966718094861205,2.092646148308023,0.16898743756613166,0.682,2,False
342,4.099872216932961,2.0942736120443914,0.1709522484172886,0.684,2,False
343,4.103046482820898,2.095937251379827,0.17295326489003973,0.686,2,False
344,4.106194655738595,2.0976369014503926,0.17499034018193274,0.6880000000000001,2,False
345,4.10931678427473,2.0993723973921576,0.17706332749051382,0.6900000000000001,2,False
346,4.112412917017971,2.101143574341186,0.17917208001333104,0.6920000000000001,2,False
347,4.115483102556988,2.102950267433547,0.18131645094793178,0.6940000000000001,2,False
348,4.118527389480451,2.104792311805305,0.1834962934918631,0.6960000000000001,2,False
349,4.121545826377034,2.106669542592527,0.18571146084267198,0.6980000000000001,2,False
350,4.124538461835401,2.108581794931278,0.1879618061979062,0.7000000000000001,2,False
351,4.1275053444442324,2.110528903957627,0.19024718275511257,0.7020000000000001,2,False
352,4.130446522792192,2.112510704807639,0.1925674437118384,0.704,2,False
353,4.133362045467951,2.11452703261738,0.19492244226563182,0.706,2,False
354,4.136251961060184,2.116577722522917,0.19731203161403885,0.708,2,False
355,4.1391163181575585,2.1186626096603174,0.19973606495460813,0.71,2,False
356,4.141955165348745,2.1207815291656464,0.20219439548488558,0.712,2,False
357,4.144768551222417,2.122934316174971,0.20468687640241962,0.714,2,False
358,4.147556524367241,2.1251208058243565,0.20721336090475706,0.716,2,False
359,4.150319133371893,2.1273408332498707,0.2097737021894449,0.718,2,False
360,4.153056426825039,2.129594233587579,0.21236775345403117,0.72,2,False
361,4.1557684533153525,2.1318808419735493,0.21499536789606227,0.722,2,False
362,4.158455261431504,2.1342004935438466,0.21765639871308556,0.724,2,False
363,4.161116899762162,2.1365530234345376,0.2203506991026494,0.726,2,False
364,4.163753416896001,2.1389382667816887,0.2230781222622999,0.728,2,False
365,4.166364861421689,2.141356058721367,0.22583852138958427,0.73,2,False
366,4.168951281927897,2.1438062343896385,0.22863174968205108,0.732,2,False
367,4.171512727003297,2.146288628922569,0.23145766033724643,0.734,2,False
368,4.174049245236559,2.148803077456227,0.23431610655271845,0.736,2,False
369,4.176560885216353,2.151349415126676,0.2372069415260133,0.738,2,False
370,4.179047695531351,2.1539274770699848,0.2401300184546799,0.74,2,False
371,4.181509724770223,2.156537098422218,0.24308519053626332,0.742,2,False
372,4.183947021521639,2.159178114319444,0.24607231096831322,0.744,2,False
373,4.186359634374271,2.161850359897728,0.24909123294837526,0.746,2,False
374,4.1887476119167895,2.1645536702931363,0.25214180967399713,0.748,2,False
375,4.191111002737865,2.1672878806417355,0.25522389434272624,0.75,2,False
376,4.193449855426168,2.170052826079593,0.2583373401521101,0.752,2,False
377,4.19576421857037,2.1728483417427737,0.26148200029969587,0.754,2,False
378,4.198054140759141,2.175674262767344,0.2646577279830304,0.756,2,False
379,4.200319670581153,2.178530424289373,0.26786437639966154,0.758,2,False
380,4.202560856625077,2.1814166614449237,0.27110179874713586,0.76,2,False
381,4.20477774747958,2.184332809370065,0.2743698482230015,0.762,2,False
382,4.2069703917333365,2.187278703200862,0.27766837802480543,0.764,2,False
383,4.209138837975015,2.1902541780733817,0.28099724135009446,0.766,2,False
384,4.2112831347932875,2.1932590691236897,0.2843562913964165,0.768,2,False
385,4.213403330776824,2.1962932114878537,0.2877453813613185,0.77,2,False
386,4.2154994745142975,2.1993564403019388,0.2911643644423475,0.772,2,False
387,4.217571614594376,2.202448590702013,0.29461309383705164,0.774,2,False
388,4.219619799605731,2.2055694978241416,0.29809142274297723,0.776,2,False
389,4.221644078137034,2.2087189968043908,0.30159920435767257,0.778,2,False
390,4.223644498776954,2.2118969227788283,0.3051362918786841,0.78,2,False
391,4.225621110114165,2.215103110883519,0.3087025385035594,0.782,2,False
392,4.227573960737335,2.21833739625453,0.3122977974298455,0.784,2,False
393,4.229503099235134,2.2215996140279284,0.3159219218550901,0.786,2,False
394,4.231408574196235,2.22488959933978,0.3195747649768404,0.788,2,False
395,4.233290434209308,2.2282071873261504,0.3232561799926434,0.79,2,False
396,4.235148727863024,2.231552213123108,0.32696602010004705,0.792,2,False
397,4.236983503746052,2.2349245118667174,0.33070413849659763,0.794,2,False
398,4.238794810447065,2.2383239186930455,0.33447038837984283,0.796,2,False
399,4.240582696554733,2.24175026873816,0.3382646229473305,0.798,2,False
400,4.2423472106577265,2.2452033971381256,0.3420866953966071,0.8,2,False
401,4.244088401344716,2.24868313902901,0.3459364589252204,0.802,2,False
402,4.245806317204373,2.2521893295468782,0.3498137667307179,0.804,2,False
403,4.2475010068253685,2.2557218038277975,0.353718472010646,0.806,2,False
404,4.249172518796373,2.259280397007836,0.3576504279625529,0.808,2,False
405,4.250820901706054,2.262864944223056,0.3616094877839857,0.81,2,False
406,4.252446204143087,2.2664752806095283,0.3655955046724912,0.812,2,False
407,4.254048474696139,2.270111241303317,0.36960833182561703,0.8140000000000001,2,False
408,4.255627761953886,2.2737726614404883,0.3736478224409102,0.8160000000000001,2,False
409,4.257184114504992,2.27745937615711,0.3777138297159186,0.8180000000000001,2,False
410,4.258717580938131,2.281171220589247,0.3818062068481888,0.8200000000000001,2,False
411,4.260228209841976,2.2849080298729674,0.38592480703526894,0.8220000000000001,2,False
412,4.261716049805194,2.288669639144336,0.39006948347470577,0.8240000000000001,2,False
413,4.263181149416457,2.2924558835394206,0.39424008936404625,0.8260000000000001,2,False
414,4.264623557264436,2.2962665981942867,0.39843647790083775,0.8280000000000001,2,False
415,4.266043321937802,2.300101618245001,0.40265850228262823,0.8300000000000001,2,False
416,4.2674404920252265,2.303960778827631,0.4069060157069646,0.8320000000000001,2,False
417,4.268815116115377,2.3078439150782404,0.4111788713713938,0.834,2,False
418,4.270167242796928,2.311750862132898,0.41547692247346324,0.836,2,False
419,4.271496920658548,2.3156814551276703,0.41980002221072094,0.838,2,False
420,4.272804198288908,2.319635529198622,0.42414802378071353,0.84,2,False
421,4.27408912427668,2.3236129194818216,0.4285207803809882,0.842,2,False
422,4.275351747210535,2.3276134611133346,0.4329181452090926,0.844,2,False
423,4.276592115679139,2.331636989229226,0.43733997146257353,0.846,2,False
424,4.277810278271169,2.335683338965564,0.44178611233897874,0.848,2,False
425,4.279006283575293,2.339752345458414,0.44625642103585555,0.85,2,False
426,4.280180180180181,2.3438438438438443,0.4507507507507509,0.852,2,False
427,4.2813320166745035,2.3479576692579194,0.4552689546812122,0.854,2,False
428,4.282461841646935,2.3520936568367063,0.4598108860247868,0.856,2,False
429,4.283569703686142,2.356251641716272,0.4643763979790218,0.858,2,False
430,4.284655651380798,2.3604314590326814,0.4689653437414646,0.86,2,False
431,4.285719733319571,2.364632943922002,0.4735775765096624,0.862,2,False
432,4.286761998091133,2.3688559315203017,0.4782129494811631,0.864,2,False
433,4.287782494284155,2.373100256963644,0.48287131585351317,0.866,2,False
434,4.28878127048731,2.3773657553880967,0.48755252882425965,0.868,2,False
435,4.289758375289263,2.381652261929727,0.4922564415909515,0.87,2,False
436,4.290713857278692,2.3859596117245996,0.49698290735113393,0.872,2,False
437,4.29164776504426,2.3902876399087827,0.501731779302356,0.874,2,False
438,4.292560147174646,2.3946361816183424,0.5065029106421631,0.876,2,False
439,4.293451052258513,2.399005071989344,0.5112961545681043,0.878,2,False
440,4.294320528884538,2.4033941461578543,0.5161113642777257,0.88,2,False
441,4.295168625641386,2.4078032392599407,0.5209483929685756,0.882,2,False
442,4.295995391117732,2.4122321864316683,0.5258070938382,0.884,2,False
443,4.296800873902244,2.4166808228091043,0.5306873200841477,0.886,2,False
444,4.297585122583596,2.4211489835283153,0.5355889249039647,0.888,2,False
445,4.298348185750456,2.4256365037253675,0.5405117614951993,0.89,2,False
446,4.299090111991497,2.430143218536327,0.5454556830553976,0.892,2,False
447,4.299810949895387,2.434668963097261,0.550420542782108,0.894,2,False
448,4.300510748050798,2.4392135725442357,0.5554061938728768,0.896,2,False
449,4.301189555046401,2.4437768820133168,0.5604124895252528,0.898,2,False
450,4.301847419470867,2.4483587266405706,0.5654392829367809,0.9,2,False
451,4.302484389912865,2.4529589415620645,0.5704864273050109,0.902,2,False
452,4.30310051496107,2.457577361913865,0.5755537758274883,0.904,2,False
453,4.303695843204146,2.4622138228320374,0.5806411817017616,0.906,2,False
454,4.304270423230769,2.466868159452649,0.5857484981253768,0.908,2,False
455,4.3048243036296086,2.4715402069117665,0.5908755782958827,0.91,2,False
456,4.305357532989337,2.4762298003454557,0.5960222754108253,0.912,2,False
457,4.305870159898621,2.4809367748897837,0.6011884426677527,0.914,2,False
458,4.306362232946134,2.485660965680816,0.606373933264212,0.916,2,False
459,4.306833800720545,2.490402207854619,0.6115786003977495,0.918,2,False
460,4.3072849118105285,2.4951603365472605,0.6168022972659142,0.92,2,False
461,4.307715614804749,2.4999351868948056,0.6220448770662521,0.922,2,False
462,4.3081259582918845,2.504726594033321,0.6273061929963106,0.924,2,False
463,4.3085159908606,2.509534393098873,0.6325860982536381,0.926,2,False
464,4.30888576109957,2.5143584192275283,0.6378844460357802,0.928,2,False
465,4.309235317597461,2.5191985075553545,0.643201089540286,0.93,2,False
466,4.3095647089429505,2.5240544932184164,0.6485358819647011,0.932,2,False
467,4.309873983724702,2.52892621135278,0.6538886765065737,0.934,2,False
468,4.310163190531391,2.5338134970945143,0.659259326363451,0.936,2,False
469,4.310432377951685,2.538716185579682,0.6646476847328802,0.9380000000000001,2,False
470,4.310681594574258,2.5436341119443533,0.6700536048124083,0.9400000000000001,2,False
471,4.310910888987777,2.548567111324592,0.6754769397995829,0.9420000000000001,2,False
472,4.311120309780917,2.5535150188564653,0.6809175428919513,0.9440000000000001,2,False
473,4.311309905542346,2.5584776696760407,0.6863752672870608,0.9460000000000001,2,False
474,4.311479724860734,2.563454898919383,0.6918499661824586,0.9480000000000001,2,False
475,4.311629816324754,2.56844654172256,0.6973414927756921,0.9500000000000001,2,False
476,4.311760228523077,2.5734524332216373,0.7028497002643083,0.9520000000000001,2,False
477,4.31187101004437,2.5784724085526816,0.7083744418458552,0.9540000000000001,2,False
478,4.311962209477309,2.5835063028517586,0.7139155707178784,0.9560000000000001,2,False
479,4.3120338754105605,2.5885539512549354,0.7194729400779271,0.9580000000000001,2,False
480,4.312086056432797,2.593615188898279,0.7250464031235477,0.96,2,False
481,4.312118801132689,2.5986898509178546,0.7306358130522872,0.962,2,False
482,4.312132158098907,2.60377777244973,0.7362410230616939,0.964,2,False
483,4.312126175920122,2.6088787886299705,0.741861886349314,0.966,2,False
484,4.312100903185006,2.6139927345946434,0.7474982561126955,0.968,2,False
485,4.312056388482227,2.6191194454798135,0.7531499855493854,0.97,2,False
486,4.311992680400456,2.624258756421549,0.758816927856931,0.972,2,False
487,4.311909827528367,2.6294105025559156,0.7644989362328795,0.974,2,False
488,4.311807878454628,2.63457451901898,0.7701958638747779,0.976,2,False
489,4.31168688176791,2.639750640946809,0.7759075639801745,0.978,2,False
490,4.3115468860568855,2.644938703475468,0.7816338897466155,0.98,2,False
491,4.3113879399102215,2.6501385417410233,0.7873746943716486,0.982,2,False
492,4.311210091916593,2.6553499908795435,0.7931298310528219,0.984,2,False
493,4.3110133906646695,2.6605728860270923,0.7988991529876818,0.986,2,False
494,4.31079788474312,2.6658070623197374,0.8046825133737747,0.988,2,False
495,4.310563622740616,2.6710523548935456,0.8104797654086495,0.99,2,False
496,4.310310653245828,2.6763085988845816,0.8162907622898528,0.992,2,False
497,4.310039024847428,2.6815756294289144,0.8221153572149318,0.994,2,False
498,4.3097487861340875,2.6868532816626094,0.8279534033814338,0.996,2,False
499,4.309439985694474,2.6921413907217318,0.8338047539869061,0.998,2,False
500,4.309112672117261,2.69743979174235,0.8396692622288967,1.0,2,False
501,4.308766893991118,2.7027483198605284,0.8455467813049519,1.002,2,False
502,4.3084026999047165,2.7080668102123346,0.8514371644126193,1.004,2,False
503,4.308020138446726,2.713395097933836,0.8573402647494467,1.006,2,False
504,4.307619258205818,2.718733018161097,0.8632559355129805,1.008,2,False
505,4.307200107770664,2.724080406030185,0.869184029900768,1.01,2,False
506,4.306762735729933,2.729437096677166,0.8751244011103575,1.012,2,False
507,4.306307190672296,2.7348029252381068,0.8810769023392956,1.014,2,False
508,4.305833521186426,2.740177726849075,0.8870413867851297,1.016,2,False
509,4.305341775860993,2.7455613366461353,0.8930177076454068,1.018,2,False
510,4.304832003284665,2.7509535897653543,0.8990057181176742,1.02,2,False
511,4.304304252046116,2.7563543213427995,0.90500527139948,1.022,2,False
512,4.303758570734015,2.761763366514536,0.9110162206883701,1.024,2,False
513,4.303195007937032,2.767180560416631,0.9170384191818932,1.026,2,False
514,4.3026136122438405,2.772605738185151,0.9230717200775959,1.028,2,False
515,4.302014432243109,2.778038734956162,0.9291159765730252,1.03,2,False
516,4.301397516523509,2.783479385865731,0.9351710418657287,1.032,2,False
517,4.300762913673711,2.788927526049924,0.9412367691532542,1.034,2,False
518,4.300110672282385,2.7943829906448077,0.947313011633148,1.036,2,False
519,4.299440840938203,2.7998456147864474,0.9533996225029581,1.038,2,False
520,4.298753468229838,2.805315233610912,0.9594964549602317,1.04,2,False
521,4.298048602745954,2.8107916822542656,0.9656033622025159,1.042,2,False
522,4.297326293075228,2.816274795852576,0.9717201974273583,1.044,2,False
523,4.2965865878063285,2.8217644095419083,0.9778468138323048,1.046,2,False
524,4.295829535527926,2.82726035845833,0.983983064614905,1.048,2,False
525,4.2950551848286915,2.8327624777379072,0.9901288029727041,1.05,2,False
526,4.294263584297295,2.8382706025167064,0.9962838821032508,1.052,2,False
527,4.293454782522408,2.843784567930794,1.0024481552040914,1.054,2,False
528,4.292628828092703,2.849304209116237,1.0086214754727738,1.056,2,False
529,4.291785769596848,2.8548293612091005,1.0148036961068456,1.058,2,False
530,4.290925655623515,2.860359859345452,1.0209946703038533,1.06,2,False
531,4.290048534761374,2.865895538661358,1.0271942512613441,1.062,2,False
532,4.289154455599096,2.8714362342928834,1.033402292176866,1.064,2,False
533,4.288243466725353,2.8769817813760974,1.039618646247966,1.066,2,False
534,4.287315616728813,2.8825320150470635,1.0458431666721912,1.068,2,False
535,4.286370954198149,2.888086770441849,1.0520757066470887,1.07,2,False
536,4.285409527722032,2.893645882696523,1.0583161193702069,1.072,2,False
537,4.284431385889131,2.899209186947148,1.0645642580390917,1.074,2,False
538,4.283436577288119,2.904776518329793,1.0708199758512913,1.076,2,False
539,4.282425150507664,2.910347711980522,1.0770831260043519,1.078,2,False
540,4.281397154136439,2.915922603035405,1.0833535616958223,1.08,2,False
541,4.280352636763113,2.9215010266305055,1.0896311361232491,1.082,2,False
542,4.2792916469763576,2.92708281790189,1.0959157024841786,1.084,2,False
543,4.278214233364844,2.9326678119856266,1.1022071139761591,1.086,2,False
544,4.2771204445172435,2.9382558440177813,1.108505223796739,1.088,2,False
545,4.276010329022224,2.94384674913442,1.1148098851434634,1.09,2,False
546,4.274883935468458,2.949440362471609,1.1211209512138807,1.092,2,False
547,4.273741312444619,2.9550365191654144,1.1274382752055376,1.094,2,False
548,4.272582508539372,2.960635054351904,1.1337617103159823,1.096,2,False
549,4.271407572341392,2.9662358031671436,1.140091109742762,1.098,2,False
550,4.270216552439349,2.971838600747199,1.146426326683423,1.1,2,False
551,4.269009497421913,2.977443282228138,1.152767214335513,1.102,2,False
552,4.267786455877754,2.9830496827460253,1.1591136258965797,1.104,2,False
553,4.266547476395545,2.9886576374369285,1.1654654145641699,1.106,2,False
554,4.265292607563954,2.9942669814369136,1.1718224335358316,1.108,2,False
555,4.264021897971655,2.9998775498820467,1.1781845360091106,1.11,2,False
556,4.262735396207315,3.0054891779083954,1.184551575181556,1.112,2,False
557,4.261433150859609,3.0111017006520253,1.1909234042507146,1.114,2,False
558,4.260115210517204,3.0167149532490027,1.1972998764141325,1.116,2,False
559,4.258781623768773,3.0223287708353945,1.203680844869358,1.118,2,False
560,4.257432439202985,3.0279429885472666,1.2100661628139382,1.12,2,False
561,4.256067705408512,3.033557441520686,1.2164556834454205,1.122,2,False
562,4.254687470974024,3.0391719648917186,1.2228492599613523,1.124,2,False
563,4.253291784488192,3.044786393796431,1.2292467455592802,1.1260000000000001,2,False
564,4.251880694539687,3.0504005633708897,1.2356479934367524,1.1280000000000001,2,False
565,4.250454249717181,3.0560143087511613,1.2420528567913156,1.1300000000000001,2,False
566,4.249012498609342,3.0616274650733124,1.2484611888205173,1.1320000000000001,2,False
567,4.247555489804842,3.067239867473408,1.2548728427219042,1.1340000000000001,2,False
568,4.246083271892352,3.0728513510875173,1.2612876716930248,1.1360000000000001,2,False
569,4.244595893460542,3.0784617510517034,1.2677055289314247,1.1380000000000001,2,False
570,4.243093403098085,3.0840709025020363,1.274126267634653,1.1400000000000001,2,False
571,4.24157584939365,3.089678640574579,1.2805497410002558,1.1420000000000001,2,False
572,4.240043280935906,3.095284800405399,1.2869758022257805,1.1440000000000001,2,False
573,4.238495746313525,3.100889217130564,1.2934043045087746,1.1460000000000001,2,False
574,4.236933294115181,3.10649172588614,1.2998351010467861,1.1480000000000001,2,False
575,4.23535597292954,3.1120921618081923,1.3062680450373605,1.1500000000000001,2,False
576,4.233763831345275,3.117690360032788,1.3127029896780467,1.1520000000000001,2,False
577,4.232156917951057,3.123286155695995,1.3191397881663915,1.154,2,False
578,4.230535281335556,3.1288793839338767,1.3255782936999418,1.156,2,False
579,4.228898970087444,3.134469879882502,1.332018359476245,1.158,2,False
580,4.22724803279539,3.140057478677937,1.33845983869285,1.16,2,False
581,4.225582518048065,3.145642015456246,1.3449025845473013,1.162,2,False
582,4.223902474434139,3.1512233253534987,1.351346450237148,1.164,2,False
583,4.222207950542286,3.1568012435057584,1.3577912889599364,1.166,2,False
584,4.220498994961175,3.1623756050490943,1.3642369539132146,1.168,2,False
585,4.218775656279474,3.1679462451195706,1.3706832982945296,1.17,2,False
586,4.217037983085858,3.1735129988532553,1.3771301753014293,1.172,2,False
587,4.215286023968996,3.1790757013862145,1.3835774381314605,1.174,2,False
588,4.213519827517557,3.1846341878545137,1.3900249399821694,1.176,2,False
589,4.211739442320214,3.19018829339422,1.3964725340511048,1.178,2,False
590,4.209944916965639,3.1957378531414005,1.4029200735358132,1.18,2,False
591,4.208136300042499,3.2012827022321195,1.4093674116338417,1.182,2,False
592,4.206313640139466,3.206822675802446,1.4158144015427383,1.184,2,False
593,4.204476985845211,3.212357608988444,1.4222608964600505,1.186,2,False
594,4.202626385748407,3.2178873369261827,1.4287067495833246,1.188,2,False
595,4.200761888437723,3.2234116947517273,1.4351518141101085,1.19,2,False
596,4.198883542501828,3.228930517601142,1.4415959432379486,1.192,2,False
597,4.196991396529395,3.234443640610497,1.4480389901643942,1.194,2,False
598,4.195085499109094,3.239950898915856,1.4544808080869902,1.196,2,False
599,4.193165898829595,3.2454521276532864,1.4609212502032853,1.198,2,False
600,4.19123264427957,3.2509471619588552,1.4673601697108272,1.2,2,False
601,4.189285784047689,3.256435836968627,1.4737974198071613,1.202,2,False
602,4.1873253667226225,3.261917987818671,1.4802328536898366,1.204,2,False
603,4.185351440893044,3.267393449645051,1.4866663245563994,1.206,2,False
604,4.18336405514762,3.272862057583835,1.4930976856043976,1.208,2,False
605,4.181363258075022,3.2783236467710877,1.4995267900313782,1.21,2,False
606,4.179349098263925,3.2837780523428792,1.5059534910348893,1.212,2,False
607,4.177321624302995,3.2892251094352725,1.5123776418124768,1.214,2,False
608,4.175280884780904,3.2946646531843338,1.5187990955616888,1.216,2,False
609,4.173226928286325,3.3000965187261317,1.5252177054800715,1.218,2,False
610,4.1711598034079245,3.305520541196732,1.5316333247651748,1.22,2,False
611,4.169079558734377,3.3109365557322,1.538045806614543,1.222,2,False
612,4.166986242854351,3.3163443974686033,1.5444550042257248,1.224,2,False
613,4.164879904356519,3.321743901542008,1.5508607707962672,1.226,2,False
614,4.16276059182955,3.3271349030884814,1.5572629595237186,1.228,2,False
615,4.1606283538621165,3.332517237244088,1.563661423605625,1.23,2,False
616,4.158483239042888,3.337890739144894,1.5700560162395325,1.232,2,False
617,4.156325295960536,3.3432552439269694,1.5764465906229916,1.234,2,False
618,4.15415457320373,3.3486105867263776,1.5828329999535475,1.236,2,False
619,4.151971119361141,3.3539566026791845,1.5892150974287473,1.238,2,False
620,4.149774983021442,3.359293126921459,1.595592736246139,1.24,2,False
621,4.147566212773301,3.364619994589268,1.601965769603271,1.242,2,False
622,4.14534485720539,3.369937040818674,1.6083340506976873,1.244,2,False
623,4.143110964906379,3.3752441007457454,1.6146974327269383,1.246,2,False
624,4.140864584464939,3.3805410095065493,1.6210557688885694,1.248,2,False
625,4.138605764469742,3.385827602237153,1.6274089123801296,1.25,2,False
626,4.136334553509458,3.391103714073621,1.6337567163991655,1.252,2,False
627,4.1340510001727555,3.39636918015202,1.6400990341432231,1.254,2,False
628,4.13175515304831,3.4016238356084165,1.646435718809851,1.256,2,False
629,4.129447060724788,3.406867515578878,1.652766623596596,1.258,2,False
630,4.127126771790861,3.4121000551994696,1.659091601701006,1.26,2,False
631,4.124794334835201,3.4173212896062584,1.6654105063206273,1.262,2,False
632,4.122449798446477,3.4225310539353115,1.6717231906530086,1.264,2,False
633,4.120093211213363,3.427729183322694,1.6780295078956962,1.266,2,False
634,4.117724621724527,3.432915512904473,1.6843293112462367,1.268,2,False
635,4.11534407856864,3.4380898778167146,1.6906224539021781,1.27,2,False
636,4.112951630334373,3.4432521131954856,1.6969087890610683,1.272,2,False
637,4.110547325610397,3.4484020541768525,1.7031881699204543,1.274,2,False
638,4.108131212985383,3.4535395358968817,1.7094604496778831,1.276,2,False
639,4.105703341048,3.458664393491639,1.715725481530902,1.278,2,False
640,4.103263758386921,3.463776462097191,1.721983118677058,1.28,2,False
641,4.1008125135908156,3.4688755768496042,1.728233214313898,1.282,2,False
642,4.098349655248356,3.4739615728849462,1.7344756216389712,1.284,2,False
643,4.09587523194821,3.479034285339282,1.740710193849823,1.286,2,False
644,4.09338929227905,3.4840935493486787,1.7469367841440016,1.288,2,False
645,4.090891884829548,3.4891392000492023,1.7531552457190538,1.29,2,False
646,4.088383058188373,3.4941710725769197,1.7593654317725276,1.292,2,False
647,4.0858628609441965,3.4991890020678973,1.765567195501969,1.294,2,False
648,4.083331341685689,3.5041928236582014,1.7717603901049273,1.296,2,False
649,4.08078854900152,3.509182372483897,1.7779448687789474,1.298,2,False
650,4.078234531480362,3.5141574836810534,1.7841204847215781,1.3,2,False
651,4.0756693377108855,3.519117992385734,1.790287091130366,1.302,2,False
652,4.073093016281761,3.524063733734008,1.7964445412028593,1.304,2,False
653,4.07050561578166,3.5289945428619416,1.8025926881366048,1.306,2,False
654,4.067907184799251,3.5339102549055976,1.808731385129149,1.308,2,False
655,4.065297771923207,3.538810705001047,1.8148604853780408,1.31,2,False
656,4.062677425742198,3.5436957282843533,1.8209798420808259,1.312,2,False
657,4.060046194844894,3.5485651598915844,1.8270893084350521,1.314,2,False
658,4.057404127819966,3.5534188349588067,1.8331887376382672,1.316,2,False
659,4.0547512732560875,3.5582565886220854,1.8392779828880181,1.318,2,False
660,4.052087679741924,3.563078256017487,1.8453568973818517,1.32,2,False
661,4.04941339586615,3.5678836722810794,1.8514253343173157,1.322,2,False
662,4.046728470217436,3.5726726725489284,1.8574831468919575,1.324,2,False
663,4.044032951384453,3.5774450919570997,1.863530188303324,1.326,2,False
664,4.041326887955869,3.5822007656416615,1.8695663117489631,1.328,2,False
665,4.038610328520357,3.5869395287386783,1.875591370426422,1.33,2,False
666,4.035883321666587,3.591661216384217,1.8816052175332465,1.332,2,False
667,4.033145915983232,3.5963656637143444,1.8876077062669863,1.334,2,False
668,4.030398160058958,3.601052705865126,1.8935986898251866,1.336,2,False
669,4.0276401024824375,3.605722177972629,1.8995780214053957,1.338,2,False
670,4.0248717918423464,3.6103739151729224,1.9055455542051614,1.34,2,False
671,4.022093276727349,3.6150077526020685,1.9115011414220293,1.342,2,False
672,4.019304605726118,3.619623525396135,1.9174446362535487,1.344,2,False
673,4.016505827427326,3.624221068691189,1.9233758918972657,1.346,2,False
674,4.013696990419643,3.6288002176232963,1.9292947615507272,1.348,2,False
675,4.010878143291736,3.6333608073285237,1.9352010984114811,1.35,2,False
676,4.008049334632281,3.6379026729429387,1.9410947556770743,1.352,2,False
677,4.005210613029943,3.642425649602604,1.9469755865450542,1.354,2,False
678,4.0023620270734,3.6469295724435917,1.95284344421297,1.356,2,False
679,3.999503625351317,3.651414276601962,1.958698181878365,1.358,2,False
680,3.996635456452367,3.6558795972137865,1.9645396527387906,1.36,2,False
681,3.993757568965221,3.66032536941513,1.9703677099917918,1.362,2,False
682,3.9908700114785494,3.6647514283420577,1.976182206834916,1.364,2,False
683,3.987972832581021,3.669157609130637,1.9819829964657112,1.366,2,False
684,3.98506608086131,3.673543746916934,1.9877699320817237,1.368,2,False
685,3.982149804908085,3.6779096768370168,1.9935428668805024,1.37,2,False
686,3.9792240533100163,3.682255234026949,1.9993016540595925,1.372,2,False
687,3.976288874655776,3.6865802536227976,2.0050461468165426,1.374,2,False
688,3.9733443175340333,3.6908845707606313,2.0107761983489,1.3760000000000001,2,False
689,3.9703904305334605,3.6951680205765145,2.0164916618542112,1.3780000000000001,2,False
690,3.967427262242728,3.6994304382065137,2.0221923905300243,1.3800000000000001,2,False
691,3.9644548612505055,3.7036716587866967,2.0278782375738866,1.3820000000000001,2,False
692,3.9614732761454654,3.707891517453128,2.0335490561833445,1.3840000000000001,2,False
693,3.9584825555162784,3.712089849341876,2.0392046995559463,1.3860000000000001,2,False
694,3.9554827479516126,3.7162664895890063,2.0448450208892393,1.3880000000000001,2,False
695,3.9524739020401416,3.720421273330585,2.050469873380769,1.3900000000000001,2,False
696,3.9494560663705354,3.7245540357026785,2.0560791102280853,1.3920000000000001,2,False
697,3.9464292895314634,3.7286646118413533,2.0616725846287327,1.3940000000000001,2,False
698,3.943393620111597,3.732752836882676,2.067250149780261,1.3960000000000001,2,False
699,3.940349106699608,3.736818545962713,2.0728116588802155,1.3980000000000001,2,False
700,3.937295797884167,3.7408615742175315,2.0783569651261455,1.4000000000000001,2,False
701,3.934233742253943,3.7448817567831965,2.083885921715597,1.4020000000000001,2,False
702,3.931162988397609,3.7488789287957758,2.0893983818461175,1.4040000000000001,2,False
703,3.9280835849038342,3.752852925391335,2.094894198715254,1.4060000000000001,2,False
704,3.92499558036129,3.756803581705939,2.1003732255205536,1.408,2,False
705,3.921899023358647,3.760730732875657,2.1058353154595637,1.41,2,False
706,3.9187939624845756,3.764634214036556,2.1112803217298337,1.412,2,False
707,3.9156804463277473,3.768513860324699,2.1167080975289085,1.414,2,False
708,3.9125585234768314,3.772369506876154,2.1221184960543353,1.416,2,False
709,3.9094282425205,3.776200988826988,2.127511370503662,1.418,2,False
710,3.9062896520474246,3.7800081413132687,2.1328865740744374,1.42,2,False
711,3.9031428006462736,3.7837907994710602,2.138243959964207,1.422,2,False
712,3.899987736905718,3.7875487984364273,2.143583381370517,1.424,2,False
713,3.8968245094144307,3.7912819733454417,2.1489046914909173,1.426,2,False
714,3.8936531667610823,3.7949901593341657,2.1542077435229543,1.428,2,False
715,3.8904737575343407,3.798673191538667,2.1594923906641745,1.43,2,False
716,3.8872863303228775,3.802330905095012,2.1647584861121247,1.432,2,False
717,3.884090933715367,3.805963135139267,2.170005883064355,1.434,2,False
718,3.8808876163004755,3.8095697168074985,2.1752344347184094,1.436,2,False
719,3.8776764266668757,3.8131504852357727,2.1804439942718377,1.438,2,False
720,3.8744574134032383,3.8167052755601563,2.1856344149221854,1.44,2,False
721,3.8712306250982333,3.820233922916716,2.1908055498670005,1.442,2,False
722,3.867996110340533,3.8237362624415177,2.19595725230383,1.444,2,False
723,3.8647539177188075,3.827212129270629,2.2010893754302225,1.446,2,False
724,3.8615040958217257,3.8306613585401146,2.206201772443723,1.448,2,False
725,3.8582466932379607,3.8340837853860426,2.211294296541881,1.45,2,False
726,3.854981758556182,3.8374792449444763,2.216366800922242,1.452,2,False
727,3.851709340365061,3.8408475723514854,2.2214191387823545,1.454,2,False
728,3.8484294872532683,3.844188602743136,2.226451163319765,1.456,2,False
729,3.8451422478094743,3.8475021712554938,2.2314627277320223,1.458,2,False
730,3.84184767062235,3.850788113024626,2.2364536852166723,1.46,2,False
731,3.8385458042805656,3.854046263186597,2.2414238889712617,1.462,2,False
732,3.8352366973727925,3.8572764568774747,2.2463731921933388,1.464,2,False
733,3.8319203984877013,3.8604785292333252,2.251301448080451,1.466,2,False
734,3.8285969562139632,3.863652315390215,2.2562085098301443,1.468,2,False
735,3.825266419140248,3.8667976504842114,2.261094230639968,1.47,2,False
736,3.821928835855227,3.86991436965138,2.2659584637074683,1.472,2,False
737,3.81858425494757,3.8730023080277864,2.2708010622301926,1.474,2,False
738,3.81523272500595,3.8760613007494995,2.2756218794056875,1.476,2,False
739,3.8118742946190354,3.8790911829525827,2.280420768431501,1.478,2,False
740,3.808509012375498,3.8820917897731047,2.285197582505181,1.48,2,False
741,3.805136926864008,3.885062956347131,2.2899521748242733,1.482,2,False
742,3.8017580866732366,3.8880045178107268,2.2946843985863263,1.484,2,False
743,3.798372540391855,3.8909163092999606,2.299394106988887,1.486,2,False
744,3.7949803366085333,3.8937981659509,2.304081153229503,1.488,2,False
745,3.7915815239119417,3.896649922899607,2.3087453905057203,1.49,2,False
746,3.788176150890751,3.8994714152821506,2.3133866720150866,1.492,2,False
747,3.7847642661336343,3.9022624782345994,2.3180048509551514,1.494,2,False
748,3.781345918229259,3.9050229468930158,2.322599780523459,1.496,2,False
749,3.777921155766298,3.907752656393469,2.327171313917558,1.498,2,False
750,3.774490027333422,3.910451441872023,2.331719304334996,1.5,2,False
751,3.7710525815193003,3.9131191384647472,2.33624360497332,1.502,2,False
752,3.767608866912605,3.915755581307706,2.3407440690300776,1.504,2,False
753,3.7641589321020064,3.9183606055369657,2.345220549702815,1.506,2,False
754,3.760702825676174,3.9209340462885947,2.3496729001890797,1.508,2,False
755,3.7572405962237814,3.9234757386986576,2.3541009736864202,1.51,2,False
756,3.753772292333496,3.92598551790322,2.358504623392382,1.512,2,False
757,3.750297962593992,3.9284632190383513,2.362883702504515,1.514,2,False
758,3.7468176555939365,3.9309086772401147,2.367238064220363,1.516,2,False
759,3.7433314199220034,3.9333217276445804,2.3715675617374767,1.518,2,False
760,3.7398393041668614,3.935702205387813,2.375872048253402,1.52,2,False
761,3.7363413569171824,3.938049945605877,2.3801513769656855,1.522,2,False
762,3.7328376267616363,3.9403647834348403,2.3844054010718745,1.524,2,False
763,3.729328162288895,3.9426465540107714,2.3886339737695175,1.526,2,False
764,3.725813012087628,3.944895092469733,2.392836948256161,1.528,2,False
765,3.7222922247465045,3.947110233947792,2.3970141777293517,1.53,2,False
766,3.7187658488542,3.9492918135810187,2.401165515386638,1.532,2,False
767,3.715233932999382,3.951439666505476,2.405290814425568,1.534,2,False
768,3.7116965257707215,3.9535536278572314,2.4093899280436855,1.536,2,False
769,3.708153675756889,3.9556335327723504,2.413462709438541,1.538,2,False
770,3.704605431546556,3.9576792163869015,2.4175090118076814,1.54,2,False
771,3.701051841728394,3.959690513836951,2.421528688348653,1.542,2,False
772,3.6974929548910707,3.9616672602585616,2.425521592259003,1.544,2,False
773,3.69392881962326,3.9636092907878027,2.4294875767362796,1.546,2,False
774,3.690359484513631,3.965516440560741,2.433426494978029,1.548,2,False
775,3.6867849981508556,3.967388544713443,2.4373382001817996,1.55,2,False
776,3.683205409123603,3.969225438381973,2.441222545545138,1.552,2,False
777,3.679620766020545,3.9710269567024006,2.4450793842655925,1.554,2,False
778,3.6760311174303535,3.97279293481079,2.448908569540709,1.556,2,False
779,3.672436511941696,3.9745232078432067,2.4527099545680353,1.558,2,False
780,3.668836998143246,3.9762176109357203,2.456483392545119,1.56,2,False
781,3.6652326246236724,3.977875979224394,2.4602287366695053,1.562,2,False
782,3.661623439971648,3.979498147845298,2.463945840138746,1.564,2,False
783,3.658009492775842,3.9810839519344943,2.4676345561503847,1.566,2,False
784,3.6543908316249256,3.982633226628053,2.4712947379019687,1.568,2,False
785,3.650767505107569,3.9841458070620366,2.4749262385910464,1.57,2,False
786,3.6471395618124443,3.9856215283725156,2.478528911415166,1.572,2,False
787,3.643507050328221,3.987060225695556,2.4821026095718737,1.574,2,False
788,3.6398700192435705,3.988461734167222,2.485647186258716,1.576,2,False
789,3.636228517147163,3.9898258889235807,2.4891624946732414,1.578,2,False
790,3.632582592627669,3.9911525251006985,2.4926483880129964,1.58,2,False
791,3.6289322942737607,3.9924414778346438,2.4961047194755297,1.582,2,False
792,3.6252776706741066,3.993692582261479,2.4995313422583862,1.584,2,False
793,3.6216187704173803,3.994905673517275,2.502928109559115,1.586,2,False
794,3.617955642092249,3.9960805867380955,2.5062948745752633,1.588,2,False
795,3.6142883342873877,3.997217157060008,2.5096314905043777,1.59,2,False
796,3.6106168955914635,3.9983152196190783,2.5129378105440057,1.592,2,False
797,3.6069413745931485,3.9993746095513716,2.5162136878916948,1.594,2,False
798,3.6032618198811135,4.000395161992958,2.5194589757449917,1.596,2,False
799,3.5995782800440286,4.0013767120799,2.5226735273014445,1.598,2,False
800,3.5958908036705655,4.002319094948266,2.5258571957585993,1.6,2,False
801,3.5921994393493955,4.0032221457341235,2.5290098343140057,1.602,2,False
802,3.588504235669188,4.004085699573538,2.532131296165209,1.604,2,False
803,3.5848052412186138,4.0049095916025745,2.5352214345097566,1.606,2,False
804,3.581102504586344,4.0056936569573,2.538280102545196,1.608,2,False
805,3.5773960743610482,4.006437730773781,2.541307153469075,1.61,2,False
806,3.573685999131399,4.007141648188085,2.5443024404789405,1.612,2,False
807,3.569972327486067,4.007805244336279,2.547265816772339,1.614,2,False
808,3.5662551080137224,4.008428354354427,2.55019713554682,1.616,2,False
809,3.5625343893030346,4.009010813378596,2.553096249999928,1.618,2,False
810,3.5588102199426777,4.0095524565448555,2.5559630133292126,1.62,2,False
811,3.555082648521317,4.010053118989267,2.5587972787322197,1.622,2,False
812,3.5513517236276293,4.0105126358479,2.561598899406497,1.624,2,False
813,3.5476174938502827,4.010930842256823,2.5643677285495925,1.6260000000000001,2,False
814,3.5438800077779455,4.011307573352095,2.567103619359051,1.6280000000000001,2,False
815,3.540139313999293,4.01164266426979,2.569806425032423,1.6300000000000001,2,False
816,3.536395461102993,4.011935950145973,2.5724759987672545,1.6320000000000001,2,False
817,3.5326484976777164,4.0121872661167055,2.575112193761092,1.6340000000000001,2,False
818,3.528898472312135,4.012396447318059,2.5777148632114835,1.6360000000000001,2,False
819,3.5251454335949193,4.0125633288861,2.580283860315976,1.6380000000000001,2,False
820,3.5213894301147395,4.0126877459568915,2.582819038272117,1.6400000000000001,2,False
821,3.5176305104602674,4.0127695336665035,2.585320250277454,1.6420000000000001,2,False
822,3.5138687232201713,4.012808527150998,2.5877873495295343,1.6440000000000001,2,False
823,3.5101041169831255,4.0128045615464485,2.5902201892259056,1.6460000000000001,2,False
824,3.5063367403377974,4.0127574719889125,2.592618622564113,1.6480000000000001,2,False
825,3.502566641872859,4.012667093614463,2.5949825027417055,1.6500000000000001,2,False
826,3.498793870176982,4.012533261559165,2.59731168295623,1.6520000000000001,2,False
827,3.495018473838836,4.012355810959083,2.5996060164052355,1.6540000000000001,2,False
828,3.491240501447093,4.012134576950286,2.6018653562862664,1.6560000000000001,2,False
829,3.487460001590422,4.011869394668839,2.6040895557968717,1.6580000000000001,2,False
830,3.4836770228574947,4.011560099250808,2.6062784681345983,1.6600000000000001,2,False
831,3.479891613836982,4.011206525832261,2.608431946496994,1.6620000000000001,2,False
832,3.4761038231175547,4.010808509549263,2.6105498440816053,1.6640000000000001,2,False
833,3.4723136992878825,4.0103658855378805,2.612632014085979,1.666,2,False
834,3.4685212909366365,4.00987848893418,2.6146783097076636,1.668,2,False
835,3.4647266466524886,4.00934615487423,2.6166885841442062,1.67,2,False
836,3.4609298150241083,4.008768718494094,2.618662690593154,1.672,2,False
837,3.457130844640167,4.008146014929842,2.620600482252054,1.674,2,False
838,3.453329784089335,4.007477879317535,2.622501812318453,1.676,2,False
839,3.4495266819602834,4.006764146793245,2.6243665339899,1.678,2,False
840,3.445721586841682,4.006004652493034,2.6261945004639395,1.68,2,False
841,3.441914547322203,4.005199231552971,2.627985564938122,1.682,2,False
842,3.4381056119905162,4.004347719109123,2.6297395806099924,1.684,2,False
843,3.434294829435293,4.0034499502975525,2.6314564006770986,1.686,2,False
844,3.4304822482452035,4.002505760254332,2.6331358783369896,1.688,2,False
845,3.4266679170089183,4.001514984115522,2.634777866787209,1.69,2,False
846,3.4228518843151092,4.000477457017191,2.6363822192253075,1.692,2,False
847,3.4190341987524455,3.999393014095409,2.6379487888488304,1.694,2,False
848,3.4152149089095993,3.9982614904862377,2.6394774288553267,1.696,2,False
849,3.4113940633752406,3.997082721325745,2.6409679924423424,1.698,2,False
850,3.4075717107380403,3.9958565417499985,2.642420332807425,1.7,2,False
851,3.403747899586669,3.994582786895063,2.6438343031481217,1.702,2,False
852,3.3999226785097973,3.9932612918970065,2.6452097566619805,1.704,2,False
853,3.3960960960960964,3.9918918918918926,2.646546546546547,1.706,2,False
854,3.3922681985614314,3.9904744825780765,2.6478445764533194,1.708,2,False
855,3.3884390226304446,3.9890092019030434,2.649103951849582,1.71,2,False
856,3.3846086026549718,3.987496248376569,2.650324828656572,1.712,2,False
857,3.3807769729868515,3.985935820508425,2.651507362795526,1.714,2,False
858,3.3769441679779186,3.984328116808386,2.6526517101876768,1.716,2,False
859,3.373110221980012,3.9826733357862274,2.653758026754263,1.718,2,False
860,3.369275169344967,3.980971675951719,2.654826468416518,1.72,2,False
861,3.3654390444246203,3.979223335814637,2.655857191095678,1.722,2,False
862,3.361601881570809,3.977428513884753,2.656850350712979,1.724,2,False
863,3.3577637151353694,3.975587408671842,2.6578061031896563,1.726,2,False
864,3.35392457947014,3.9737002186856794,2.658724604446946,1.728,2,False
865,3.350084508926955,3.971767142436032,2.659606010406082,1.73,2,False
866,3.3462435378576534,3.9697883784326806,2.6604504769883013,1.732,2,False
867,3.3424017006140714,3.9677641251853952,2.6612581601148393,1.734,2,False
868,3.338559031548045,3.9656945812039495,2.662029215706932,1.736,2,False
869,3.3347155650114106,3.963579944998116,2.6627637996858136,1.738,2,False
870,3.330871335356006,3.9614204150776704,2.6634620679727194,1.74,2,False
871,3.3270263769336688,3.9592161899523868,2.6641241764888877,1.742,2,False
872,3.323180724096234,3.956967468132036,2.664750281155552,1.744,2,False
873,3.3193344111955385,3.9546744481263914,2.6653405378939485,1.746,2,False
874,3.315487472583419,3.9523373284452292,2.665895102625312,1.748,2,False
875,3.311639942611714,3.9499563075983213,2.6664141312708787,1.75,2,False
876,3.3077918556322587,3.947531584095441,2.666897779751884,1.752,2,False
877,3.3039432459968903,3.9450633564463624,2.667346203989563,1.754,2,False
878,3.3000941480574446,3.942551823160859,2.6677595599051522,1.756,2,False
879,3.296244596165761,3.9399971827487046,2.6681380034198883,1.758,2,False
880,3.292394624673674,3.9373996337196715,2.6684816904550033,1.76,2,False
881,3.2885442679330206,3.934759374583533,2.6687907769317354,1.762,2,False
882,3.2846935602956386,3.932076603850065,2.66906541877132,1.764,2,False
883,3.280842536113363,3.9293515200290403,2.6693057718949924,1.766,2,False
884,3.2769912297380324,3.9265843216302296,2.669511992223988,1.768,2,False
885,3.273139675521482,3.9237752071634096,2.669684235679542,1.77,2,False
886,3.2692879078155492,3.920924375138352,2.6698226581828894,1.772,2,False
887,3.265435960972072,3.918032024064831,2.669927415655268,1.774,2,False
888,3.261583869342885,3.9150983524526204,2.6699986640179127,1.776,2,False
889,3.257731667279826,3.912123558811492,2.6700365591920567,1.778,2,False
890,3.253879389134731,3.9091078416512204,2.670041257098938,1.78,2,False
891,3.25002706925944,3.9060513994815826,2.670012913659792,1.782,2,False
892,3.246174742005785,3.9029544308123465,2.669951684795854,1.784,2,False
893,3.242322441725606,3.899817134153287,2.6698577264283587,1.786,2,False
894,3.238470202770739,3.89663970801418,2.669731194478542,1.788,2,False
895,3.2346180594930205,3.893422350904797,2.669572244867641,1.79,2,False
896,3.230766046244287,3.8901652613349125,2.669381033516889,1.792,2,False
897,3.2269141973763764,3.8868686378143,2.669157716347523,1.794,2,False
898,3.2230625472411236,3.8835326788527302,2.668902449280778,1.796,2,False
899,3.2192111301903674,3.8801575829599813,2.6686153882378907,1.798,2,False
900,3.215359980575943,3.8767435486458246,2.668296689140096,1.8,2,False
901,3.2115091327496867,3.8732907744200307,2.6679465079086264,1.802,2,False
902,3.2076586210634375,3.8697994587923765,2.6675650004647227,1.804,2,False
903,3.2038084798690307,3.8662698002726357,2.6671523227296166,1.806,2,True
904,3.199958743518304,3.862701997370581,2.666708630624547,1.808,2,False
905,3.1961094463630926,3.859096248595987,2.6662340800707462,1.81,2,False
906,3.1922606227552346,3.855452752458625,2.6657288269894512,1.812,2,False
907,3.188412307046566,3.8517717074682682,2.665193027301898,1.814,2,False
908,3.184564533588925,3.8480533121346943,2.6646268369293225,1.816,2,False
909,3.1807173367341455,3.8442977649676715,2.664030411792958,1.818,2,False
910,3.176870750834067,3.840505264476976,2.663403907814042,1.82,2,False
911,3.173024810240525,3.8366760091723813,2.662747480913809,1.822,2,False
912,3.1691795493053574,3.8328101975636617,2.662061287013497,1.824,2,False
913,3.1653350023803988,3.8289080281605874,2.661345482034338,1.826,2,False
914,3.161491203817487,3.8249696994729345,2.6606002218975693,1.828,2,False
915,3.157648187968461,3.820995410010479,2.659825662524428,1.83,2,False
916,3.153805989185154,3.816985358282989,2.6590219598361475,1.832,2,False
917,3.1499646418194054,3.812939742800242,2.6581892697539637,1.834,2,False
918,3.146124180223049,3.8088587620720067,2.6573277481991116,1.836,2,False
919,3.1422846387479253,3.804742614608063,2.6564375510928295,1.838,2,False
920,3.1384460517458685,3.800591498918181,2.6555188343563505,1.84,2,False
921,3.134608453568716,3.796405613512134,2.6545717539109104,1.842,2,False
922,3.1307718785683045,3.792185156899696,2.6535964656777455,1.844,2,False
923,3.1269363610964716,3.7879303275906406,2.6525931255780906,1.846,2,False
924,3.1231019355050536,3.7836413240947424,2.6515618895331823,1.848,2,False
925,3.1192686361458857,3.779318344921772,2.6505029134642553,1.85,2,False
926,3.115436497370807,3.7749615885815047,2.6494163532925454,1.852,2,False
927,3.111605553531653,3.7705712535837153,2.6483023649392887,1.854,2,False
928,3.107775838980261,3.7661475384381755,2.64716110432572,1.856,2,True
929,3.103947388068467,3.76169064165466,2.645992727373075,1.858,2,False
930,3.1001202351481076,3.7572007617429386,2.6447973900025885,1.86,2,False
931,3.0962944145710227,3.7526780972127916,2.6435752481355,1.862,2,False
932,3.0924699606890442,3.7481228465739855,2.64232645769304,1.864,2,False
933,3.0886469078540113,3.743535208336297,2.641051174596445,1.866,2,False
934,3.084825290417761,3.7389153810095004,2.639749554766953,1.868,2,False
935,3.081005142732131,3.73426356310337,2.638421754125799,1.87,2,False
936,3.0771864991489553,3.729579953127675,2.6370679285942167,1.872,2,False
937,3.0733693940200735,3.724864749592193,2.6356882340934438,1.874,2,False
938,3.06955386169732,3.7201181510066963,2.634282826544714,1.8760000000000001,2,False
939,3.0657399365325335,3.715340355880958,2.6328518618692645,1.8780000000000001,2,False
940,3.061927652877549,3.7105315627247513,2.63139549598833,1.8800000000000001,2,False
941,3.0581170450842046,3.70569197004785,2.6299138848231456,1.8820000000000001,2,False
942,3.054308147504336,3.7008217763600264,2.628407184294947,1.8840000000000001,2,False
943,3.0505009944897807,3.6959211801710588,2.626875550324972,1.8860000000000001,2,False
944,3.0466956203923767,3.6909903799907164,2.6253191388344543,1.8880000000000001,2,False
945,3.042892059563958,3.6860295743287708,2.6237381057446276,1.8900000000000001,2,False
946,3.0390903463563617,3.6810389616949997,2.622132606976731,1.8920000000000001,2,False
947,3.0352905151214276,3.676018740599175,2.620502798451998,1.8940000000000001,2,False
948,3.03149260021099,3.670969109551071,2.618848836091665,1.8960000000000001,2,False
949,3.027696635976886,3.665890267060461,2.6171708758169676,1.8980000000000001,2,False
950,3.0239026567709524,3.660782411637118,2.6154690735491406,1.9000000000000001,2,False
951,3.0201106969450255,3.655645741790814,2.61374358520942,1.9020000000000001,2,False
952,3.0163207908509437,3.6504804560313255,2.611994566719041,1.9040000000000001,2,False
953,3.012532972840542,3.6452867528684236,2.6102221739992397,1.9060000000000001,2,True
954,3.0087472772656576,3.640064830811882,2.608426562971251,1.9080000000000001,2,False
955,3.0049637384781276,3.634814888371477,2.6066078895563125,1.9100000000000001,2,False
956,3.0011823908297903,3.6295371240569807,2.604766309675658,1.9120000000000001,2,False
957,2.997403268672479,3.6242317363781638,2.6029019792505226,1.9140000000000001,2,False
958,2.993626406358032,3.6188989238448017,2.6010150542021426,1.9160000000000001,2,False
959,2.9898518382382866,3.6135388849666694,2.5991056904517533,1.9180000000000001,2,False
960,2.986079598665081,3.6081518182535395,2.5971740439205915,1.92,2,False
961,2.9823097219902484,3.6027379222151845,2.5952202705298903,1.922,2,False
962,2.9785422425656285,3.5972973953613776,2.5932445262008885,1.924,2,False
963,2.974777194743057,3.591830436201895,2.5912469668548193,1.926,2,False
964,2.9710146128743693,3.586337243246508,2.589227748412919,1.928,2,False
965,2.967254531311405,3.580818015004991,2.5871870267964234,1.93,2,False
966,2.963496984405999,3.5752729499871165,2.585124957926567,1.932,2,False
967,2.959742006509988,3.569702246702657,2.583041697724586,1.934,2,False
968,2.9559896319752093,3.5641061036613895,2.5809374021117164,1.936,2,False
969,2.9522398951535,3.5584847193730846,2.5788122270091938,1.938,2,False
970,2.9484928303966957,3.552838292347517,2.5766663283382525,1.94,2,False
971,2.944748472056634,3.5471670210944595,2.5744998620201294,1.942,2,False
972,2.941006854485152,3.541471104123688,2.572312983976061,1.944,2,False
973,2.937268012034087,3.535750739944973,2.570105850127281,1.946,2,False
974,2.9335319790552727,3.5300061270680883,2.567878616395024,1.948,2,False
975,2.9297987899005493,3.5242374640028094,2.5656314387005286,1.95,2,False
976,2.926068478921752,3.5184449492589076,2.5633644729650285,1.952,2,False
977,2.922341080470718,3.512628781346158,2.56107787510976,1.954,2,False
978,2.9186166288992825,3.5067891587743323,2.5587718010559573,1.956,2,True
979,2.914895158559285,3.5009262800532057,2.5564464067248567,1.958,2,False
980,2.9111767038025604,3.495040343692553,2.554101848037696,1.96,2,False
981,2.9074612989809454,3.4891315482021437,2.551738280915707,1.962,2,False
982,2.903748978446279,3.483200092091755,2.5493558612801284,1.964,2,False
983,2.9000397765503942,3.477246173871158,2.546954745052193,1.966,2,False
984,2.89633372764513,3.4712699920501264,2.5445350881531383,1.968,2,False
985,2.892630866082324,3.4652717451384354,2.5420970465041997,1.97,2,False
986,2.888931226213811,3.459251631645857,2.539640776026612,1.972,2,False
987,2.8852348423914296,3.453209850082165,2.537166432641611,1.974,2,False
988,2.881541748967014,3.447146598957133,2.534674172270433,1.976,2,False
989,2.8778519802924056,3.441062076780536,2.5321641508343147,1.978,2,False
990,2.874165570719436,3.434956482062145,2.5296365242544874,1.98,2,False
991,2.8704825545999437,3.4288300133117335,2.52709144845219,1.982,2,False
992,2.866802966285767,3.4226828690390776,2.5245290793486572,1.984,2,False
993,2.863126840128742,3.4165152477539498,2.521949572865126,1.986,2,False
994,2.859454210480704,3.4103273479661227,2.51935308492283,1.988,2,False
995,2.8557851116934905,3.4041193681853685,2.5167397714430053,1.99,2,False
996,2.8521195781189395,3.397891506921464,2.514109788346888,1.992,2,False
997,2.8484576441088865,3.391643962684181,2.511463291555713,1.994,2,False
998,2.8447993440151684,3.385376933983292,2.508800436990716,1.996,2,False
999,2.841144712189622,3.3790906193285717,2.5061213805731324,1.998,2,False
1000,2.8374937829840836,3.3727852172297945,2.503426278224199,2.0,2,False
1001,2.8338465907503916,3.366460926196732,2.50071528586515,2.0020000000000002,2,False
1002,2.830203169840382,3.3601179447391605,2.497988559417222,2.004,2,False
1003,2.82656355460589,3.3537564713668493,2.4952462548016494,2.0060000000000002,2,True
1004,2.8229277793987553,3.3473767045895766,2.4924885279396696,2.008,2,False
1005,2.819295878570812,3.3409788429171114,2.489715534752516,2.0100000000000002,2,False
1006,2.815667886473898,3.33456308485923,2.4869274311614253,2.012,2,False
1007,2.812043837459849,3.328129628925705,2.4841243730876332,2.0140000000000002,2,False
1008,2.8084237658805042,3.32167867362631,2.4813065164523747,2.016,2,False
1009,2.804807706087698,3.315210417470819,2.4784740171768855,2.0180000000000002,2,False
1010,2.801195692433269,3.308725058969006,2.4756270311824022,2.02,2,False
1011,2.7975877592690512,3.302222796630641,2.4727657143901576,2.0220000000000002,2,False
1012,2.7939839409468843,3.295703828965502,2.469890222721391,2.024,2,False
1013,2.790384271818603,3.28916835448336,2.467000712097335,2.0260000000000002,2,False
1014,2.786788786236047,3.28261657169399,2.464097338439227,2.028,2,False
1015,2.7831975185510487,3.2760486791071637,2.4611802576683015,2.0300000000000002,2,False
1016,2.7796105031154488,3.2694648752326563,2.4582496257057946,2.032,2,False
1017,2.7760277742810815,3.262865358580239,2.455305598472942,2.0340000000000003,2,False
1018,2.7724493663997856,3.256250327659688,2.452348331890979,2.036,2,False
1019,2.7688753138233952,3.2496199809807753,2.4493779818811405,2.0380000000000003,2,False
1020,2.7653056509037497,3.242974517053275,2.446394704364663,2.04,2,False
1021,2.761740411992684,3.236314134386959,2.4433986552627815,2.0420000000000003,2,False
1022,2.7581796314420366,3.2296390314916037,2.4403899904967328,2.044,2,False
1023,2.754623343603643,3.2229494068769804,2.437368865987751,2.0460000000000003,2,False
1024,2.75107158282934,3.216245459052864,2.434335437657072,2.048,2,False
1025,2.747524383470966,3.2095273865290275,2.4312898614259333,2.05,2,False
1026,2.743981779880354,3.2027953878152413,2.4282322932155656,2.052,2,False
1027,2.740443806409345,3.1960496614212843,2.4251628889472103,2.054,2,False
1028,2.7369104974097738,3.189290405856927,2.422081804542099,2.056,2,True
1029,2.733381887233477,3.182517819631943,2.4189891959214687,2.058,2,False
1030,2.7298580102322907,3.1757321012561053,2.4158852190065554,2.06,2,False
1031,2.726338900758054,3.1689334492391894,2.4127700297185934,2.062,2,False
1032,2.7228245931626014,3.162122062090967,2.4096437839788187,2.064,2,False
1033,2.719315121797771,3.155298138321213,2.406506637708468,2.066,2,False
1034,2.715810521015399,3.1484618764396988,2.4033587468287756,2.068,2,False
1035,2.7123108251673216,3.1416134749562006,2.400200267260978,2.07,2,False
1036,2.7088160686053766,3.1347531323804887,2.3970313549263094,2.072,2,False
1037,2.705326285681401,3.1278810472223406,2.393852165746007,2.074,2,False
1038,2.7018415107472307,3.120997417991526,2.3906628556413043,2.076,2,False
1039,2.6983617781547027,3.1141024431978215,2.38746358053344,2.078,2,False
1040,2.6948871222556523,3.1071963213509965,2.3842544963436456,2.08,2,False
1041,2.69141757740192,3.100279250960831,2.381035758993161,2.082,2,False
1042,2.687953177945339,3.093351430537091,2.3778075244032184,2.084,2,False
1043,2.684493958237749,3.086413058589556,2.3745699484950555,2.086,2,False
1044,2.6810399526309827,3.0794643336279957,2.3713231871899065,2.088,2,False
1045,2.6775911954768814,3.072505454162186,2.3680673964090073,2.09,2,False
1046,2.6741477211272784,3.0655366187018984,2.364802732073594,2.092,2,False
1047,2.6707095639340124,3.058558025756909,2.361529350104902,2.094,2,False
1048,2.6672767582489194,3.0515698738369883,2.358247406424166,2.096,2,False
1049,2.6638493384238364,3.044572361451912,2.3549570569526233,2.098,2,False
1050,2.6604273388105995,3.037565687111451,2.351658457611507,2.1,2,False
1051,2.657010793761047,3.0305500493253836,2.348351764322055,2.102,2,False
1052,2.653599737627014,3.0235256466034772,2.3450371330055013,2.104,2,False
1053,2.6501942047603384,3.016492677455511,2.3417147195830834,2.106,2,True
1054,2.646794229512856,3.0094513403912546,2.338384679976034,2.108,2,False
1055,2.643399846236404,3.0024018339204828,2.3350471701055913,2.11,2,False
1056,2.64001108928282,2.9953443565529705,2.33170234589299,2.112,2,False
1057,2.636627993003941,2.988279106798489,2.3283503632594647,2.114,2,False
1058,2.6332505917516005,2.9812062831668116,2.324991378126252,2.116,2,False
1059,2.629878919877639,2.9741260841677146,2.321625546414588,2.118,2,False
1060,2.6265130117338913,2.9670387083109677,2.3182530240457067,2.12,2,False
1061,2.6231529016721957,2.9599443541063493,2.314873966940845,2.122,2,False
1062,2.619798624044387,2.952843220063628,2.311488531021237,2.124,2,False
1063,2.6164502132023033,2.94573550469258,2.308096872208121,2.126,2,False
1064,2.6131077034977808,2.9386214065029774,2.3046991464227293,2.128,2,False
1065,2.6097711292826555,2.931501124004595,2.3012955095863,2.13,2,False
1066,2.606440524908766,2.9243748557072053,2.297886117620067,2.132,2,False
1067,2.6031159247279487,2.917242800120584,2.2944711264452673,2.134,2,False
1068,2.599797363092039,2.9101051557545,2.291050691983134,2.136,2,False
1069,2.5964848743528743,2.902962121118732,2.287624970154906,2.138,2,False
1070,2.593178492862292,2.895813894723049,2.2841941168818165,2.14,2,False
1071,2.589878252972128,2.8886606750772286,2.2807582880851016,2.142,2,False
1072,2.5865841890342196,2.881502660691041,2.2773176396859975,2.144,2,False
1073,2.5832963354004033,2.8743400500742617,2.273872327605739,2.146,2,False
1074,2.5800147264225166,2.867173041736663,2.270422507765562,2.148,2,False
1075,2.5767393964523952,2.8600018341880205,2.266968336086702,2.15,2,False
1076,2.5734703798418765,2.8528266259381048,2.2635099684903954,2.152,2,False
1077,2.570207710942798,2.845647615496692,2.2600475608978767,2.154,2,False
1078,2.566951424106993,2.8384650013735513,2.25658126923038,2.156,2,True
1079,2.563701553686303,2.831278982078463,2.253111249409145,2.158,2,False
1080,2.5604581340325616,2.824089756121194,2.249637657355404,2.16,2,False
1081,2.557221199497607,2.816897522011523,2.2461606489903945,2.162,2,False
1082,2.553990784433275,2.809702478259219,2.2426803802353494,2.164,2,False
1083,2.5507669231914036,2.80250482337406,2.239197007011507,2.166,2,False
1084,2.5475496501238277,2.795304755865815,2.235710685240101,2.168,2,False
1085,2.5443389995823864,2.7881024742442615,2.232221570842369,2.17,2,False
1086,2.5411350059189144,2.7808981770191696,2.2287298197395446,2.172,2,False
1087,2.5379377034852495,2.773692062700315,2.225235587852864,2.174,2,False
1088,2.534747126633228,2.76648432979747,2.2217390311035627,2.176,2,False
1089,2.531563309714688,2.75927517682041,2.218240305412877,2.178,2,False
1090,2.5283862870814633,2.752064802278905,2.2147395667020415,2.18,2,False
1091,2.525216093085394,2.7448534046827326,2.2112369708922928,2.182,2,False
1092,2.522052762078314,2.737641182541662,2.207732673904864,2.184,2,False
1093,2.5188963284120636,2.730428334365472,2.2042268316609954,2.186,2,False
1094,2.5157468264384764,2.723215058663932,2.2007196000819174,2.188,2,False
1095,2.5126042905093895,2.7160015539468167,2.1972111350888692,2.19,2,False
1096,2.5094687549766412,2.7087880187238986,2.1937015926030847,2.192,2,False
1097,2.5063402541920676,2.7015746515049543,2.1901911285458,2.194,2,False
1098,2.5032188225075043,2.6943616507997534,2.1866798988382494,2.196,2,False
1099,2.5001044942747894,2.687149215118071,2.1831680594016705,2.198,2,False
1100,2.4969973038457596,2.6799375429696815,2.179655766157297,2.2,2,False
1101,2.4938972855722517,2.6727268328643587,2.176143175026367,2.202,2,False
1102,2.4908044738061013,2.665517283311873,2.1726304419301132,2.204,2,False
1103,2.4877189028991467,2.6583090928220017,2.169117722789773,2.206,2,True
1104,2.484640607203223,2.6511024599045148,2.1656051735265804,2.208,2,False
1105,2.481569621070169,2.643897583069189,2.1620929500617736,2.21,2,False
1106,2.478505978851819,2.636694660825795,2.1585812083165843,2.212,2,False
1107,2.4754497149000128,2.6294938916841097,2.1550701042122533,2.214,2,False
1108,2.472400863566584,2.622295474153903,2.151559793670011,2.216,2,False
1109,2.4693594592033725,2.6150996067449515,2.148050432611096,2.218,2,False
1110,2.4663255361622123,2.607906487967025,2.1445421769567425,2.22,2,False
1111,2.463299128794941,2.6007163163299007,2.1410351826281864,2.222,2,False
1112,2.4602802714533962,2.593529290343349,2.1375296055466637,2.224,2,False
1113,2.4572689984894143,2.5863456085171475,2.1340256016334105,2.226,2,False
1114,2.4542653442548317,2.5791654693610653,2.1305233268096604,2.228,2,False
1115,2.4512693431014854,2.5719890713848788,2.127022936996651,2.23,2,False
1116,2.4482810293812114,2.5648166130983587,2.123524588115617,2.232,2,False
1117,2.4453004374458485,2.557648293011283,2.1200284360877943,2.234,2,False
1118,2.442327601647231,2.5504843096334207,2.1165346368344173,2.236,2,False
1119,2.439362556337197,2.5433248614745474,2.1130433462767226,2.238,2,False
1120,2.436405335867583,2.5361701470444356,2.1095547203359453,2.24,2,False
1121,2.4334559745902262,2.529020364852861,2.106068914933322,2.242,2,False
1122,2.4305145068569627,2.521875713409594,2.1025860859900876,2.244,2,False
1123,2.427580967019629,2.514736391224411,2.0991063894274777,2.246,2,False
1124,2.424655389430063,2.5076025968070828,2.095629981166727,2.248,2,False
1125,2.4217378084401013,2.500474528667386,2.0921570171290726,2.25,2,False
1126,2.4188282584015792,2.4933523853150916,2.0886876532357492,2.2520000000000002,2,False
1127,2.4159267736663357,2.486236365259974,2.0852220454079924,2.254,2,False
1128,2.4130333885862045,2.4791266670118053,2.0817603495670376,2.2560000000000002,2,True
1129,2.4101481375130254,2.4720234890803625,2.0783027216341208,2.258,2,False
1130,2.407271054798634,2.4649270299754145,2.0748493175304774,2.2600000000000002,2,False
1131,2.404402174794867,2.45783748820674,2.0714002931773434,2.262,2,False
1132,2.4015415318535607,2.4507550622841068,2.0679558044959534,2.2640000000000002,2,False
1133,2.3986891603265534,2.443679950717294,2.064516007407544,2.266,2,False
1134,2.39584509456568,2.43661235201607,2.0610810578333503,2.2680000000000002,2,False
1135,2.3930093689227787,2.4295524646902127,2.0576511116946072,2.27,2,False
1136,2.3901820177496846,2.4225004872494917,2.0542263249125514,2.2720000000000002,2,False
1137,2.387363075398236,2.415456618203684,2.0508068534084183,2.274,2,False
1138,2.384552576220269,2.40842105606256,2.047392853103443,2.2760000000000002,2,False
1139,2.3817505545676205,2.4013939993358964,2.043984479918861,2.278,2,False
1140,2.3789570447921276,2.3943756465334634,2.0405818897759076,2.2800000000000002,2,False
1141,2.376172081245627,2.3873661961650368,2.03718523859582,2.282,2,False
1142,2.3733956982799547,2.380365846740389,2.0337946822998316,2.2840000000000003,2,False
1143,2.3706279302469486,2.3733747967692955,2.0304103768091806,2.286,2,False
1144,2.367868811498443,2.366393244761526,2.027032478045099,2.2880000000000003,2,False
1145,2.3651183763862793,2.359421389226858,2.0236611419288257,2.29,2,False
1146,2.3623766592622895,2.3524594286750613,2.0202965243815942,2.2920000000000003,2,False
1147,2.3596436944783132,2.3455075616159142,2.016938781324642,2.294,2,False
1148,2.3569195163861854,2.338565986559184,2.013588068679202,2.2960000000000003,2,False
1149,2.354204159337745,2.3316349020146503,2.0102445423665123,2.298,2,False
1150,2.3514976576848268,2.324714506492082,2.0069083583078067,2.3000000000000003,2,False
1151,2.348800045779268,2.317804998501255,2.003579672424322,2.302,2,False
1152,2.346111357972906,2.310906576551942,2.000258640637293,2.3040000000000003,2,False
1153,2.343431628617577,2.3040194391539175,1.9969454188679556,2.306,2,True
1154,2.340760892065118,2.2971437848169547,1.9936401630375455,2.308,2,False
1155,2.338099182667366,2.2902798120508243,1.9903430290672977,2.31,2,False
1156,2.3354465347761573,2.283427719365304,1.987054172878448,2.312,2,False
1157,2.332802982743328,2.2765877052701637,1.983773750392232,2.314,2,False
1158,2.330168560920717,2.269759968275181,1.9805019175298866,2.316,2,False
1159,2.3275433036601587,2.2629447068901243,1.9772388302126445,2.318,2,False
1160,2.3249272453134924,2.256142119624772,1.9739846443617441,2.32,2,False
1161,2.322320420232552,2.249352404988894,1.970739515898419,2.322,2,False
1162,2.319722862769176,2.2425757614922657,1.9675036007439057,2.324,2,False
1163,2.3171346072752006,2.23581238764466,1.9642770548194395,2.326,2,False
1164,2.3145556881024634,2.2290624819558507,1.9610600340462565,2.328,2,False
1165,2.3119861396027996,2.2223262429356114,1.9578526943455916,2.33,2,False
1166,2.309425996128048,2.2156038690937154,1.954655191638681,2.332,2,False
1167,2.3068752920300435,2.2088955589399353,1.9514676818467591,2.334,2,False
1168,2.3043340616606245,2.202201510984046,1.9482903208910636,2.336,2,False
1169,2.3018023393716254,2.1955219237358197,1.9451232646928276,2.338,2,False
1170,2.2992801595148857,2.1888569957050326,1.9419666691732884,2.34,2,False
1171,2.2967675564422403,2.1822069254014536,1.9388206902536806,2.342,2,False
1172,2.2942645645055273,2.1755719113348606,1.9356854838552404,2.344,2,False
1173,2.291771218056582,2.1689521520150246,1.9325612058992025,2.346,2,False
1174,2.289287551447242,2.1623478459517202,1.9294480123068039,2.348,2,False
1175,2.286813599029344,2.15575919165472,1.926346058999279,2.35,2,False
1176,2.2843493951547247,2.1491863876337987,1.9232555018978639,2.352,2,False
1177,2.281894974175221,2.142629632398728,1.9201764969237936,2.354,2,False
1178,2.27945037044267,2.1360891244592835,1.9171091999983045,2.356,2,True
1179,2.2770156183089068,2.1295650623252373,1.9140537670426319,2.358,2,False
1180,2.2745907521257704,2.1230576445063645,1.911010353978011,2.36,2,False
1181,2.2721758062450963,2.1165670695124352,1.907979116725677,2.362,2,False
1182,2.2697708150187217,2.1100935358532276,1.904960211206867,2.364,2,False
1183,2.267375812798482,2.10363724203851,1.9019537933428146,2.366,2,False
1184,2.2649908339362166,2.0971983865780617,1.8989600190547578,2.368,2,False
1185,2.2626159127837595,2.09077716798165,1.8959790442639286,2.37,2,False
1186,2.2602510836929497,2.0843737847590544,1.8930110248915666,2.372,2,False
1187,2.257896381015623,2.077988435420044,1.890056116858905,2.374,2,False
1188,2.2555518391036165,2.0716213184743943,1.88711447608718,2.376,2,False
1189,2.2532174923087647,2.065272632431877,1.884186258497626,2.378,2,False
1190,2.2508933749829083,2.058942575802269,1.8812716200114812,2.38,2,False
1191,2.248579521477881,2.05263134709534,1.8783707165499783,2.382,2,False
1192,2.246275966145521,2.046339144820868,1.8754837040343553,2.384,2,False
1193,2.2439827433376647,2.0400661674886207,1.8726107383858457,2.386,2,False
1194,2.2416998874061487,2.033812613608376,1.8697519755256864,2.388,2,False
1195,2.23942743270281,2.027578681689905,1.866907571375112,2.39,2,False
1196,2.2371654135794854,2.0213645702429837,1.8640776818553595,2.392,2,False
1197,2.234913864388011,2.0151704777773825,1.8612624628876628,2.394,2,False
1198,2.232672819480225,2.008996602802879,1.8584620703932586,2.396,2,False
1199,2.230442313207962,2.002843143829242,1.8556766602933819,2.398,2,False
1200,2.2282223799230616,1.9967102993662487,1.8529063885092694,2.4,2,False
1201,2.2260130539773577,1.9905982679236693,1.8501514109621546,2.402,2,False
1202,2.2238143697226884,1.9845072480112806,1.8474118835732751,2.404,2,False
1203,2.2216263615108907,1.9784374381388539,1.844687962263865,2.406,2,True
1204,2.2194490636938013,1.9723890368161647,1.8419798029551608,2.408,2,False
1205,2.217282510623256,1.9663622425529832,1.8392875615683975,2.41,2,False
1206,2.215126736651093,1.9603572538590877,1.8366113940248114,2.412,2,False
1207,2.2129817761291486,1.9543742692442467,1.8339514562456374,2.414,2,False
1208,2.210847663409259,1.9484134872182373,1.8313079041521116,2.416,2,False
1209,2.2087244328432605,1.9424751062908303,1.8286808936654682,2.418,2,False
1210,2.2066121187829912,1.9365593249718018,1.8260705807069446,2.42,2,False
1211,2.2045107555802868,1.9306663417709222,1.8234771211977745,2.422,2,False
1212,2.2024203775869857,1.9247963551979694,1.8209006710591964,2.424,2,False
1213,2.2003410191549224,1.9189495637627125,1.818341386212443,2.426,2,False
1214,2.1982727146359355,1.9131261659749272,1.8157994225787504,2.428,2,False
1215,2.1962154983818607,1.9073263603443877,1.8132749360793556,2.43,2,False
1216,2.1941694047445353,1.9015503453808658,1.810768082635493,2.432,2,False
1217,2.1921344680757953,1.8957983195941348,1.8082790181683976,2.434,2,False
1218,2.1901107227274785,1.8900704814939702,1.805807898599307,2.436,2,False
1219,2.1880982030514216,1.8843670295901438,1.803354879849455,2.438,2,False
1220,2.1860969433994604,1.8786881623924299,1.8009201178400773,2.44,2,False
1221,2.184106978123432,1.8730340784106012,1.7985037684924101,2.442,2,False
1222,2.1821283415751744,1.8674049761544333,1.7961059877276895,2.444,2,False
1223,2.180161068106522,1.8618010541336958,1.793726931467149,2.446,2,False
1224,2.1782051920693144,1.8562225108581676,1.7913667556320267,2.448,2,False
1225,2.176260747815385,1.8506695448376154,1.7890256161435554,2.45,2,False
1226,2.1743277696965744,1.8451423545818197,1.7867036689229743,2.452,2,False
1227,2.1724062920647156,1.8396411386005491,1.7844010698915151,2.454,2,False
1228,2.1704963492716485,1.8341660954035797,1.7821179749704164,2.456,2,True
1229,2.1685979756692073,1.828717423500683,1.7798545400809112,2.458,2,False
1230,2.1667112056092312,1.823295321401635,1.7776109211442375,2.46,2,False
1231,2.164836073443555,1.8178999876162059,1.7753872740816294,2.462,2,False
1232,2.1629726135240173,1.812531620654173,1.7731837548143234,2.464,2,False
1233,2.161120860202452,1.8071904190253063,1.7710005192635534,2.466,2,False
1234,2.1592808478306984,1.801876581239382,1.7688377233505572,2.468,2,False
1235,2.157452610760593,1.7965903058061719,1.7666955229965686,2.47,2,False
1236,2.1556361833439714,1.7913317912354496,1.764574074122824,2.472,2,False
1237,2.153831599932671,1.7861012360369894,1.7624735326505583,2.474,2,False
1238,2.1520388948785287,1.780898838720566,1.7603940545010084,2.476,2,False
1239,2.150258102533381,1.7757247977959487,1.7583357955954082,2.478,2,False
1240,2.1484892572490653,1.7705793117729158,1.7562989118549952,2.48,2,False
1241,2.146732393377418,1.7654625791612375,1.754283559201003,2.482,2,False
1242,2.1449875452702756,1.7603747984706901,1.752289893554669,2.484,2,False
1243,2.1432547472794736,1.755316168211043,1.7503180708372263,2.486,2,False
1244,2.1415340337568516,1.7502868868920738,1.7483682469699129,2.488,2,False
1245,2.1398254390542446,1.7452871530235534,1.7464405778739631,2.49,2,False
1246,2.1381289975234896,1.7403171651152578,1.7445352194706134,2.492,2,False
1247,2.1364447435164236,1.7353771216769578,1.7426523276810983,2.494,2,False
1248,2.1347727113848824,1.730467221218429,1.7407920584266536,2.496,2,False
1249,2.133112935480704,1.725587662249442,1.7389545676285159,2.498,2,False
1250,2.1314654501557255,1.720738643279775,1.7371400112079196,2.5,2,False
1251,2.1298302897617822,1.7159203628191966,1.7353485450861006,2.5020000000000002,2,False
1252,2.128207488650711,1.7111330193774834,1.7335803251842945,2.504,2,False
1253,2.1265970811743498,1.7063768114644071,1.7318355074237366,2.5060000000000002,2,True
1254,2.124999101684535,1.7016519375897439,1.7301142477256635,2.508,2,False
1255,2.123413584533102,1.6969585962632636,1.7284167020113095,2.5100000000000002,2,False
1256,2.1218405640718903,1.6922969859947434,1.7267430262019112,2.512,2,False
1257,2.120280074652734,1.6876673052939528,1.725093376218703,2.5140000000000002,2,False
1258,2.1187321506274714,1.68306975267067,1.7234679079829223,2.516,2,False
1259,2.1171968263479384,1.6785045266346637,1.7218667774158023,2.5180000000000002,2,False
1260,2.115674136165973,1.673971825695712,1.7202901404385809,2.52,2,False
1261,2.1141641144334096,1.6694718483635835,1.7187381529724914,2.5220000000000002,2,False
1262,2.1126667955020872,1.6650047931480558,1.7172109709387713,2.524,2,False
1263,2.111182213723842,1.6605708585589005,1.7157087502586554,2.5260000000000002,2,False
1264,2.1097104034505105,1.6561702431058922,1.714231646853379,2.528,2,False
1265,2.1082513990339296,1.6518031452988027,1.7127798166441779,2.5300000000000002,2,False
1266,2.106805234825936,1.6474697636474076,1.7113534155522883,2.532,2,False
1267,2.1053719451783666,1.6431702966614783,1.7099525994989448,2.5340000000000003,2,False
1268,2.1039515644430575,1.6389049428507898,1.7085775244053831,2.536,2,False
1269,2.1025441269718455,1.6346739007251139,1.7072283461928386,2.5380000000000003,2,False
1270,2.10114966711657,1.630477368794228,1.7059052207825494,2.54,2,False
1271,2.0997682192290634,1.6263155455679001,1.7046083040957467,2.5420000000000003,2,False
1272,2.098399817661166,1.6221886295559083,1.7033377520536694,2.544,2,False
1273,2.097044496764713,1.6180968192680232,1.7020937205775515,2.5460000000000003,2,False
1274,2.0957022908915413,1.6140403132140202,1.7008763655886296,2.548,2,False
1275,2.0943732343934878,1.6100193099036713,1.699685843008139,2.5500000000000003,2,False
1276,2.0930573616223893,1.6060340078467519,1.698522308757314,2.552,2,False
1277,2.0917547069300815,1.6020846055530322,1.6973859187573916,2.5540000000000003,2,False
1278,2.090465304668403,1.5981713015322894,1.696276828929607,2.556,2,True
1279,2.0891891891891894,1.5942942942942944,1.6951951951951956,2.5580000000000003,2,False
1280,2.0879263864693014,1.5904537384933857,1.6941411367500678,2.56,2,False
1281,2.0866768889856866,1.5866496133621477,1.6931146258888274,2.562,2,False
1282,2.0854406808403185,1.5828818542777279,1.6921155981807536,2.564,2,False
1283,2.084217746135168,1.5791503966172766,1.691143989195126,2.566,2,False
1284,2.0830080689722084,1.5754551757579414,1.6901997345012236,2.568,2,False
1285,2.081811633453412,1.5717961270768728,1.6892827696683261,2.57,2,False
1286,2.0806284236807504,1.5681731859512171,1.6883930302657113,2.572,2,False
1287,2.0794584237561953,1.5645862877581234,1.6875304518626584,2.574,2,False
1288,2.0783016177817193,1.5610353678747404,1.6866949700284468,2.576,2,False
1289,2.0771579898592956,1.557520361678218,1.6858865203323568,2.578,2,False
1290,2.0760275240908945,1.5540412045457028,1.6851050383436657,2.58,2,False
1291,2.074910204578489,1.5505978318543436,1.6843504596316525,2.582,2,False
1292,2.0738060154240516,1.5471901789812903,1.6836227197655975,2.584,2,False
1293,2.072714940729554,1.5438181813036909,1.6829217543147788,2.586,2,False
1294,2.0716369645969688,1.5404817741986927,1.6822474988484757,2.588,2,False
1295,2.0705720711282676,1.5371808930434463,1.6815998889359678,2.59,2,False
1296,2.0695202444254215,1.5339154732150981,1.680978860146533,2.592,2,False
1297,2.0684814685904063,1.5306854500907998,1.6803843480494522,2.594,2,False
1298,2.06745572772519,1.5274907590476965,1.6798162882140026,2.596,2,False
1299,2.066443005931747,1.524331335462939,1.6792746162094643,2.598,2,False
1300,2.0654432873120485,1.5212071147136748,1.6787592676051153,2.6,2,False
1301,2.064456555968068,1.5181180321770533,1.678270177970236,2.602,2,False
1302,2.063482796001776,1.515064023230222,1.677807282874105,2.604,2,False
1303,2.0625219915151463,1.5120450232503306,1.677370517886001,2.606,2,True
1304,2.061574126610149,1.5090609676145268,1.676959818575203,2.608,2,False
1305,2.060639185388758,1.5061117916999602,1.6765751205109911,2.61,2,False
1306,2.059717151952944,1.5031974308837777,1.6762163592626427,2.612,2,False
1307,2.058808010404681,1.5003178205431296,1.6758834703994383,2.614,2,False
1308,2.0579117448459403,1.4974728960551635,1.6755763894906561,2.616,2,False
1309,2.057028339378694,1.4946625927970287,1.6752950521055758,2.618,2,False
1310,2.0561577781049127,1.4918868461458723,1.675039393813476,2.62,2,False
1311,2.055300045126571,1.4891455914788447,1.6748093501836356,2.622,2,False
1312,2.0544551245456395,1.4864387641730927,1.6746048567853342,2.624,2,False
1313,2.0536230004640914,1.4837662996057666,1.6744258491878503,2.626,2,False
1314,2.052803656983898,1.4811281331540138,1.6742722629604638,2.628,2,False
1315,2.051997078207032,1.4785242001949837,1.674144033672453,2.63,2,False
1316,2.0512032482354656,1.4759544361058234,1.6740410968930965,2.632,2,False
1317,2.0504221511711704,1.4734187762636837,1.6739633881916751,2.634,2,False
1318,2.0496537711161182,1.4709171560457106,1.6739108431374656,2.636,2,False
1319,2.0488980921722826,1.4684495108290552,1.673883397299749,2.638,2,False
1320,2.048155098441635,1.4660157759908643,1.6738809862478037,2.64,2,False
1321,2.0474247740261466,1.4636158869082867,1.673903545550908,2.642,2,False
1322,2.0467071030277912,1.461249778958472,1.6739510107783424,2.644,2,False
1323,2.0460020695485395,1.4589173875185675,1.6740233174993844,2.646,2,False
1324,2.0453096576903653,1.456618647965722,1.674120401283314,2.648,2,False
1325,2.044629851555239,1.4543534956770852,1.6742421976994102,2.65,2,False
1326,2.0439626352451334,1.4521218660298043,1.674388642316952,2.652,2,False
1327,2.0433079928620206,1.449923694401029,1.6745596707052186,2.654,2,False
1328,2.0426659085078738,1.4477589161679072,1.6747552184334886,2.656,2,True
1329,2.042036366284664,1.4456274667075877,1.6749752210710414,2.658,2,False
1330,2.0414193502943627,1.4435292813972183,1.6752196141871558,2.66,2,False
1331,2.0408148446389442,1.4414642956139485,1.6754883333511112,2.662,2,False
1332,2.040222833420378,1.4394324447349265,1.6757813141321858,2.664,2,False
1333,2.039643300740639,1.4374336641373013,1.6760984920996602,2.666,2,False
1334,2.0390762307016974,1.4354678891982207,1.6764398028228122,2.668,2,False
1335,2.0385216074055257,1.4335350552948343,1.6768051818709213,2.67,2,False
1336,2.037979414954097,1.4316350978042895,1.6771945648132667,2.672,2,False
1337,2.0374496374493822,1.4297679521037359,1.677607887219127,2.674,2,False
1338,2.0369322589933536,1.4279335535703206,1.6780450846577812,2.676,2,False
1339,2.0364272636879845,1.4261318375811944,1.6785060926985091,2.678,2,False
1340,2.0359346356352463,1.4243627395135041,1.6789908469105899,2.68,2,False
1341,2.035454358937111,1.4226261947443988,1.6794992828633013,2.682,2,False
1342,2.0349864176955506,1.4209221386510271,1.6800313361259236,2.684,2,False
1343,2.034530796012537,1.4192505066105372,1.6805869422677344,2.686,2,False
1344,2.0340874779900444,1.4176112340000784,1.681166036858015,2.688,2,False
1345,2.033656447730042,1.4160042561967987,1.6817685554660429,2.69,2,False
1346,2.033237689334504,1.4144295085778473,1.6823944336610974,2.692,2,False
1347,2.0328311869054017,1.412886926520372,1.6830436070124573,2.694,2,False
1348,2.032436924544708,1.4113764454015214,1.6837160110894025,2.696,2,False
1349,2.0320548863543944,1.409898000598445,1.6844115814612113,2.698,2,False
1350,2.0316850564364324,1.4084515274882903,1.685130253697163,2.7,2,False
1351,2.031327418892796,1.4070369614482061,1.6858719633665369,2.702,2,False
1352,2.030981957825455,1.4056542378553416,1.6866366460386115,2.704,2,False
1353,2.0306486573363838,1.4043032920868446,1.6874242372826662,2.706,2,True
1354,2.030327501527554,1.4029840595198644,1.6882346726679804,2.708,2,False
1355,2.030018474500936,1.4016964755315482,1.6890678877638317,2.71,2,False
1356,2.0297215603585035,1.4004404754990465,1.6899238181395015,2.712,2,False
1357,2.0294367432022296,1.3992159947995069,1.6908023993642676,2.714,2,False
1358,2.0291640071340837,1.3980229688100774,1.6917035670074085,2.716,2,False
1359,2.0289033362560405,1.3968613329079078,1.6926272566382041,2.718,2,False
1360,2.0286547146700706,1.3957310224701454,1.693573403825933,2.72,2,False
1361,2.0284181264781473,1.3946319728739398,1.6945419441398744,2.722,2,False
1362,2.028193555782242,1.3935641194964388,1.6955328131493075,2.724,2,False
1363,2.027980986684326,1.3925273977147916,1.6965459464235109,2.726,2,False
1364,2.0277804032863735,1.3915217429061464,1.6975812795317646,2.728,2,False
1365,2.027591789690356,1.390547090447652,1.698638748043347,2.73,2,False
1366,2.0274151299982446,1.3896033757164565,1.6997182875275372,2.732,2,False
1367,2.0272504083120118,1.388690534089709,1.700819833553614,2.734,2,False
1368,2.0270976087336305,1.387808500944558,1.701943321690857,2.736,2,False
1369,2.026956715365072,1.3869572116581517,1.7030886875085445,2.738,2,False
1370,2.026827712308309,1.3861366016076389,1.7042558665759568,2.74,2,False
1371,2.026710583665314,1.3853466061701682,1.7054447944623716,2.742,2,False
1372,2.026605313538058,1.3845871607228881,1.706655406737069,2.744,2,False
1373,2.026511886028514,1.3838582006429472,1.7078876389693272,2.746,2,False
1374,2.0264302852386535,1.3831596613074943,1.7091414267284262,2.748,2,False
1375,2.0263604952704495,1.3824914780936775,1.710416705583644,2.75,2,False
1376,2.0263025002258743,1.3818535863786459,1.7117134111042607,2.7520000000000002,2,False
1377,2.026256284206899,1.3812459215395474,1.7130314788595546,2.754,2,False
1378,2.026221831315496,1.380668418953531,1.714370844418805,2.7560000000000002,2,True
1379,2.026199125653638,1.3801210139977456,1.715731443351291,2.758,2,False
1380,2.0261881513232964,1.3796036420493394,1.7171132112262917,2.7600000000000002,2,False
1381,2.0261888924264437,1.3791162384854603,1.7185160836130855,2.762,2,False
1382,2.0262013330650523,1.3786587386832578,1.7199399960809527,2.7640000000000002,2,False
1383,2.026225457341095,1.3782310780198808,1.7213848841991717,2.766,2,False
1384,2.0262612493565424,1.3778331918724769,1.7228506835370216,2.7680000000000002,2,False
1385,2.026308693213367,1.3774650156181945,1.724337329663781,2.77,2,False
1386,2.026367773013541,1.377126484634183,1.7258447581487297,2.7720000000000002,2,False
1387,2.0264384728590383,1.3768175342975912,1.7273729045611463,2.774,2,False
1388,2.0265207768518296,1.3765380999855665,1.7289217044703107,2.7760000000000002,2,False
1389,2.0266146690938855,1.3762881170752583,1.7304910934455,2.778,2,False
1390,2.0267201336871805,1.376067520943815,1.732081007055995,2.7800000000000002,2,False
1391,2.0268371547336868,1.3758762469683854,1.7336913808710743,2.782,2,False
1392,2.0269657163353747,1.3757142305261176,1.7353221504600171,2.7840000000000003,2,False
1393,2.027105802594217,1.3755814069941605,1.736973251392102,2.786,2,False
1394,2.027257397612187,1.3754777117496622,1.7386446192366085,2.7880000000000003,2,False
1395,2.027420485491256,1.3754030801697719,1.7403361895628155,2.79,2,False
1396,2.027595050333396,1.3753574476316377,1.742047897940002,2.7920000000000003,2,False
1397,2.0277810762405797,1.3753407495124086,1.7437796799374468,2.794,2,False
1398,2.027978547314778,1.3753529211892326,1.7455314711244299,2.7960000000000003,2,False
1399,2.0281874476579644,1.3753938980392588,1.7473032070702288,2.798,2,False
1400,2.0284077613721103,1.3754636154396358,1.7490948233441246,2.8000000000000003,2,False
1401,2.0286394725591888,1.3755620087675113,1.7509062555153942,2.802,2,False
1402,2.028882565321172,1.375689013400035,1.7527374391533186,2.8040000000000003,2,False
1403,2.0291370237600295,1.375844564714355,1.7545883098271748,2.806,2,True
1404,2.0294028319777366,1.37602859808762,1.7564588031062442,2.8080000000000003,2,False
1405,2.0296799740762643,1.3762410488969776,1.758348854559804,2.81,2,False
1406,2.0299684341575848,1.3764818525195779,1.7602583997571342,2.8120000000000003,2,False
1407,2.0302681963236693,1.3767509443325687,1.7621873742675134,2.814,2,False
1408,2.0305792446764914,1.3770482597130984,1.7641357136602207,2.816,2,False
1409,2.0309015633180225,1.3773737340383159,1.7661033535045356,2.818,2,False
1410,2.031235136350235,1.3777273026853694,1.7680902293697363,2.82,2,False
1411,2.031579947875101,1.378108901031408,1.7700962768251032,2.822,2,False
1412,2.031935981994592,1.3785184644535802,1.772121431439914,2.824,2,False
1413,2.032303222810681,1.378955928329034,1.7741656287834489,2.826,2,False
1414,2.03268165442534,1.3794212280349178,1.7762288044249857,2.828,2,False
1415,2.0330712609405412,1.3799142989483824,1.7783108939338046,2.83,2,False
1416,2.033472026458256,1.3804350764465734,1.780411832879184,2.832,2,False
1417,2.033883935080458,1.3809834959066407,1.7825315568304034,2.834,2,False
1418,2.0343069709091175,1.3815594927057329,1.7846700013567411,2.836,2,False
1419,2.0347411180462083,1.3821630022209983,1.7868271020274769,2.838,2,False
1420,2.0351863605937015,1.382793959829586,1.7890027944118898,2.84,2,False
1421,2.0356426826535694,1.383452300908644,1.7911970140792584,2.842,2,False
1422,2.036110068327785,1.3841379608353208,1.7934096965988617,2.844,2,False
1423,2.0365885017183194,1.3848508749867658,1.7956407775399803,2.846,2,False
1424,2.0370779669271446,1.3855909787401264,1.7978901924718904,2.848,2,False
1425,2.0375784480562347,1.3863582074725525,1.8001578769638744,2.85,2,False
1426,2.0380899292075596,1.3871524965611917,1.8024437665852082,2.852,2,False
1427,2.0386123944830925,1.3879737813831927,1.8047477969051735,2.854,2,False
1428,2.039145827984805,1.3888219973157039,1.8070699034930475,2.856,2,True
1429,2.0396902138146698,1.3896970797358743,1.80941002191811,2.858,2,False
1430,2.0402455360746585,1.3905989640208527,1.8117680877496398,2.86,2,False
1431,2.0408117788667446,1.3915275855477873,1.8141440365569172,2.862,2,False
1432,2.041388926292898,1.3924828796938264,1.8165378039092186,2.864,2,False
1433,2.0419769624550934,1.3934647818361192,1.8189493253758262,2.866,2,False
1434,2.0425758714553015,1.394473227351814,1.821378536526017,2.868,2,False
1435,2.0431856373954935,1.3955081516180587,1.8238253729290708,2.87,2,False
1436,2.043806244377643,1.3965694900120023,1.8262897701542653,2.872,2,False
1437,2.0444376765037227,1.397657177910794,1.8287716637708817,2.874,2,False
1438,2.0450799178757024,1.3987711506915816,1.8312709893481973,2.876,2,False
1439,2.0457329525955563,1.3999113437315145,1.8337876824554933,2.878,2,False
1440,2.046396764765256,1.40107769240774,1.8363216786620455,2.88,2,False
1441,2.0470713384867736,1.4022701320974076,1.8388729135371364,2.882,2,False
1442,2.047756657862082,1.4034885981776661,1.8414413226500432,2.884,2,False
1443,2.0484527069931517,1.4047330260256632,1.8440268415700447,2.886,2,False
1444,2.0491594699819555,1.406003351018548,1.8466294058664208,2.888,2,False
1445,2.0498769309304663,1.4072995085334692,1.8492489511084504,2.89,2,False
1446,2.0506050739406554,1.4086214339475747,1.851885412865412,2.892,2,False
1447,2.051343883114496,1.4099690626380137,1.8545387267065856,2.894,2,False
1448,2.052093342553958,1.4113423299819343,1.8572088282012489,2.896,2,False
1449,2.052853436361016,1.412741171356486,1.8598956529186823,2.898,2,False
1450,2.0536241486376414,1.4141655221388159,1.8625991364281642,2.9,2,False
1451,2.054405463485806,1.415615317706074,1.8653192142989743,2.902,2,False
1452,2.0551973650074813,1.4170904934354076,1.8680558221003902,2.904,2,False
1453,2.0559998373046415,1.4185909847039668,1.870808895401693,2.906,2,True
1454,2.0568128644792574,1.4201167268888983,1.8735783697721597,2.908,2,False
1455,2.057636430633301,1.4216676553673524,1.8763641807810711,2.91,2,False
1456,2.0584705198687447,1.4232437055164766,1.8791662639977047,2.912,2,False
1457,2.0593151162875603,1.42484481271342,1.8819845549913414,2.914,2,False
1458,2.0601702039917202,1.42647091233533,1.884818989331258,2.916,2,False
1459,2.0610357670831974,1.4281219397593576,1.8876695025867358,2.918,2,False
1460,2.061911789663963,1.4297978303626493,1.8905360303270524,2.92,2,False
1461,2.0627982558359896,1.4314985195223546,1.8934185081214876,2.922,2,False
1462,2.063695149701249,1.4332239426156208,1.896316871539319,2.924,2,False
1463,2.0646024553617126,1.4349740350195979,1.8992310561498276,2.926,2,False
1464,2.065520156919355,1.4367487321114343,1.9021609975222922,2.928,2,False
1465,2.0664482384761467,1.4385479692682779,1.905106631225991,2.93,2,False
1466,2.067386684134059,1.4403716818672778,1.9080678928302026,2.932,2,False
1467,2.0683354779950656,1.4422198052855821,1.9110447179042074,2.934,2,False
1468,2.0692946041611378,1.4440922749003395,1.9140370420172834,2.936,2,False
1469,2.070264046734249,1.4459890260886994,1.9170448007387109,2.938,2,False
1470,2.071243789816369,1.447909994227809,1.9200679296377674,2.94,2,False
1471,2.0722338175094723,1.4498551146948175,1.9231063642837332,2.942,2,False
1472,2.07323411391553,1.4518243228668744,1.926160040245887,2.944,2,False
1473,2.0742446631365143,1.4538175541211271,1.9292288930935078,2.946,2,False
1474,2.0752654492743967,1.4558347438347237,1.9323128583958737,2.948,2,False
1475,2.076296456431151,1.4578758273848145,1.935411871722266,2.95,2,False
1476,2.077337668708748,1.4599407401485465,1.9385258686419617,2.952,2,False
1477,2.07838907020916,1.462029417503069,1.9416547847242407,2.954,2,False
1478,2.0794506450343593,1.4641417948255304,1.9447985555383815,2.956,2,True
1479,2.080522377286319,1.4662778074930796,1.9479571166536647,2.958,2,False
1480,2.081604251067009,1.468437390882864,1.9511304036393666,2.96,2,False
1481,2.0826962504784032,1.4706204803720344,1.9543183520647696,2.962,2,False
1482,2.0837983596224743,1.4728270113377366,1.9575208974991498,2.964,2,False
1483,2.084910562601193,1.4750569191571217,1.960737975511789,2.966,2,False
1484,2.0860328435165316,1.477310139207336,1.963969521671963,2.968,2,False
1485,2.087165186470463,1.4795866068655306,1.9672154715489545,2.97,2,False
1486,2.0883075755649587,1.4818862575088514,1.970475760712039,2.972,2,False
1487,2.089459994901991,1.4842090265144494,1.9737503247304986,2.974,2,False
1488,2.090622428583533,1.4865548492594711,1.97703909917361,2.976,2,False
1489,2.091794860711555,1.4889236611210668,1.9803420196106543,2.978,2,False
1490,2.09297727538803,1.4913153974763835,1.9836590216109082,2.98,2,False
1491,2.0941696567149313,1.493729993702571,1.9869900407436534,2.982,2,False
1492,2.0953719887942297,1.496167385176777,1.9903350125781665,2.984,2,False
1493,2.0965842557278975,1.4986275072761508,1.9936938726837288,2.986,2,False
1494,2.0978064416179074,1.5011102953778401,1.9970665566296173,2.988,2,False
1495,2.099038530566231,1.5036156848589954,2.000452999985113,2.99,2,False
1496,2.10028050667484,1.506143611096762,2.003853138319492,2.992,2,False
1497,2.101532354045708,1.5086940094682917,2.007266907202038,2.994,2,False
1498,2.102794056780806,1.511266815350731,2.010694242202026,2.996,2,False
1499,2.104065598982107,1.5138619641212294,2.0141350788887364,2.998,2,False
1500,2.105346964751582,1.5164793911569354,2.0175893528314486,3.0,2,False
1501,2.1066381381912045,1.5191190318349974,2.0210569995994416,3.0020000000000002,2,False
1502,2.1079391034029458,1.5217808215325637,2.024537954761994,3.004,2,False
1503,2.109249844488778,1.524464695626784,2.028032153888385,3.0060000000000002,2,True
1504,2.1105703455506726,1.5271705894948049,2.0315395325478938,3.008,2,False
1505,2.1119005906906034,1.5298984385137766,2.035060026309799,3.0100000000000002,2,False
1506,2.1132405640105416,1.5326481780608467,2.0385935707433798,3.012,2,False
1507,2.1145902496124602,1.5354197435131656,2.042140101417917,3.0140000000000002,2,False
1508,2.1159496315983293,1.538213070247879,2.0456995539026863,3.016,2,False
1509,2.1173186940701227,1.5410280936421374,2.04927186376697,3.0180000000000002,2,False
1510,2.1186974211298133,1.5438647490730895,2.0528569665800456,3.02,2,False
1511,2.1200857968793714,1.546722971917883,2.0564547979111922,3.0220000000000002,2,False
1512,2.12148380542077,1.5496026975536663,2.060065293329689,3.024,2,False
1513,2.1228914308559803,1.5525038613575888,2.0636883884048145,3.0260000000000002,2,False
1514,2.124308657286977,1.5554263987067989,2.067324018705849,3.028,2,False
1515,2.1257354688157295,1.558370244978445,2.0709721198020707,3.0300000000000002,2,False
1516,2.1271718495442102,1.5613353355496749,2.074632627262758,3.032,2,False
1517,2.1286177835743936,1.5643216057976386,2.078305476657192,3.0340000000000003,2,False
1518,2.1300732550082495,1.5673289910994836,2.08199060355465,3.036,2,False
1519,2.1315382479477516,1.57035742683236,2.085687943524412,3.0380000000000003,2,False
1520,2.1330127464948707,1.5734068483734138,2.0893974321357556,3.04,2,False
1521,2.1344967347515795,1.5764771910997957,2.093119004957962,3.0420000000000003,2,False
1522,2.1359901968198507,1.5795683903886533,2.0968525975603085,3.044,2,False
1523,2.1374931168016555,1.5826803816171358,2.100598145512076,3.0460000000000003,2,False
1524,2.1390054787989663,1.5858131001623907,2.1043555843825406,3.048,2,False
1525,2.1405272669137556,1.5889664814015678,2.1081248497409844,3.0500000000000003,2,False
1526,2.1420584652479953,1.5921404607118146,2.111905877156684,3.052,2,False
1527,2.143599057903658,1.5953349734702809,2.1156986021989206,3.0540000000000003,2,False
1528,2.1451490289827158,1.5985499550541142,2.119502960436972,3.056,2,True
1529,2.1467083625871406,1.601785340840464,2.123318887440119,3.0580000000000003,2,False
1530,2.1482770428189033,1.6050410662064774,2.127146318777637,3.06,2,False
1531,2.1498550537799783,1.6083170665293047,2.130985190018809,3.0620000000000003,2,False
1532,2.1514423795723365,1.611613277186093,2.134835436732911,3.064,2,False
1533,2.15303900429795,1.614929633553992,2.1386969944892242,3.0660000000000003,2,False
1534,2.1546449120587914,1.6182660710101493,2.1425697988570263,3.068,2,False
1535,2.156260086956833,1.6216225249317149,2.1464537854055976,3.0700000000000003,2,False
1536,2.1578845130940456,1.6249989306958355,2.150348889704216,3.072,2,False
1537,2.159518174572402,1.62839522367966,2.15425504732216,3.074,2,False
1538,2.1611610554938765,1.6318113392603393,2.1581721938287117,3.076,2,False
1539,2.1628131399604387,1.6352472128150188,2.162100264793147,3.078,2,False
1540,2.164474412074061,1.6387027797208498,2.166039195784747,3.08,2,False
1541,2.1661448559367162,1.6421779753549783,2.169988922372789,3.082,2,False
1542,2.1678244556503765,1.6456727350945548,2.173949380126553,3.084,2,False
1543,2.1695131953170135,1.6491869943167268,2.177920504615318,3.086,2,False
1544,2.1712110590386002,1.6527206883986443,2.1819022314083636,3.088,2,False
1545,2.1729180309171072,1.6562737527174534,2.185894496074967,3.09,2,False
1546,2.174634095054509,1.6598461226503054,2.18989723418441,3.092,2,False
1547,2.176359235552775,1.6634377335743464,2.1939103813059697,3.094,2,False
1548,2.17809343651388,1.6670485208667278,2.197933873008926,3.096,2,False
1549,2.1798366820397943,1.6706784199045948,2.2019676448625565,3.098,2,False
1550,2.1815889562324906,1.6743273660650986,2.206011632436142,3.1,2,False
1551,2.1833502431939413,1.6779952947253862,2.2100657712989604,3.102,2,False
1552,2.1851205270261183,1.6816821412626075,2.2141299970202923,3.104,2,False
1553,2.1868997918309945,1.68538784105391,2.2182042451694155,3.106,2,True
1554,2.188688021710541,1.6891123294764436,2.222288451315609,3.108,2,False
1555,2.1904852007667293,1.6928555419073545,2.226382551028152,3.11,2,False
1556,2.1922913131015336,1.6966174137237937,2.2304864798763235,3.112,2,False
1557,2.1941063428169247,1.7003978803029083,2.2346001734294036,3.114,2,False
1558,2.1959302740148745,1.7041968770218479,2.2387235672566703,3.116,2,False
1559,2.197763090797356,1.7080143392577596,2.2428565969274024,3.118,2,False
1560,2.1996047772663423,1.711850202387794,2.2469991980108803,3.12,2,False
1561,2.2014553175238025,1.7157044017890974,2.2511513060763817,3.122,2,False
1562,2.203314695671712,1.7195768728388203,2.255312856693186,3.124,2,False
1563,2.2051828958120403,1.7234675509141097,2.259483785430572,3.126,2,False
1564,2.207059902046762,1.727376371392116,2.2636640278578204,3.128,2,False
1565,2.208945698477846,1.731303269649986,2.267853519544208,3.13,2,False
1566,2.2108402692072686,1.7352481810648694,2.2720521960590156,3.132,2,False
1567,2.2127435983369983,1.7392110410139139,2.2762599929715215,3.134,2,False
1568,2.2146556699690096,1.7431917848742693,2.280476845851005,3.136,2,False
1569,2.216576468205274,1.7471903480230826,2.2847026902667436,3.138,2,False
1570,2.218505977147763,1.7512066658375043,2.2889374617880196,3.14,2,False
1571,2.2204441808984487,1.7552406736946802,2.2931810959841084,3.142,2,False
1572,2.222391063559304,1.7592923069717614,2.2974335284242917,3.144,2,False
1573,2.2243466092323008,1.7633615010458952,2.301694694677847,3.146,2,False
1574,2.2263108020194116,1.7674481912942313,2.3059645303140557,3.148,2,False
1575,2.2282836260226078,1.7715523130939166,2.3102429709021934,3.15,2,False
1576,2.2302650653438616,1.775673801822101,2.314529952011542,3.152,2,False
1577,2.2322551040851457,1.7798125928559327,2.318825409211379,3.154,2,False
1578,2.234253726348433,1.7839686215725603,2.3231292780709847,3.156,2,True
1579,2.2362609162356937,1.7881418233491317,2.3274414941596366,3.158,2,False
1580,2.238276657848901,1.7923321335627973,2.331761993046615,3.16,2,False
1581,2.2403009352900267,1.796539487590703,2.3360907103011983,3.162,2,False
1582,2.242333732661044,1.8007638208099999,2.3404275814926665,3.164,2,False
1583,2.2443750340639235,1.8050050685978343,2.344772542190297,3.166,2,False
1584,2.246424823600639,1.8092631663313576,2.3491255279633707,3.168,2,False
1585,2.24848308537316,1.8135380493877147,2.3534864743811648,3.17,2,False
1586,2.2505498034834623,1.8178296531440576,2.3578553170129606,3.172,2,False
1587,2.252624962033516,1.8221379129775332,2.3622319914280347,3.174,2,False
1588,2.2547085451252924,1.8264627642652904,2.3666164331956683,3.176,2,False
1589,2.256800536860765,1.8308041423844772,2.371008577885139,3.178,2,False
1590,2.258900921341906,1.8351619827122432,2.375408361065727,3.18,2,False
1591,2.2610096826706867,1.8395362206257353,2.3798157183067095,3.182,2,False
1592,2.2631268049490805,1.8439267915021047,2.3842305851773675,3.184,2,False
1593,2.2652522722790573,1.8483336307184972,2.388652897246979,3.186,2,False
1594,2.2673860687625917,1.8527566736520633,2.3930825900848243,3.188,2,False
1595,2.269528178501654,1.8571958556799504,2.39751959926018,3.19,2,False
1596,2.2716785855982184,1.8616511121793082,2.4019638603423283,3.192,2,False
1597,2.273837274154255,1.866122378527284,2.4064153089005456,3.194,2,False
1598,2.276004228271737,1.870609590101028,2.4108738805041128,3.196,2,False
1599,2.278179432052637,1.8751126822776865,2.4153395107223075,3.198,2,False
1600,2.2803628695989255,1.8796315904344105,2.41981213512441,3.2,2,False
1601,2.2825545250125763,1.884166249948346,2.4242916892796984,3.202,2,False
1602,2.28475438239556,1.8887165961966441,2.4287781087574523,3.204,2,False
1603,2.286962425849851,1.893282564556452,2.4332713291269505,3.206,2,True
1604,2.2891786394774187,1.8978640904049187,2.4377712859574725,3.208,2,False
1605,2.291403007380237,1.9024611091191914,2.442277914818296,3.21,2,False
1606,2.293635513660278,1.9070735560764216,2.4467911512787026,3.212,2,False
1607,2.2958761424195133,1.9117013666537546,2.451310930907969,3.214,2,False
1608,2.2981248777599164,1.9163444762283417,2.455837189275375,3.216,2,False
1609,2.3003817037834566,1.9210028201773288,2.4603698619501997,3.218,2,False
1610,2.3026466045921086,1.9256763338778675,2.464908884501723,3.22,2,False
1611,2.304919564287843,1.9303649527071032,2.469454192499222,3.222,2,False
1612,2.307200566972634,1.9350686120421878,2.4740057215119786,3.224,2,False
1613,2.3094895967484512,1.9397872472602666,2.4785634071092684,3.226,2,False
1614,2.311786637717269,1.9445207937384914,2.4831271848603738,3.228,2,False
1615,2.3140916739810575,1.9492691868540073,2.4876969903345705,3.23,2,False
1616,2.3164046896417907,1.9540323619839657,2.492272759101141,3.232,2,False
1617,2.3187256688014393,1.9588102545055137,2.496854426729362,3.234,2,False
1618,2.321054595561977,1.9636027997958005,2.5014419287885135,3.236,2,False
1619,2.3233914540253737,1.9684099332319738,2.5060352008478737,3.238,2,False
1620,2.3257362282936036,1.9732315901911839,2.510634178476723,3.24,2,False
1621,2.3280889024686378,1.978067706050577,2.515238797244339,3.242,2,False
1622,2.330449460652449,1.9829182161873042,2.5198489927200023,3.244,2,False
1623,2.3328178869470086,1.9877830559785115,2.5244647004729903,3.246,2,False
1624,2.3351941654542903,1.9926621608013502,2.529085856072584,3.248,2,False
1625,2.337578280276264,1.9975554660329662,2.5337123950880605,3.25,2,False
1626,2.3399702155149043,2.0024629070505107,2.5383442530887006,3.2520000000000002,2,False
1627,2.3423699552721806,2.0073844192311294,2.5429813656437816,3.254,2,False
1628,2.3447774836500677,2.0123199379519736,2.547623668322584,3.2560000000000002,2,True
1629,2.3471927847505363,2.017269398590189,2.5522710966943856,3.258,2,False
1630,2.3496158426755587,2.0222327365229282,2.5569235863284674,3.2600000000000002,2,False
1631,2.352046641527107,2.027209887127335,2.5615810727941057,3.262,2,False
1632,2.354485165407154,2.032200785780562,2.566243491660582,3.2640000000000002,2,False
1633,2.3569313984176707,2.037205367859755,2.570910778497174,3.266,2,False
1634,2.3593853246606313,2.042223568742065,2.575582868873162,3.2680000000000002,2,False
1635,2.361846928238005,2.047255323804637,2.580259698357823,3.27,2,False
1636,2.3643161932517662,2.052300568424624,2.5849412025204384,3.2720000000000002,2,False
1637,2.3667931038038863,2.0573592379791714,2.5896273169302857,3.274,2,False
1638,2.369277643996338,2.0624312678454295,2.594317977156645,3.2760000000000002,2,False
1639,2.3717697979310923,2.067516593400545,2.5990131187687933,3.278,2,False
1640,2.3742695497101227,2.0726151500216683,2.603712677336013,3.2800000000000002,2,False
1641,2.3767768834354,2.077726873085947,2.60841658842758,3.282,2,False
1642,2.379291783208897,2.0828516979705305,2.613124787612775,3.2840000000000003,2,False
1643,2.381814233132586,2.0879895600525655,2.6178372104608765,3.286,2,False
1644,2.38434421730844,2.093140394709203,2.6225537925411646,3.2880000000000003,2,False
1645,2.386881719838429,2.09830413731759,2.6272744694229164,3.29,2,False
1646,2.389426724824527,2.103480723254876,2.631999176675413,3.2920000000000003,2,False
1647,2.3919792163687044,2.108670087898208,2.636727849867931,3.294,2,False
1648,2.394539178572936,2.113872166624737,2.641460424569753,3.2960000000000003,2,False
1649,2.3971065955391913,2.119086894811609,2.646196836350155,3.298,2,False
1650,2.399681451369444,2.1243142078359747,2.650937020778418,3.3000000000000003,2,False
1651,2.4022637301656644,2.1295540410749805,2.6556809134238177,3.302,2,False
1652,2.404853416029827,2.1348063299057776,2.660428449855638,3.3040000000000003,2,False
1653,2.407450493063903,2.140071009705512,2.6651795656431543,3.306,2,True
1654,2.410054945369865,2.1453480158513347,2.6699341963556487,3.3080000000000003,2,False
1655,2.412666757049684,2.1506372837203918,2.6746922775623965,3.31,2,False
1656,2.4152859122053334,2.1559387486898345,2.6794537448326805,3.3120000000000003,2,False
1657,2.417912394938784,2.1612523461368083,2.6842185337357765,3.314,2,False
1658,2.4205461893520095,2.1665780114384647,2.688986579840966,3.3160000000000003,2,False
1659,2.42318727954698,2.17191567997195,2.6937578187175264,3.318,2,False
1660,2.4258356496256703,2.177265287114415,2.6985321859347384,3.3200000000000003,2,False
1661,2.4284912836900503,2.1826267682430056,2.703309617061879,3.322,2,False
1662,2.431154165842093,2.188000058734873,2.7080900476682292,3.3240000000000003,2,False
1663,2.433824280183771,2.1933850939671635,2.7128734133230665,3.326,2,False
1664,2.436501610817056,2.198781809317028,2.7176596495956717,3.3280000000000003,2,False
1665,2.439186141843919,2.2041901401616126,2.722448692055322,3.33,2,False
1666,2.4418778573663342,2.209610021878067,2.7272404762712976,3.332,2,False
1667,2.444576741486273,2.2150413898435413,2.7320349378128777,3.334,2,False
1668,2.4472827783057074,2.220484179435181,2.73683201224934,3.336,2,False
1669,2.4499959519266095,2.2259383260301377,2.7416316351499654,3.338,2,False
1670,2.4527162464509504,2.231403765005557,2.746433742084031,3.34,2,False
1671,2.455443645980705,2.236880431738591,2.7512382686208183,3.342,2,False
1672,2.4581781346178424,2.2423682616063845,2.756045150329604,3.344,2,False
1673,2.4609196964643365,2.247867189986089,2.760854322779669,3.346,2,False
1674,2.4636683156221593,2.253377152254851,2.7656657215402904,3.348,2,False
1675,2.466423976193283,2.2588980837898207,2.770479282180749,3.35,2,False
1676,2.4691866622796788,2.2644299199681455,2.775294940270323,3.352,2,False
1677,2.4719563579833204,2.2699725961669754,2.7801126313782927,3.354,2,False
1678,2.4747330474061777,2.2755260477634565,2.7849322910739343,3.356,2,True
1679,2.4775167146502257,2.2810902101347406,2.7897538549265297,3.358,2,False
1680,2.480307343817434,2.2866650186579727,2.794577258505356,3.36,2,False
1681,2.483104919009776,2.292250408710304,2.7994024373796944,3.362,2,False
1682,2.4859094243292237,2.297846315668882,2.804229327118822,3.364,2,False
1683,2.4887208438777497,2.303452674910857,2.8090578632920193,3.366,2,False
1684,2.4915391617573253,2.3090694218133745,2.813887981468564,3.368,2,False
1685,2.4943643620699234,2.314696491753586,2.818719617217737,3.37,2,False
1686,2.4971964289175146,2.3203338201086368,2.823552706108814,3.372,2,False
1687,2.5000353464020737,2.3259813422556794,2.8283871837110777,3.374,2,False
1688,2.5028810986255703,2.331638993571859,2.833222985593805,3.376,2,False
1689,2.505733669689978,2.3373067094343263,2.8380600473262763,3.378,2,False
1690,2.508593043697268,2.3429844252202288,2.8428983044777696,3.38,2,False
1691,2.5114592047494138,2.348672076306716,2.8477376926175646,3.382,2,False
1692,2.514332136948387,2.354369598070935,2.85257814731494,3.384,2,False
1693,2.517211824396159,2.3600769258900365,2.8574196041391753,3.386,2,False
1694,2.5200982511947014,2.365793995141166,2.8622619986595486,3.388,2,False
1695,2.522991401445989,2.3715207412014756,2.8671052664453405,3.39,2,False
1696,2.525891259251991,2.377257099448111,2.871949343065828,3.392,2,False
1697,2.5287978087146823,2.3830030052582227,2.876794164090292,3.394,2,False
1698,2.5317110339360323,2.388758394008957,2.8816396650880094,3.396,2,False
1699,2.5346309190180154,2.394523201077466,2.8864857816282634,3.398,2,False
1700,2.537557448062602,2.4002973618408947,2.8913324492803283,3.4,2,False
1701,2.540490605171766,2.4060808116763948,2.8961796036134864,3.402,2,False
1702,2.543430374447478,2.4118734859611113,2.9010271801970147,3.404,2,False
1703,2.5463767399917105,2.4176753200721954,2.9058751146001933,3.406,2,True
1704,2.5493296859064367,2.423486249386795,2.9107233423923007,3.408,2,False
1705,2.5522891962936285,2.42930620928206,2.9155717991426187,3.41,2,False
1706,2.555255255255256,2.4351351351351354,2.920420420420421,3.412,2,False
1707,2.558227846893294,2.4409729623231735,2.925269141794992,3.414,2,False
1708,2.561206955309713,2.446819626223321,2.930117898835607,3.416,2,False
1709,2.564192564606486,2.452675062212727,2.934966627111547,3.418,2,False
1710,2.567184658885584,2.4585392056685387,2.9398152621920897,3.42,2,False
1711,2.5701832222489815,2.464411991967908,2.9446637396465167,3.422,2,False
1712,2.573188238798647,2.4702933564879794,2.9495119950441033,3.424,2,False
1713,2.576199692636557,2.4761832346059047,2.9543599639541323,3.426,2,False
1714,2.5792175678646796,2.4820815616988305,2.9592075819458805,3.428,2,False
1715,2.58224184858499,2.487988273143907,2.964054784588628,3.43,2,False
1716,2.5852725188994583,2.49390330431828,2.968901507451652,3.432,2,False
1717,2.5883095629100574,2.4998265905991013,2.9737476861042333,3.434,2,False
1718,2.5913529647187596,2.5057580673635176,2.9785932561156514,3.436,2,False
1719,2.5944027084275376,2.511697669988678,2.983438153055185,3.438,2,False
1720,2.5974587781383627,2.517645333851731,2.9882823124921116,3.44,2,False
1721,2.6005211579532075,2.5236009943298257,2.9931256699957123,3.442,2,False
1722,2.6035898319740425,2.5295645868001086,2.9979681611352635,3.444,2,False
1723,2.6066647843028425,2.5355360466397316,3.002809721480048,3.446,2,False
1724,2.6097459990415777,2.5415153092258396,3.007650286599341,3.448,2,False
1725,2.612833460292222,2.5475023099355854,3.012489792062426,3.45,2,False
1726,2.615927152156745,2.553496984146113,3.0173281734385773,3.452,2,False
1727,2.619027058737122,2.5594992672345747,3.022165366297077,3.454,2,False
1728,2.622133164135322,2.5655090945781165,3.0270013062072025,3.456,2,True
1729,2.6252454524533197,2.5715264015538883,3.0318359287382344,3.458,2,False
1730,2.6283639077930854,2.5775511235390387,3.0366691694594508,3.46,2,False
1731,2.631488514256593,2.583583195910716,3.0415009639401305,3.462,2,False
1732,2.634619255945813,2.589622554046068,3.0463312477495537,3.464,2,False
1733,2.637756116962718,2.595669133322245,3.051159956456998,3.466,2,False
1734,2.6408990814092808,2.601722869116393,3.0559870256317434,3.468,2,False
1735,2.6440481333874737,2.6077836968056647,3.06081239084307,3.47,2,False
1736,2.6472032569992665,2.613851551767204,3.065635987660254,3.472,2,False
1737,2.6503644363466345,2.6199263693781623,3.0704577516525773,3.474,2,False
1738,2.6535316555315482,2.6260080850156866,3.0752776183893165,3.476,2,False
1739,2.6567048986559803,2.6320966340569276,3.0800955234397533,3.478,2,False
1740,2.659884149821902,2.638191951879031,3.084911402373164,3.48,2,False
1741,2.6630693931312868,2.6442939738591487,3.0897251907588306,3.482,2,False
1742,2.6662606126861057,2.6504026353744266,3.094536824166029,3.484,2,False
1743,2.669457792588332,2.6565178718020146,3.099346238164041,3.486,2,False
1744,2.672660916939936,2.6626396185190595,3.104153368322143,3.488,2,False
1745,2.675869969842892,2.668767810902713,3.1089581502096175,3.49,2,False
1746,2.6790849353991706,2.67490238433012,3.1137605193957407,3.492,2,False
1747,2.682305797710745,2.6810432741784327,3.118560411449792,3.494,2,False
1748,2.685532540879586,2.6871904158247966,3.1233577619410515,3.496,2,False
1749,2.688765149007668,2.6933437446463637,3.1281525064387985,3.498,2,False
1750,2.6920036061969608,2.699503196020278,3.1329445805123104,3.5,2,False
1751,2.695247896549438,2.705668705323692,3.1377339197308673,3.5020000000000002,2,False
1752,2.6984980041670705,2.711840207933752,3.1425204596637486,3.504,2,False
1753,2.7017539131518316,2.7180176392276074,3.1473041358802325,3.5060000000000002,2,True
1754,2.7050156076056924,2.7242009345824068,3.152084883949598,3.508,2,False
1755,2.7082830716306274,2.7303900293753,3.156862639441126,3.5100000000000002,2,False
1756,2.711556289328605,2.736584858983432,3.161637337924092,3.512,2,False
1757,2.714835244801601,2.742785358783956,3.1664089149677803,3.5140000000000002,2,False
1758,2.718119922151585,2.7489914641540163,3.1711773061414643,3.516,2,False
1759,2.7214103054805303,2.7552031104707644,3.1759424470144273,3.5180000000000002,2,False
1760,2.724706378890409,2.761420233111347,3.1807042731559454,3.52,2,False
1761,2.7280081264831932,2.767642767452915,3.1854627201352996,3.5220000000000002,2,False
1762,2.731315532360855,2.7738706488726135,3.190217723521768,3.524,2,False
1763,2.7346285806253663,2.7801038127475954,3.1949692188846313,3.5260000000000002,2,False
1764,2.7379472553786988,2.7863421944550044,3.199717141793165,3.528,2,False
1765,2.7412715407228267,2.7925857293719933,3.2044614278166517,3.5300000000000002,2,False
1766,2.744601420759719,2.7988343528757076,3.2092020125243685,3.532,2,False
1767,2.747936879591351,2.805088000343299,3.2139388314855966,3.5340000000000003,2,False
1768,2.7512779013196926,2.8113466071519135,3.2186718202696127,3.536,2,False
1769,2.7546244700467173,2.8176101086787004,3.2234009144456963,3.5380000000000003,2,False
1770,2.7579765698743963,2.8238784403008075,3.2281260495831274,3.54,2,False
1771,2.761334184904703,2.830151537395386,3.232847161251185,3.5420000000000003,2,False
1772,2.7646972992396077,2.836429335339581,3.2375641850191457,3.544,2,False
1773,2.768065896981084,2.842711769510544,3.242277056456293,3.5460000000000003,2,False
1774,2.7714399622311032,2.8489987752854207,3.2469857111319014,3.548,2,False
1775,2.774819479091639,2.8552902880413633,3.2516900846152543,3.5500000000000003,2,False
1776,2.7782044316646615,2.861586243155517,3.2563901124756267,3.552,2,False
1777,2.781594804052144,2.8678865760050325,3.2610857302823004,3.5540000000000003,2,False
1778,2.7849905803560584,2.8741912219670565,3.2657768736045534,3.556,2,True
1779,2.7883917446783766,2.88050011641874,3.270463478011665,3.5580000000000003,2,False
1780,2.7917982811210713,2.886813194737229,3.275145479072913,3.56,2,False
1781,2.7952101737861144,2.893130392299674,3.2798228123575788,3.5620000000000003,2,False
1782,2.798627406775477,2.8994516444832223,3.2844954134349402,3.564,2,False
1783,2.8020499641911343,2.9057768866650244,3.2891632178742767,3.5660000000000003,2,False
1784,2.8054778301350543,2.9121060542222255,3.293826161244865,3.568,2,False
1785,2.8089109887092123,2.918439082531978,3.298484179115988,3.5700000000000003,2,False
1786,2.812349424015579,2.924775906971427,3.3031372070569223,3.572,2,False
1787,2.8157931201561275,2.9311164629177235,3.3077851806369476,3.5740000000000003,2,False
1788,2.819242061232829,2.937460685748015,3.3124280354253437,3.576,2,False
1789,2.8226962313476562,2.9438085108394514,3.3170657069913876,3.5780000000000003,2,False
1790,2.8261556146025812,2.950159873569179,3.3216981309043607,3.58,2,False
1791,2.8296201950995767,2.9565147093143493,3.3263252427335415,3.5820000000000003,2,False
1792,2.833089956940612,2.962872953452106,3.330946978048206,3.584,2,False
1793,2.8365648842276627,2.9692345413596026,3.335563272417637,3.586,2,False
1794,2.8400449610627003,2.9755994084139865,3.3401740614111133,3.588,2,False
1795,2.8435301715476955,2.981967489992405,3.344779280597912,3.59,2,False
1796,2.847020499784622,2.988338721472007,3.3493788655473136,3.592,2,False
1797,2.8505159298754505,2.9947130382299414,3.3539727518285964,3.594,2,False
1798,2.8540164459221544,3.001090375643358,3.3585608750110407,3.596,2,False
1799,2.857522032026705,3.007470669089403,3.363143170663924,3.598,2,False
1800,2.861032672291075,3.0138538539452266,3.367719574356526,3.6,2,False
1801,2.864548350817236,3.020239865587976,3.3722900216581255,3.602,2,False
1802,2.8680690517071614,3.0266286393948025,3.376854448138003,3.604,2,False
1803,2.871594759062821,3.0330201107428505,3.381412789365434,3.606,2,True
1804,2.8751254569861895,3.039414215009273,3.3859649809097023,3.608,2,False
1805,2.8786611295792373,3.045810887571215,3.3905109583400836,3.61,2,False
1806,2.8822017609439388,3.052210063805828,3.395050657225859,3.612,2,False
1807,2.8857473351822622,3.058611679090257,3.3995840131363053,3.614,2,False
1808,2.8892978363961834,3.0650156688016548,3.4041109616407033,3.616,2,False
1809,2.8928532486876724,3.071421968317166,3.4086314383083307,3.618,2,False
1810,2.896413556158702,3.077830513013942,3.4131453787084682,3.62,2,False
1811,2.8999787429112445,3.0842412382691293,3.4176527184103938,3.622,2,False
1812,2.903548793047272,3.0906540794598785,3.422153392983387,3.624,2,False
1813,2.907123690668757,3.097068971963337,3.4266473379967257,3.626,2,False
1814,2.910703419877671,3.1034858511566537,3.4311344890196906,3.628,2,False
1815,2.914287964775987,3.1099046524169767,3.4356147816215605,3.63,2,False
1816,2.917877309465675,3.1163253111214546,3.4400881513716133,3.632,2,False
1817,2.9214714380487097,3.1227477626472364,3.4445545338391286,3.634,2,False
1818,2.9250703346270632,3.129171942371473,3.449013864593388,3.636,2,False
1819,2.928673983302705,3.1355977856713073,3.4534660792036647,3.638,2,False
1820,2.9322823681776105,3.1420252279238925,3.4579111132392444,3.64,2,False
1821,2.9358954733537477,3.148454204506374,3.4623489022694,3.642,2,False
1822,2.9395132829330946,3.154884650795905,3.4667793818634163,3.644,2,False
1823,2.9431357810176175,3.161316502169629,3.471202487590567,3.646,2,False
1824,2.9467629517092933,3.167749694004698,3.4756181550201353,3.648,2,False
1825,2.950394779110091,3.1741841616782587,3.480026319721399,3.65,2,False
1826,2.954031247321984,3.180619840567461,3.4844269172636375,3.652,2,False
1827,2.957672340446943,3.1870566660494513,3.4888198832161272,3.654,2,False
1828,2.9613180425869423,3.193494573501381,3.49320515314815,3.656,2,True
1829,2.964968337843953,3.199933498300396,3.497582662628985,3.658,2,False
1830,2.968623210319948,3.206373375823649,3.5019523472279097,3.66,2,False
1831,2.972282644116897,3.2128141414482814,3.5063141425142037,3.662,2,False
1832,2.975946623336776,3.2192557305514495,3.5106679840571466,3.664,2,False
1833,2.979615132081553,3.2256980785102964,3.5150138074260164,3.666,2,False
1834,2.983288154453204,3.232141120701974,3.5193515481900937,3.668,2,False
1835,2.9869656745536988,3.2385847925036293,3.523681141918657,3.67,2,False
1836,2.9906476764850103,3.2450290292924118,3.528002524180985,3.672,2,False
1837,2.99433414434911,3.251473766445468,3.5323156305463552,3.674,2,False
1838,2.998025062247971,3.2579189393399495,3.53662039658405,3.676,2,False
1839,3.0017204142835636,3.2643644833530017,3.540916757863346,3.678,2,False
1840,3.005420184557863,3.270810333861776,3.545204649953524,3.68,2,False
1841,3.0091243571728388,3.2772564262434187,3.54948400842386,3.682,2,False
1842,3.0128329162304643,3.283702695875081,3.5537547688436377,3.684,2,False
1843,3.016545845832711,3.290149078133908,3.558016866782131,3.686,2,False
1844,3.0202631300815517,3.296595508397051,3.5622702378086224,3.688,2,False
1845,3.023984753078958,3.3030419220416567,3.566514817492391,3.69,2,False
1846,3.0277106989269034,3.309488254444877,3.570750541402715,3.692,2,False
1847,3.031440951727358,3.315934440983856,3.5749773451088718,3.694,2,False
1848,3.035175495582295,3.322380417035746,3.5791951641801436,3.696,2,False
1849,3.0389143145936863,3.328826117977692,3.5834039341858066,3.698,2,False
1850,3.0426573928635046,3.335271479186847,3.5876035906951427,3.7,2,False
1851,3.0464047144937214,3.341716436040355,3.5917940692774284,3.702,2,False
1852,3.0501562635863086,3.348160923915368,3.595975305501944,3.704,2,False
1853,3.0539120242432403,3.3546048781890323,3.6001472349379684,3.706,2,True
1854,3.0576719805664863,3.361048234238498,3.6043097931547807,3.708,2,False
1855,3.061436116658019,3.367490927440912,3.608462915721659,3.71,2,False
1856,3.065204416619813,3.3739328931734267,3.612606538207885,3.712,2,False
1857,3.0689768645538367,3.3803740668131845,3.6167405961827335,3.714,2,False
1858,3.072753444562066,3.386814383737341,3.620865025215489,3.716,2,False
1859,3.076534140746469,3.3932537793230373,3.6249797608754246,3.718,2,False
1860,3.080318937209022,3.399692188947429,3.6290847387318257,3.72,2,False
1861,3.084107818051694,3.406129547987659,3.633179894353965,3.722,2,False
1862,3.087900767376459,3.4125657918208803,3.6372651633111257,3.724,2,False
1863,3.091697769285288,3.4190008558242377,3.6413404811725845,3.726,2,False
1864,3.095498807880155,3.4254346753748837,3.6454057835076235,3.728,2,False
1865,3.0993038672630293,3.4318671858499634,3.649461005885519,3.73,2,False
1866,3.103112931535885,3.4382983226266273,3.653506083875551,3.732,2,False
1867,3.1069259848006943,3.444728021082023,3.657540953046999,3.734,2,False
1868,3.1107430111594288,3.4511562165933003,3.6615655489691417,3.736,2,False
1869,3.11456399471406,3.457582844537605,3.665579807211257,3.738,2,False
1870,3.118388919566562,3.4640078402920897,3.6695836633426264,3.74,2,False
1871,3.122217769818904,3.4704311392338996,3.6735770529325262,3.742,2,False
1872,3.126050529573062,3.4768526767401857,3.6775599115502384,3.744,2,False
1873,3.1298871829310038,3.4832723881880945,3.6815321747650387,3.746,2,False
1874,3.1337277139947055,3.489690208954776,3.685493778146209,3.748,2,False
1875,3.137572106866137,3.496106074417378,3.6894446572630275,3.75,2,False
1876,3.141420345647271,3.50251991995305,3.693384747684773,3.7520000000000002,2,False
1877,3.145272414440079,3.508931680938939,3.697313984980724,3.754,2,False
1878,3.149128297346534,3.515341292752195,3.7012323047201607,3.7560000000000002,2,True
1879,3.152987978468608,3.5217486907699644,3.7051396424723606,3.758,2,False
1880,3.156851441908273,3.5281538103693997,3.7090359338066055,3.7600000000000002,2,False
1881,3.1607186717675013,3.5345565869276454,3.712921114292171,3.762,2,False
1882,3.1645896521482655,3.5409569558218537,3.7167951194983386,3.7640000000000002,2,False
1883,3.168464367152537,3.5473548524291703,3.720657884994387,3.766,2,False
1884,3.172342800882287,3.5537502121267446,3.7245093463495946,3.7680000000000002,2,False
1885,3.17622493743949,3.5601429702917256,3.728349439133241,3.77,2,False
1886,3.180110760926117,3.5665330623012625,3.7321780989146056,3.7720000000000002,2,False
1887,3.18400025544414,3.5729204235325014,3.735995261262966,3.774,2,False
1888,3.1878934050955303,3.5793049893625932,3.739800861747602,3.7760000000000002,2,False
1889,3.191790193982262,3.585686695168686,3.7435948359377935,3.778,2,False
1890,3.1956906062063055,3.592065476327928,3.7473771194028185,3.7800000000000002,2,False
1891,3.1995946258696337,3.5984412682174662,3.751147647711956,3.782,2,False
1892,3.203502237074219,3.604814006214453,3.7549063564344864,3.7840000000000003,2,False
1893,3.2074134239220333,3.6111836256960337,3.758653181139687,3.786,2,False
1894,3.211328170515049,3.617550062039359,3.762388057396838,3.7880000000000003,2,False
1895,3.215246460955237,3.623913250621575,3.766110920775218,3.79,2,False
1896,3.2191682793445726,3.630273126819833,3.769821706844107,3.7920000000000003,2,False
1897,3.2230936097850242,3.63662962601128,3.773520351172783,3.794,2,False
1898,3.227022436378566,3.642982683573065,3.7772067893305254,3.7960000000000003,2,False
1899,3.2309547432271684,3.6493322348823347,3.7808809568866115,3.798,2,False
1900,3.2348905144328066,3.655678215316242,3.784542789410324,3.8000000000000003,2,False
1901,3.23882973409745,3.662020560251931,3.788192222470939,3.802,2,False
1902,3.2427723863230726,3.6683592050665528,3.7918291916377376,3.8040000000000003,2,False
1903,3.2467184552116444,3.674694085137255,3.7954536324799966,3.806,2,True
1904,3.25066792486514,3.681025135841187,3.799065480566997,3.8080000000000003,2,False
1905,3.254620779385529,3.687352292555496,3.8026646714680163,3.81,2,False
1906,3.2585770028747856,3.6936754906573324,3.806251140752335,3.8120000000000003,2,False
1907,3.2625365794348813,3.699994665523843,3.8098248239892314,3.814,2,False
1908,3.266499493167789,3.706309752532178,3.813385656747985,3.8160000000000003,2,False
1909,3.2704657281754788,3.7126206870594833,3.816933574597874,3.818,2,False
1910,3.2744352685599245,3.718927404482911,3.820468513108179,3.8200000000000003,2,False
1911,3.278408098423097,3.725229840179606,3.823990407848176,3.822,2,False
1912,3.2823842018669716,3.731527929526722,3.827499194387149,3.8240000000000003,2,False
1913,3.286363562993516,3.737821607901401,3.8309948082943714,3.826,2,False
1914,3.290346165904706,3.744110810680797,3.834477185139127,3.8280000000000003,2,False
1915,3.294331994702511,3.7503954732420555,3.8379462604906918,3.83,2,False
1916,3.2983210334889064,3.7566755309623288,3.8414019699183477,3.8320000000000003,2,False
1917,3.3023132663658603,3.762950919218759,3.84484424899137,3.834,2,False
1918,3.3063086774353474,3.769221573388501,3.8482730332790407,3.8360000000000003,2,False
1919,3.310307250799339,3.7754874288486984,3.851688258350637,3.838,2,False
1920,3.3143089705598077,3.781748420976503,3.855089859775439,3.84,2,False
1921,3.318313820818726,3.7880044851490635,3.8584777731227264,3.842,2,False
1922,3.3223217856780654,3.7942555567435265,3.861851933961778,3.844,2,False
1923,3.3263328492397983,3.8005015711370422,3.865212277861871,3.846,2,False
1924,3.330346995605897,3.806742463706758,3.8685587403922863,3.848,2,False
1925,3.334364208878333,3.812978169829824,3.871891257122302,3.85,2,False
1926,3.338384473159079,3.819208624883387,3.875209763621199,3.852,2,False
1927,3.3424077725501076,3.825433764244597,3.878514195458254,3.854,2,False
1928,3.3464340911533896,3.8316535232906013,3.8818044882027474,3.856,2,True
1929,3.350463413070899,3.8378678373985498,3.885080577423958,3.858,2,False
1930,3.3544957224046055,3.844076641945589,3.8883423986911643,3.86,2,False
1931,3.358531003256484,3.8502798723088705,3.8915898875736463,3.862,2,False
1932,3.362569239728504,3.8564774638655392,3.894822979640682,3.864,2,False
1933,3.3666104159226404,3.8626693519927477,3.8980416104615516,3.866,2,False
1934,3.3706545159408625,3.8688554720676414,3.9012457156055333,3.868,2,False
1935,3.374701523885144,3.8750357594673703,3.904435230641907,3.87,2,False
1936,3.3787514238574565,3.881210149569082,3.90761009113995,3.872,2,False
1937,3.382804199959774,3.887378577749927,3.910770232668943,3.874,2,False
1938,3.386859836294066,3.8935409793870512,3.913915590798165,3.876,2,False
1939,3.3909183169623063,3.899697289857605,3.9170461010968944,3.878,2,False
1940,3.3949796260664664,3.905847444538737,3.92016169913441,3.88,2,False
1941,3.399043747708519,3.9119913788075955,3.9232623204799926,3.882,2,False
1942,3.403110665990434,3.918129028041328,3.926347900702919,3.884,2,False
1943,3.407180365014188,3.924260327617085,3.9294183753724705,3.886,2,False
1944,3.4112528288817496,3.930385212912013,3.9324736800579245,3.888,2,False
1945,3.4153280416950915,3.936503619303262,3.9355137503285595,3.89,2,False
1946,3.419405987556186,3.9426154821679793,3.9385385217536557,3.892,2,False
1947,3.4234866505670065,3.948720736883316,3.9415479299024936,3.894,2,False
1948,3.4275700148295236,3.9548193188264174,3.9445419103443493,3.896,2,False
1949,3.4316560644457104,3.960911163374435,3.9475203986485035,3.898,2,False
1950,3.4357447835175376,3.9669962059045147,3.950483330384235,3.9,2,False
1951,3.4398361561469795,3.9730743817938077,3.9534306411208227,3.902,2,False
1952,3.4439301664360062,3.9791456264194602,3.956362266427547,3.904,2,False
1953,3.448026798486592,3.985209875158623,3.9592781418736855,3.906,2,True
1954,3.4521260364007063,3.9912670633884426,3.9621782030285155,3.908,2,False
1955,3.4562278642803244,3.997317126486069,3.9650623854613203,3.91,2,False
1956,3.4603322662274154,4.003359999828649,3.967930624741375,3.912,2,False
1957,3.464439226343954,4.009395618793334,3.970782856437962,3.914,2,False
1958,3.4685487287319106,4.01542391875727,3.9736190161203577,3.916,2,False
1959,3.472660757493258,4.021444835097607,3.9764390393578424,3.918,2,False
1960,3.4767752967299685,4.027458303191493,3.9792428617196953,3.92,2,False
1961,3.480892330544015,4.033464258416077,3.982030418775196,3.922,2,False
1962,3.485011843037367,4.039462636148507,3.984801646093621,3.924,2,False
1963,3.4891338183119993,4.045453371765931,3.987556479244252,3.926,2,False
1964,3.493258240469883,4.051436400645499,3.9902948537963665,3.928,2,False
1965,3.4973850936129907,4.05741165816436,3.9930167053192447,3.93,2,False
1966,3.5015143618432933,4.06337907969966,3.9957219693821644,3.932,2,False
1967,3.5056460292627647,4.06933860062855,3.998410581554406,3.934,2,False
1968,3.5097800799733765,4.075290156328177,4.001082477405248,3.936,2,False
1969,3.5139164980771005,4.081233682175691,4.00373759250397,3.938,2,False
1970,3.5180552676759076,4.087169113548239,4.0063758624198496,3.94,2,False
1971,3.5221963728717727,4.093096385822971,4.008997222722167,3.942,2,False
1972,3.526339797766665,4.0990154343770335,4.011601608980199,3.944,2,False
1973,3.5304855264625603,4.104926194587579,4.01418895676323,3.946,2,False
1974,3.5346335430614264,4.11082860183175,4.016759201640533,3.948,2,False
1975,3.53878383166524,4.116722591486703,4.019312279181392,3.95,2,False
1976,3.542936376375968,4.122608098929579,4.021848124955081,3.952,2,False
1977,3.5470911612955875,4.128485059537532,4.024366674530884,3.954,2,False
1978,3.551248170526069,4.134353408687707,4.026867863478078,3.956,2,True
1979,3.555407388169383,4.140213081757254,4.029351627365941,3.958,2,False
1980,3.559568798327503,4.146064014123321,4.031817901763753,3.96,2,False
1981,3.563732385102402,4.1519061411630585,4.034266622240795,3.962,2,False
1982,3.56789813259605,4.157739398253613,4.036697724366341,3.964,2,False
1983,3.572066024910421,4.163563720772133,4.0391111437096745,3.966,2,False
1984,3.5762360461474865,4.169379044095769,4.041506815840075,3.968,2,False
1985,3.5804081804092185,4.175185303601667,4.043884676326817,3.97,2,False
1986,3.584582411797589,4.180982434666977,4.046244660739184,3.972,2,False
1987,3.5887587244145713,4.186770372668849,4.048586704646453,3.974,2,False
1988,3.592937102362136,4.192549052984429,4.050910743617903,3.976,2,False
1989,3.597117529742257,4.1983184109908676,4.053216713222815,3.978,2,False
1990,3.6012999906569036,4.20407838206531,4.055504549030465,3.98,2,False
1991,3.6054844692080508,4.209828901584909,4.057774186610134,3.982,2,False
1992,3.6096709494976698,4.215569904926811,4.060025561531101,3.984,2,False
1993,3.613859415627733,4.221301327468165,4.062258609362646,3.986,2,False
1994,3.61804985170021,4.227023104586118,4.064473265674044,3.988,2,False
1995,3.6222422418170774,4.232735171657823,4.06666946603458,3.99,2,False
1996,3.6264365700803034,4.238437464060422,4.0688471460135265,3.992,2,False
1997,3.630632820591864,4.244129917171071,4.07100624118017,3.994,2,False
1998,3.634830977453727,4.249812466366912,4.073146687103782,3.996,2,False
1999,3.6390310247678688,4.255485047025098,4.075268419353647,3.998,2,False
2000,3.6432329466362576,4.261147594522774,4.077371373499043,4.0,2,False
2001,3.647436727160868,4.26680004423709,4.079455485109246,4.002,2,False
2002,3.651642350443672,4.272442331545198,4.081520689753539,4.0040000000000004,2,False
2003,3.6558498005866413,4.278074391824242,4.0835669230011975,4.006,2,True
2004,3.6600590616917468,4.28369616045137,4.085594120421503,4.008,2,False
2005,3.664270117860962,4.289307572803735,4.0876022175837345,4.01,2,False
2006,3.668482953196262,4.294908564258486,4.0895911500571716,4.0120000000000005,2,False
2007,3.672697551799613,4.300499070192765,4.0915608534110905,4.014,2,False
2008,3.676913897772991,4.306079025983725,4.093511263214773,4.016,2,False
2009,3.681131975218366,4.311648367008513,4.095442315037497,4.018,2,False
2010,3.6853517682377133,4.317207028644281,4.097353944448542,4.0200000000000005,2,False
2011,3.6895732609330025,4.322754946268175,4.099246087017186,4.022,2,False
2012,3.6937964374062053,4.328292055257342,4.101118678312709,4.024,2,False
2013,3.698021281759295,4.333818290988932,4.10297165390439,4.026,2,False
2014,3.7022477780942458,4.339333588840097,4.104804949361508,4.0280000000000005,2,False
2015,3.706475910513026,4.34483788418798,4.106618500253343,4.03,2,False
2016,3.7107056631176087,4.35033111240973,4.108412242149171,4.032,2,False
2017,3.7149370200099674,4.355813208882499,4.110186110618274,4.034,2,False
2018,3.7191699652920756,4.361284108983438,4.111940041229932,4.0360000000000005,2,False
2019,3.723404483065901,4.366743748089687,4.11367396955342,4.038,2,False
2020,3.7276405574334186,4.3721920615784,4.115387831158021,4.04,2,False
2021,3.7318781724966,4.377628984826725,4.117081561613011,4.042,2,False
2022,3.73611731235742,4.3830544532118125,4.118755096487671,4.0440000000000005,2,False
2023,3.740357961117846,4.3884684021108065,4.120408371351279,4.046,2,False
2024,3.7446001028798515,4.393870766900858,4.122041321773115,4.048,2,False
2025,3.7488437217454114,4.399261482959116,4.123653883322458,4.05,2,False
2026,3.7530888018164976,4.404640485662732,4.125245991568587,4.0520000000000005,2,False
2027,3.757335327195078,4.4100077103888475,4.126817582080779,4.054,2,False
2028,3.761583281983127,4.415363092514614,4.128368590428315,4.056,2,True
2029,3.7658326502826176,4.420706567417182,4.129898952180474,4.058,2,False
2030,3.770083416195524,4.426038070473702,4.131408602906537,4.0600000000000005,2,False
2031,3.7743355638238136,4.4313575370613165,4.132897478175779,4.062,2,False
2032,3.7785890772694617,4.436664902557178,4.134365513557482,4.064,2,False
2033,3.782843940634438,4.441960102338432,4.1358126446209225,4.066,2,False
2034,3.78710013802072,4.447243071782233,4.1372388069353825,4.0680000000000005,2,False
2035,3.791357653530272,4.452513746265722,4.138643936070139,4.07,2,False
2036,3.7956164712650704,4.457772061166052,4.140027967594471,4.072,2,False
2037,3.7998765753270884,4.463017951860372,4.14139083707766,4.074,2,False
2038,3.804137949818299,4.468251353725831,4.142732480088982,4.0760000000000005,2,False
2039,3.808400578840669,4.473472202139573,4.144052832197718,4.078,2,False
2040,3.8126644464961745,4.47868043247875,4.145351828973147,4.08,2,False
2041,3.8169295368867875,4.483875980120512,4.146629405984546,4.082,2,False
2042,3.821195834114482,4.489058780442007,4.147885498801198,4.0840000000000005,2,False
2043,3.8254633222812244,4.4942287688203795,4.149120042992378,4.086,2,False
2044,3.82973198548899,4.499385880632781,4.150332974127367,4.088,2,False
2045,3.8340018078397518,4.50453005125636,4.151524227775442,4.09,2,False
2046,3.838272773435483,4.509661216068267,4.152693739505886,4.0920000000000005,2,False
2047,3.842544866378152,4.514779310445647,4.153841444887975,4.094,2,False
2048,3.8468180707697344,4.519884269765651,4.15496727949099,4.096,2,False
2049,3.8510923707122,4.524976029405425,4.156071178884208,4.098,2,False
2050,3.8553677503075217,4.53005452474212,4.1571530786369095,4.1,2,False
2051,3.859644193657674,4.535119691152886,4.158212914318373,4.102,2,False
2052,3.863921684864625,4.540171464014867,4.159250621497877,4.104,2,False
2053,3.8682002080303484,4.545209778705215,4.160266135744702,4.106,2,True
2054,3.8724797472568167,4.550234570601077,4.161259392628126,4.108,2,False
2055,3.876760286646004,4.555245775079603,4.1622303277174275,4.11,2,False
2056,3.881041810299879,4.560243327517941,4.163178876581888,4.112,2,False
2057,3.885324302320415,4.565227163293238,4.164104974790783,4.114,2,False
2058,3.8896077468095847,4.570197217782644,4.165008557913395,4.116,2,False
2059,3.8938921278693615,4.5751534263633085,4.165889561519001,4.118,2,False
2060,3.8981774296017138,4.580095724412378,4.1667479211768805,4.12,2,False
2061,3.902463636108617,4.585024047307002,4.167583572456313,4.122,2,False
2062,3.9067507314920418,4.589938330424329,4.168396450926577,4.124,2,False
2063,3.911038699853963,4.59483850914151,4.1691864921569515,4.126,2,False
2064,3.915327525296348,4.599724518835689,4.169953631716717,4.128,2,False
2065,3.919617191921173,4.604596294884017,4.17069780517515,4.13,2,False
2066,3.9239076838304077,4.609453772663643,4.1714189481015325,4.132,2,False
2067,3.9281989851260266,4.614296887551716,4.1721169960651405,4.134,2,False
2068,3.9324910799099992,4.6191255749253814,4.172791884635255,4.136,2,False
2069,3.9367839522842987,4.62393977016179,4.173443549381155,4.138,2,False
2070,3.941077586350897,4.628739408638091,4.174071925872118,4.14,2,False
2071,3.94537196621177,4.6335244257314345,4.174676949677425,4.142,2,False
2072,3.9496670759688834,4.638294756818963,4.175258556366354,4.144,2,False
2073,3.953962899724213,4.643050337277831,4.175816681508185,4.146,2,False
2074,3.9582594215797298,4.647791102485183,4.176351260672195,4.148,2,False
2075,3.96255662563741,4.652516987818174,4.176862229427668,4.15,2,False
2076,3.966854495999219,4.657227928653944,4.177349523343876,4.152,2,False
2077,3.971153016767133,4.6619238603696465,4.177813077990104,4.154,2,False
2078,3.9754521720431226,4.666604718342429,4.178252828935626,4.156,2,True
2079,3.979751945929164,4.671270437949443,4.178668711749726,4.158,2,False
2080,3.9840523225272233,4.675920954567831,4.179060662001679,4.16,2,False
2081,3.988353285939276,4.680556203574746,4.1794286152607665,4.162,2,False
2082,3.992654820267293,4.685176120347335,4.179772507096267,4.164,2,False
2083,3.9969569096132513,4.68978064026275,4.18009227307746,4.166,2,False
2084,4.001259538079115,4.694369698698133,4.1803878487736235,4.168,2,False
2085,4.00556268976686,4.698943231030638,4.180659169754037,4.17,2,False
2086,4.009866348778459,4.70350117263741,4.18090617158798,4.172,2,False
2087,4.014170499215886,4.708043458895603,4.18112878984473,4.174,2,False
2088,4.0184751251811095,4.71257002518236,4.1813269600935685,4.176,2,False
2089,4.0227802107761015,4.7170808068748284,4.1815006179037715,4.178,2,False
2090,4.027085740102837,4.721575739350163,4.1816496988446215,4.18,2,False
2091,4.031391697263288,4.72605475798551,4.181774138485395,4.182,2,False
2092,4.035698066359425,4.730517798158017,4.181873872395372,4.184,2,False
2093,4.040004831493219,4.73496479524483,4.181948836143832,4.186,2,False
2094,4.044311976766645,4.739395684623102,4.181998965300053,4.188,2,False
2095,4.048619486281678,4.743810401669983,4.182024195433317,4.19,2,False
2096,4.05292734414028,4.748208881762615,4.1820244621128975,4.192,2,False
2097,4.05723553444443,4.752591060278149,4.181999700908078,4.194,2,False
2098,4.061544041296102,4.756956872593737,4.181949847388137,4.196,2,False
2099,4.065852848797267,4.761306254086526,4.181874837122352,4.198,2,False
2100,4.070161941049891,4.765639140133661,4.181774605680002,4.2,2,False
2101,4.074471302155953,4.769955466112294,4.181649088630368,4.202,2,False
2102,4.078780916217422,4.774255167399573,4.181498221542728,4.204,2,False
2103,4.083090767336274,4.778538179372648,4.18132193998636,4.206,2,True
2104,4.087400839614476,4.782804437408664,4.181120179530546,4.208,2,False
2105,4.091711117154003,4.787053876884773,4.180892875744562,4.21,2,False
2106,4.096021584056826,4.791286433178121,4.180639964197689,4.212,2,False
2107,4.100332224424919,4.79550204166586,4.180361380459205,4.214,2,False
2108,4.104643022360253,4.799700637725134,4.180057060098388,4.216,2,False
2109,4.108953961964799,4.803882156733095,4.179726938684521,4.218,2,False
2110,4.113265027340529,4.8080465340668885,4.179370951786878,4.22,2,False
2111,4.1175762025894205,4.8121937051036685,4.178989034974743,4.222,2,False
2112,4.121887471813437,4.8163236052205765,4.1785811238173896,4.224,2,False
2113,4.126198819114557,4.820436169794767,4.178147153884102,4.226,2,False
2114,4.13051022859475,4.8245313342033835,4.177687060744156,4.228,2,False
2115,4.134821684355991,4.8286090338235805,4.1772007799668325,4.23,2,False
2116,4.139133170500249,4.832669204032502,4.176688247121409,4.232,2,False
2117,4.1434446711294965,4.836711780207297,4.176149397777166,4.234,2,False
2118,4.147756170345707,4.8407366977251165,4.175584167503383,4.236,2,False
2119,4.152067652250854,4.844743891963109,4.174992491869337,4.238,2,False
2120,4.156379100946904,4.848733298298418,4.1743743064443075,4.24,2,False
2121,4.160690500535834,4.852704852108197,4.173729546797574,4.242,2,False
2122,4.165001835119615,4.856658488769594,4.173058148498417,4.244,2,False
2123,4.169313088800221,4.860594143659757,4.172360047116112,4.246,2,False
2124,4.173624245679622,4.864511752155834,4.171635178219943,4.248,2,False
2125,4.1779352898597875,4.868411249634972,4.170883477379184,4.25,2,False
2126,4.182246205442695,4.8722925714743255,4.170104880163119,4.252,2,False
2127,4.186556976530314,4.876155653051037,4.169299322141021,4.2540000000000004,2,False
2128,4.190867587224616,4.880000429742256,4.1684667388821754,4.256,2,True
2129,4.195178021627575,4.883826836925134,4.167607065955858,4.258,2,False
2130,4.199488263841161,4.8876348099768165,4.1667202389313465,4.26,2,False
2131,4.20379829796735,4.891424284274455,4.165806193377923,4.2620000000000005,2,False
2132,4.208108108108108,4.895195195195195,4.164864864864865,4.264,2,False
0,1.8969969969969973,0.22492492492492494,4.554054054054054,0.0,3,False
1,1.907581293191524,0.24259405763134612,4.543220034661472,0.002,3,False
2,1.9181210055399736,0.2601950801039719,4.532397514906206,0.004,3,False
3,1.9286162018529953,0.27772810450493646,4.521586511274179,0.006,3,False
4,1.9390669499412412,0.295193242996374,4.510787040251316,0.008,3,False
5,1.9494733176153616,0.31259060774041897,4.499999118323545,0.01,3,False
6,1.9598353726860065,0.3299203108992052,4.489222761976788,0.012,3,False
7,1.970153182963828,0.34718246463486724,4.4784579876969755,0.014,3,False
8,1.9804268162594758,0.3643771811095392,4.46770481197003,0.016,3,False
9,1.9906563403836008,0.38150457248535535,4.456963251281878,0.018000000000000002,3,False
10,2.0008418231468545,0.39856475092445,4.446233322118446,0.02,3,False
11,2.010983332359887,0.4155578285889572,4.435515040965656,0.022,3,False
12,2.0210809358333495,0.4324839176410113,4.4248084243094405,0.024,3,False
13,2.031134701377892,0.44934313024274664,4.414113488635718,0.026000000000000002,3,False
14,2.041144696804166,0.4661355785562971,4.403430250430418,0.028,3,False
15,2.0511109899228215,0.4828613747437973,4.392758726179466,0.03,3,False
16,2.06103364854451,0.49952063096738125,4.382098932368786,0.032,3,False
17,2.0709127404798826,0.5161134593891834,4.371450885484308,0.034,3,False
18,2.0807483335395878,0.5326399721713375,4.36081460201195,0.036000000000000004,3,False
19,2.0905404955342792,0.5491002814759784,4.350190098437644,0.038,3,False
20,2.100289294274606,0.56549449946524,4.339577391247314,0.04,3,False
21,2.1099947975712197,0.5818227383012565,4.328976496926886,0.042,3,False
22,2.119657073234771,0.5980851101461622,4.318387431962284,0.044,3,False
23,2.129276189075909,0.6142817271620913,4.307810212839435,0.046,3,False
24,2.1388522129052863,0.630412701511178,4.297244856044264,0.048,3,False
25,2.148385212533553,0.6464781453555569,4.286691378062696,0.05,3,False
26,2.1578752557713594,0.6624781708573616,4.2761497953806575,0.052000000000000005,3,False
27,2.1673224104293576,0.6784128901787269,4.265620124484077,0.054,3,False
28,2.176726744318198,0.6942824154817867,4.255102381858874,0.056,3,False
29,2.1860883252485297,0.7100868589286752,4.2445965839909805,0.058,3,False
30,2.195407221031006,0.7258263326815269,4.234102747366318,0.06,3,False
31,2.2046834994762756,0.741500948902476,4.223620888470815,0.062,3,False
32,2.2139172283949895,0.7571108197536566,4.2131510237903935,0.064,3,False
33,2.2231084755977997,0.7726560573972027,4.202693169810981,0.066,3,False
34,2.2322573088953557,0.7881367739952491,4.192247343018506,0.068,3,False
35,2.241363796098309,0.8035530817099295,4.181813559898889,0.07,3,False
36,2.2504280050173096,0.8189050927033784,4.17139183693806,0.07200000000000001,3,False
37,2.259450003463009,0.83419291913773,4.160982190621941,0.074,3,False
38,2.2684298592460577,0.8494166731751184,4.15058463743646,0.076,3,False
39,2.2773676401771064,0.8645764669776781,4.140199193867543,0.078,3,False
40,2.286263414066806,0.8796724127075431,4.129825876401115,0.08,3,False
41,2.2951172487258074,0.8947046225268478,4.119464701523101,0.082,3,False
42,2.303929211964761,0.9096732085977265,4.109115685719427,0.084,3,False
43,2.312699371594317,0.9245782830823129,4.098778845476019,0.08600000000000001,3,False
44,2.321427795425128,0.9394199581427419,4.088454197278802,0.088,3,False
45,2.330114551267842,0.9541983459411473,4.078141757613701,0.09,3,False
46,2.3387597069331125,0.9689135586396637,4.0678415429666455,0.092,3,False
47,2.3473633302315884,0.9835657084004249,4.057553569823557,0.094,3,False
48,2.3559254889739223,0.9981549073855654,4.047277854670364,0.096,3,False
49,2.3644462509707624,1.0126812677572192,4.037014413992989,0.098,3,False
50,2.372925684032761,1.0271449016775207,4.026763264277358,0.1,3,False
51,2.3813638559705694,1.0415459213086045,4.016524422009401,0.10200000000000001,3,False
52,2.389760834594837,1.0558844388126043,4.006297903675041,0.10400000000000001,3,False
53,2.3981166877162154,1.0701605663516545,3.9960837257602013,0.106,3,False
54,2.4064314831453557,1.084374416087889,3.9858819047508107,0.108,3,False
55,2.414705288692907,1.0985261001834428,3.975692457132793,0.11,3,False
56,2.4229381721695216,1.1126157308004494,3.9655153993920753,0.112,3,False
57,2.43113020138585,1.1266434201010438,3.955350748014582,0.114,3,False
58,2.439281444152543,1.1406092802473595,3.9451985194862402,0.116,3,False
59,2.4473919682802507,1.1545134234015308,3.9350587302929743,0.11800000000000001,3,False
60,2.4554618415796234,1.168355961725692,3.92493139692071,0.12,3,False
61,2.463491131861315,1.1821370073819781,3.914816535855376,0.122,3,False
62,2.471479906935971,1.1958566725325221,3.904714163582891,0.124,3,False
63,2.479428234614248,1.2095150693394594,3.894624296589188,0.126,3,False
64,2.4873361827067924,1.223112309964923,3.8845469513601882,0.128,3,False
65,2.495203819024257,1.2366485065710486,3.87448214438182,0.13,3,False
66,2.503031211377291,1.2501237713199687,3.864429892140005,0.132,3,False
67,2.510818427576547,1.2635382163738191,3.8543902111206743,0.134,3,False
68,2.5185655354326735,1.2768919538947325,3.844363117809748,0.136,3,False
69,2.526272602756325,1.2901850960448447,3.834348628693158,0.138,3,False
70,2.533939697358148,1.3034177549862893,3.8243467602568235,0.14,3,False
71,2.5415668870487957,1.3165900428812007,3.814357528986676,0.14200000000000002,3,False
72,2.549154239638918,1.3297020718917119,3.804380951368634,0.14400000000000002,3,False
73,2.5567018229391674,1.3427539541799594,3.7944170438886333,0.146,3,False
74,2.5642097047601915,1.3557458019080757,3.78446582303259,0.148,3,False
75,2.5716779529126432,1.3686777272381951,3.774527305286434,0.15,3,False
76,2.5791066352071734,1.381549842332453,3.7646015071360917,0.152,3,False
77,2.5864958194544316,1.394362259352982,3.7546884450674862,0.154,3,False
78,2.593845573465069,1.4071150904619176,3.7447881355665453,0.156,3,False
79,2.6011559650497382,1.419808447821394,3.734900595119193,0.158,3,False
80,2.6084270620190866,1.4324424435935448,3.725025840211357,0.16,3,False
81,2.6156589321837673,1.4450171899405042,3.715163887328961,0.162,3,False
82,2.6228516433544304,1.457532799024407,3.705314752957932,0.164,3,False
83,2.6300052633417264,1.4699893830073871,3.6954784535841934,0.166,3,False
84,2.637119859956307,1.482387054051579,3.6856550056936745,0.168,3,False
85,2.6441955010088214,1.4947259243191162,3.6758444257722966,0.17,3,False
86,2.651232254309922,1.5070061059721342,3.6660467303059905,0.17200000000000001,3,False
87,2.6582301876702585,1.519227711172766,3.656261935780677,0.17400000000000002,3,False
88,2.665189368900481,1.5313908520831456,3.646490058682285,0.176,3,False
89,2.6721098658112425,1.5434956408654095,3.6367311154967394,0.178,3,False
90,2.678991746213192,1.5555421896816894,3.6269851227099648,0.18,3,False
91,2.685835077916981,1.5675306106941211,3.617252096807888,0.182,3,False
92,2.6926399287332594,1.5794610160648375,3.6075320542764326,0.184,3,False
93,2.699406366472679,1.5913335179559747,3.5978250116015262,0.186,3,False
94,2.7061344589458907,1.6031482285296648,3.588130985269096,0.188,3,False
95,2.7128242739635438,1.6149052599480436,3.5784499917650643,0.19,3,False
96,2.719475879336289,1.6266047243732444,3.568782047575359,0.192,3,False
97,2.7260893428747797,1.6382467339674018,3.559127169185904,0.194,3,False
98,2.732664732389664,1.6498314008926505,3.5494853730826263,0.196,3,False
99,2.739202115691594,1.6613588373111243,3.539856675751452,0.198,3,False
100,2.7457015605912187,1.6728291553849568,3.530241093678305,0.2,3,False
101,2.7521631348991917,1.6842424672762837,3.520638643349112,0.202,3,False
102,2.7585869064261614,1.6955988851472372,3.511049341249798,0.20400000000000001,3,False
103,2.7649729429827796,1.7068985211599539,3.501473203866291,0.20600000000000002,3,False
104,2.7713213123796963,1.7181414874765661,3.4919102476845127,0.20800000000000002,3,False
105,2.777632082427564,1.7293278962592094,3.482360489190393,0.21,3,False
106,2.7839053209370306,1.7404578596700164,3.4728239448698544,0.212,3,False
107,2.790141095718749,1.7515314898711232,3.463300631208823,0.214,3,False
108,2.7963394745833696,1.7625488990246627,3.453790564693225,0.216,3,False
109,2.8025005253415434,1.7735101992927702,3.4442937618089875,0.218,3,False
110,2.80862431580392,1.7844155028375785,3.4348102390420348,0.22,3,False
111,2.814710913781152,1.7952649218212233,3.4253400128782925,0.222,3,False
112,2.820760387083887,1.8060585684058377,3.415883099803685,0.224,3,False
113,2.8267728035227795,1.8167965547535572,3.4064395163041397,0.226,3,False
114,2.8327482309084777,1.8274789930265143,3.397009278865581,0.228,3,False
115,2.838686737051634,1.8381059953868453,3.387592403973938,0.23,3,False
116,2.844588389762898,1.8486776739966824,3.3781889081151317,0.232,3,False
117,2.850453256852921,1.8591941410181616,3.3687988077750917,0.234,3,False
118,2.856281406132353,1.8696555086134157,3.3594221194397402,0.23600000000000002,3,False
119,2.862072905411846,1.8800618889445797,3.3500588595950043,0.23800000000000002,3,False
120,2.8678278225020493,1.8904133941737873,3.34070904472681,0.24,3,False
121,2.8735462252136146,1.9007101364631729,3.3313726913210835,0.242,3,False
122,2.8792281813571923,1.9109522279748712,3.3220498158637484,0.244,3,False
123,2.8848737587434337,1.921139780871017,3.312740434840733,0.246,3,False
124,2.890483025182989,1.9312729073137427,3.3034445647379607,0.248,3,False
125,2.8960560484865097,1.9413517194651837,3.2941622220413587,0.25,3,False
126,2.9015928964646447,1.9513763294874742,3.284893423236851,0.252,3,False
127,2.907093636928047,1.9613468495427477,3.275638184810365,0.254,3,False
128,2.9125583376873663,1.9712633917931401,3.2663965232478263,0.256,3,False
129,2.917987066553253,1.9811260684007836,3.2571684550351585,0.258,3,False
130,2.923379891336359,1.9909349915278143,3.24795399665829,0.26,3,False
131,2.9287368798473334,2.000690273336365,3.2387531646031436,0.262,3,False
132,2.934058099896829,2.010392025988571,3.229565975355647,0.264,3,False
133,2.9393436192954945,2.020040361646565,3.2203924454017256,0.266,3,False
134,2.944593505853982,2.0296353924724824,3.2112325912273043,0.268,3,False
135,2.9498078273829416,2.0391772306284572,3.20208642931831,0.27,3,False
136,2.9549866516930257,2.0486659882766243,3.192953976160667,0.272,3,False
137,2.960130046594882,2.058101777579117,3.1838352482403014,0.274,3,False
138,2.965238079899163,2.06748471069807,3.1747302620431403,0.276,3,False
139,2.97031081941652,2.0768148997956164,3.1656390340551064,0.278,3,False
140,2.9753483329576036,2.086092457033893,3.156561580762128,0.28,3,False
141,2.9803506883330626,2.0953174945750312,3.1474979186501284,0.28200000000000003,3,False
142,2.9853179533535497,2.1044901245811665,3.1384480642050363,0.28400000000000003,3,False
143,2.990250195829716,2.113610459214434,3.1294120339127756,0.28600000000000003,3,False
144,2.9951474835722114,2.1226786106369664,3.120389844259271,0.28800000000000003,3,False
145,3.0000098843916847,2.1316946910108974,3.111381511730449,0.29,3,False
146,3.004837466098791,2.1406588124983643,3.102387052812236,0.292,3,False
147,3.0096302965041777,2.149571087261499,3.0934064839905577,0.294,3,False
148,3.0143884434184973,2.1584316274624356,3.0844398217513387,0.296,3,False
149,3.0191119746523984,2.1672405452633092,3.075487082580505,0.298,3,False
150,3.023800958016535,2.1759979528262536,3.0665482829639825,0.3,3,False
151,3.0284554613215544,2.1847039623134035,3.057623439387697,0.302,3,False
152,3.0330755523781097,2.193358685886892,3.048712568337574,0.304,3,False
153,3.0376612989968503,2.2019622357088546,3.039815686299537,0.306,3,False
154,3.042212768988428,2.2105147239414253,3.0309328097595163,0.308,3,False
155,3.046730030163493,2.2190162627467376,3.022063955203433,0.31,3,False
156,3.051213150332697,2.227466964286927,3.013209139117216,0.312,3,False
157,3.055662197306689,2.2358669407241267,3.0043683779867902,0.314,3,False
158,3.0600772388961213,2.244216304220471,2.99554168829808,0.316,3,False
159,3.064458342911643,2.252515166938094,2.986729086537012,0.318,3,False
160,3.068805577163907,2.26076364103913,2.9779305891895107,0.32,3,False
161,3.0731190094635625,2.2689618386857133,2.9691462127415034,0.322,3,False
162,3.0773987076212603,2.2771098720399796,2.960375973678915,0.324,3,False
163,3.0816447394476523,2.285207853264061,2.9516198884876714,0.326,3,False
164,3.0858571727533888,2.2932558945200925,2.942877973653698,0.328,3,False
165,3.090036075349119,2.3012541079702085,2.934150245662919,0.33,3,False
166,3.0941815150454954,2.3092026057765436,2.9254367210012635,0.332,3,False
167,3.0982935596531687,2.3171015001012316,2.9167374161546555,0.334,3,False
168,3.1023722769827886,2.3249509031064064,2.9080523476090185,0.336,3,False
169,3.1064177348450066,2.332750926954202,2.899381531850282,0.338,3,False
170,3.1104300010504735,2.340501683806754,2.890724985364369,0.34,3,False
171,3.11440914340984,2.348203285826196,2.882082724637206,0.342,3,False
172,3.118355229733757,2.355855845174661,2.873454766154718,0.34400000000000003,3,False
173,3.122268327832874,2.363459474014284,2.8648411264028315,0.34600000000000003,3,False
174,3.1261485055178437,2.371014284507201,2.8562418218674717,0.34800000000000003,3,False
175,3.129995830599315,2.3785203888155437,2.8476568690345645,0.35000000000000003,3,False
176,3.1338103708879412,2.3859778991014484,2.8390862843900373,0.352,3,False
177,3.1375921941943696,2.3933869275270463,2.8305300844198102,0.354,3,False
178,3.141341368329254,2.4007475862544756,2.821988285609816,0.356,3,False
179,3.1450579611032428,2.408059987445867,2.8134609044459737,0.358,3,False
180,3.148742040326989,2.4153242432633575,2.8049479574142153,0.36,3,False
181,3.1523936738111398,2.4225404658690786,2.79644946100046,0.362,3,False
182,3.156012929366352,2.4297087674251685,2.7879654316906404,0.364,3,False
183,3.1595998748032685,2.4368292600937567,2.779495885970675,0.366,3,False
184,3.163154577932548,2.443902056036981,2.7710408403264957,0.368,3,False
185,3.1666771065648356,2.4509272674169735,2.762600311244024,0.37,3,False
186,3.1701675285107855,2.457905006395871,2.7541743152091893,0.372,3,False
187,3.1736259115810452,2.4648353851358036,2.7457628687079114,0.374,3,False
188,3.1770523235862687,2.47171851579891,2.7373659882261228,0.376,3,False
189,3.1804468323371036,2.478554510547321,2.728983690249743,0.378,3,False
190,3.183809505644204,2.4853434815431728,2.7206159912647028,0.38,3,False
191,3.187140411318217,2.4920855409485982,2.712262907756924,0.382,3,False
192,3.1904396171697975,2.4987808009257337,2.7039244562123357,0.384,3,False
193,3.1937071910095916,2.5054293736367104,2.69560065311686,0.386,3,False
194,3.1969432006482554,2.5120313712436664,2.687291514956427,0.388,3,False
195,3.200147713896434,2.5185869059087316,2.6789970582169556,0.39,3,False
196,3.203320798564783,2.525096089794044,2.670717299384379,0.392,3,False
197,3.2064625224639487,2.531559035061735,2.662452254944616,0.394,3,False
198,3.2095729534045874,2.5379758538739416,2.6542019413835987,0.396,3,False
199,3.212652159197343,2.544346658392795,2.645966375187248,0.398,3,False
200,3.215700207652874,2.5506715607804322,2.6377455728414922,0.4,3,False
201,3.2187171665818233,2.5569506731989846,2.629539550832254,0.402,3,False
202,3.221703103794848,2.5631841078105904,2.621348325645464,0.404,3,False
203,3.2246580871025947,2.569371976777379,2.6131719137670424,0.406,3,False
204,3.2275821843157173,2.5755143922614887,2.605010331682919,0.40800000000000003,3,False
205,3.2304754632448622,2.5816114664250502,2.5968635958790154,0.41000000000000003,3,False
206,3.233337991700686,2.5876633114302012,2.588731722841263,0.41200000000000003,3,False
207,3.236169837493834,2.593670039439073,2.580614729055581,0.41400000000000003,3,False
208,3.2389710684349624,2.5996317626138032,2.5725126310079007,0.41600000000000004,3,False
209,3.241741752334716,2.605548593116522,2.5644254451841437,0.418,3,False
210,3.24448195700375,2.6114206431093674,2.5563531880702373,0.42,3,False
211,3.2471917502527123,2.617248024754471,2.548295876152108,0.422,3,False
212,3.2498711998922563,2.6230308502139676,2.5402535259156793,0.424,3,False
213,3.252520373733031,2.628769231649992,2.532226153846879,0.426,3,False
214,3.2551393395856882,2.634463281224679,2.524213776431632,0.428,3,False
215,3.2577281652608767,2.6401131111001614,2.5162164101558626,0.43,3,False
216,3.2602869185692493,2.645718833438574,2.5082340715054983,0.432,3,False
217,3.2628156673214552,2.6512805604020504,2.5002667769664644,0.434,3,False
218,3.2653144793281474,2.6567984041527266,2.492314543024685,0.436,3,False
219,3.2677834223999738,2.662272476852735,2.484377386166088,0.438,3,False
220,3.2702225643475877,2.6677028906642106,2.4764553228765975,0.44,3,False
221,3.272631972981638,2.673089757749288,2.4685483696421398,0.442,3,False
222,3.2750117161127763,2.6784331902701006,2.460656542948641,0.444,3,False
223,3.277361861551654,2.6837333003887838,2.4527798592820256,0.446,3,False
224,3.279682477108921,2.6889902002674706,2.4449183351282207,0.448,3,False
225,3.281973630595227,2.6942040020682962,2.4370719869731508,0.45,3,False
226,3.284235389821225,2.6993748179533936,2.429240831302741,0.452,3,False
227,3.2864678225975643,2.7045027600848983,2.421424884602919,0.454,3,False
228,3.2886709967348957,2.709587940624944,2.4136241633596085,0.456,3,False
229,3.290844980043871,2.714630471735665,2.4058386840587365,0.458,3,False
230,3.29298984033514,2.719630465579195,2.398068463186228,0.46,3,False
231,3.2951056454193526,2.7245880343176685,2.3903135172280083,0.462,3,False
232,3.2971924631071614,2.7295032901132203,2.3825738626700046,0.464,3,False
233,3.2992503612092174,2.734376345127985,2.3748495159981404,0.466,3,False
234,3.3012794075361693,2.739207311524096,2.367140493698343,0.468,3,False
235,3.303279669898669,2.743996301463687,2.3594468122565373,0.47000000000000003,3,False
236,3.3052512161073664,2.7487434271088937,2.351768488158649,0.47200000000000003,3,False
237,3.307194113972914,2.7534488006218485,2.344105537890604,0.47400000000000003,3,False
238,3.309108431305961,2.758112534164687,2.336457977938328,0.47600000000000003,3,False
239,3.3109942359171587,2.762734739899543,2.3288258247877462,0.47800000000000004,3,False
240,3.312851595617158,2.7673155299885512,2.321209094924785,0.48,3,False
241,3.3146805782166107,2.771855016593846,2.31360780483537,0.482,3,False
242,3.316481251526165,2.77635331187756,2.3060219710054257,0.484,3,False
243,3.318253683356473,2.7808105280018287,2.298451609920879,0.486,3,False
244,3.319997941518186,2.7852267771287864,2.290896738067655,0.488,3,False
245,3.321714093821954,2.789602171420567,2.28335737193168,0.49,3,False
246,3.3234022080784285,2.7939368230393056,2.275833527998878,0.492,3,False
247,3.3250623520982576,2.7982308441471333,2.268325222755177,0.494,3,False
248,3.326694593692096,2.8024843469061884,2.2608324726865,0.496,3,False
249,3.328299000670593,2.8066974434786034,2.253355294278775,0.498,3,False
250,3.329875640844399,2.810870246026512,2.245893704017927,0.5,3,False
251,3.3314245820241637,2.81500286671205,2.238447718389881,0.502,3,False
252,3.3329458920205393,2.81909541769735,2.231017353880563,0.504,3,False
253,3.334439638644177,2.8231480111445473,2.2236026269758997,0.506,3,False
254,3.3359058897057254,2.827160759215775,2.216203554161815,0.508,3,False
255,3.3373447130158365,2.8311337740731677,2.2088201519242348,0.51,3,False
256,3.3387561763851625,2.835067167878861,2.201452436749086,0.512,3,False
257,3.3401403476243523,2.8389610527949882,2.1941004251222935,0.514,3,False
258,3.3414972945440553,2.8428155409836813,2.1867641335297825,0.516,3,False
259,3.342827084954926,2.846630744607078,2.1794435784574797,0.518,3,False
260,3.3441297866676134,2.850406775827312,2.17213877639131,0.52,3,False
261,3.3454054674927676,2.8541437468065154,2.1648497438171996,0.522,3,False
262,3.3466541952410394,2.857841769706824,2.1575764972210734,0.524,3,False
263,3.347876037723079,2.8615009566903713,2.150319053088857,0.526,3,False
264,3.34907106274954,2.8651214199192934,2.1430774279064773,0.528,3,False
265,3.350239338131071,2.8687032715557224,2.1358516381598593,0.53,3,False
266,3.351380931678322,2.8722466237617925,2.1286417003349287,0.532,3,False
267,3.3524959112019457,2.87575158869964,2.12144763091761,0.534,3,False
268,3.353584344512592,2.8792182785313973,2.1142694463938305,0.536,3,False
269,3.3546462994209123,2.882646805419199,2.1071071632495157,0.538,3,False
270,3.3556818437375546,2.886037281525179,2.0999607979705908,0.54,3,False
271,3.3566910452731724,2.8893898190114724,2.092830367042981,0.542,3,False
272,3.3576739718384174,2.892704530040213,2.0857158869526122,0.544,3,False
273,3.358630691243937,2.8959815267735354,2.078617374185411,0.546,3,False
274,3.3595612713003837,2.899220921373573,2.0715348452273012,0.548,3,False
275,3.3604657798184077,2.9024228260024603,2.0644683165642093,0.55,3,False
276,3.3613442846086623,2.9055873528223333,2.057417804682063,0.552,3,False
277,3.3621968534817954,2.9087146139953237,2.0503833260667848,0.554,3,False
278,3.3630235542484574,2.9118047216835663,2.0433648972043024,0.556,3,False
279,3.363824454719301,2.914857788049196,2.0363625345805407,0.558,3,False
280,3.3645996227049757,2.917873925254347,2.029376254681425,0.56,3,False
281,3.3653491260161346,2.920853245461154,2.022406073992882,0.562,3,False
282,3.366073032463425,2.923795860831749,2.0154520090008363,0.5640000000000001,3,False
283,3.3667714098575,2.9267018835282705,2.008514076191215,0.5660000000000001,3,False
284,3.367444326009009,2.929571425712847,2.001592292049941,0.5680000000000001,3,False
285,3.3680918487286036,2.932404599547618,1.9946866730629431,0.5700000000000001,3,False
286,3.368714045826934,2.9352015171947143,1.9877972357161453,0.5720000000000001,3,False
287,3.3693109851146517,2.9379622908162712,1.980923996495474,0.5740000000000001,3,False
288,3.3698827344024065,2.940687032574423,1.974066971886853,0.5760000000000001,3,False
289,3.370429361500851,2.943375854631306,1.9672261783762117,0.578,3,False
290,3.3709509342206325,2.9460288691490493,1.9604016324494715,0.58,3,False
291,3.371447520372406,2.9486461882897927,1.9535933505925611,0.582,3,False
292,3.371919187766818,2.951227924215666,1.9468013492914038,0.584,3,False
293,3.372366004214524,2.953774189088808,1.940025645031928,0.586,3,False
294,3.372788037526169,2.956285095071348,1.9332662543000558,0.588,3,False
295,3.3731853555124096,2.958760754325424,1.926523193581717,0.59,3,False
296,3.373558025983892,2.961201279013167,1.9197964793628333,0.592,3,False
297,3.37390611675127,2.963606781296715,1.9130861281293343,0.594,3,False
298,3.3742296956251923,2.9659773733381987,1.9063921563671418,0.596,3,False
299,3.374528830416311,2.968313167299756,1.8997145805621845,0.598,3,False
300,3.3748035889352765,2.970614275343518,1.8930534172003854,0.6,3,False
301,3.3750540389927406,2.9728808096316204,1.8864086827676734,0.602,3,False
302,3.37528024839935,2.975112882326195,1.8797803937499702,0.604,3,False
303,3.3754822849657606,2.9773106055893805,1.8731685666332056,0.606,3,False
304,3.375660216502619,2.979474091583307,1.8665732179033014,0.608,3,False
305,3.3758141108205795,2.981603452470111,1.8599943640461862,0.61,3,False
306,3.3759440357302894,2.983698800411926,1.8534320215477837,0.612,3,False
307,3.3760500590424036,2.9857602475708873,1.8468862068940217,0.614,3,False
308,3.376132248567568,2.987787906109127,1.8403569365708228,0.616,3,False
309,3.376190672116438,2.989781888188781,1.8338442270641162,0.618,3,False
310,3.3762253974996606,2.9917423059719828,1.8273480948598242,0.62,3,False
311,3.37623649252789,2.9936692716208686,1.820868556443876,0.622,3,False
312,3.3762240250117723,2.995562897297567,1.814405628302193,0.624,3,False
313,3.376188062761963,2.99742329516422,1.8079593269207044,0.626,3,False
314,3.3761286735891103,2.9992505773829565,1.8015296687853337,0.628,3,False
315,3.3760459253038664,3.0010448561159127,1.7951166703820092,0.63,3,False
316,3.37593988571688,3.0028062435252214,1.7887203481966525,0.632,3,False
317,3.375810622638804,3.0045348517730193,1.7823407187151934,0.634,3,False
318,3.375658203880287,3.006230793021438,1.775977798423554,0.636,3,False
319,3.3754826972519827,3.0078941794326135,1.7696316038076638,0.638,3,False
320,3.3752841705645387,3.009525123168678,1.7633021513534444,0.64,3,False
321,3.3750626916286084,3.011123736391769,1.7569894575468252,0.642,3,False
322,3.37481832825484,3.0126901312640175,1.7506935388737284,0.644,3,False
323,3.3745511482538872,3.0142244199475603,1.7444144118200828,0.646,3,False
324,3.3742612194363977,3.0157267146045283,1.7381520928718108,0.648,3,False
325,3.373948609613023,3.0171971273970595,1.7319065985148412,0.65,3,False
326,3.373613386594416,3.0186357704872866,1.7256779452350974,0.652,3,False
327,3.373255618191227,3.020042756037344,1.7194661495185068,0.654,3,False
328,3.3728753722141027,3.0214181962093636,1.7132712278509927,0.656,3,False
329,3.372472716473701,3.0227622031654846,1.7070931967184846,0.658,3,False
330,3.3720477187806637,3.024074889067835,1.700932072606903,0.66,3,False
331,3.37160044694565,3.0253563660785563,1.6947878720021787,0.662,3,False
332,3.371130968779305,3.026606746359775,1.6886606113902334,0.664,3,False
333,3.370639352092284,3.027826142073632,1.6825503072569958,0.666,3,False
334,3.370125664695233,3.0290146653822565,1.6764569760883885,0.668,3,False
335,3.3695899743988065,3.030172428447787,1.6703806343703405,0.67,3,False
336,3.3690323490136516,3.031299543432352,1.6643212985887743,0.672,3,False
337,3.368452856350425,3.0323961224980938,1.6582789852296185,0.674,3,False
338,3.3678515642197686,3.0334622778071387,1.6522537107787953,0.676,3,False
339,3.3672285404323428,3.034498121521627,1.6462454917222342,0.678,3,False
340,3.3665838527987906,3.035503765803687,1.640254344545857,0.68,3,False
341,3.3659175691297687,3.0364793228154605,1.6342802857355936,0.682,3,False
342,3.3652297572359213,3.0374249047190736,1.6283233317773649,0.684,3,False
343,3.364520484927908,3.038340623676668,1.6223834991571013,0.686,3,False
344,3.3637898200163696,3.039226591850371,1.6164608043607243,0.6880000000000001,3,False
345,3.363037830311965,3.040082921402322,1.6105552638741631,0.6900000000000001,3,False
346,3.3622645836253398,3.040909724494653,1.60466689418334,0.6920000000000001,3,False
347,3.3614701477671485,3.0417071132894993,1.5987957117741842,0.6940000000000001,3,False
348,3.3606545905480387,3.0424751999489934,1.5929417331326179,0.6960000000000001,3,False
349,3.3598179797786636,3.043214096635272,1.58710497474457,0.6980000000000001,3,False
350,3.3589603832696704,3.043923915510466,1.581285453095963,0.7000000000000001,3,False
351,3.3580818688317153,3.044604768736714,1.5754831846727249,0.7020000000000001,3,False
352,3.3571825042754444,3.045256768476146,1.5696981859607804,0.704,3,False
353,3.3562623574115102,3.0458800268908983,1.5639304734460555,0.706,3,False
354,3.3553214960505637,3.0464746561431055,1.5581800636144754,0.708,3,False
355,3.354359988003255,3.047040768394901,1.5524469729519657,0.71,3,False
356,3.3533779010802354,3.047578475808419,1.546731217944453,0.712,3,False
357,3.352375303092155,3.048087890545794,1.5410328150778618,0.714,3,False
358,3.351352261849665,3.0485691247691604,1.5353517808381187,0.716,3,False
359,3.3503088451634158,3.049022290640652,1.5296881317111486,0.718,3,False
360,3.349245120844058,3.0494475003224037,1.5240418841828773,0.72,3,False
361,3.3481611567022442,3.049844865976549,1.5184130547392314,0.722,3,True
362,3.3470570205486245,3.050214499765223,1.5128016598661354,0.724,3,False
363,3.3459327801938463,3.0505565138505584,1.5072077160495152,0.726,3,False
364,3.344788503448564,3.0508710203946903,1.5016312397752969,0.728,3,False
365,3.3436242581234286,3.051158131559754,1.496072247529406,0.73,3,False
366,3.342440112029088,3.0514179595078823,1.4905307557977674,0.732,3,False
367,3.3412361329761953,3.05165061640121,1.485006781066308,0.734,3,False
368,3.3400123887754,3.0518562144018713,1.4795003398209525,0.736,3,False
369,3.3387689472373543,3.0520348656720007,1.4740114485476272,0.738,3,False
370,3.3375058761727074,3.052186682373731,1.4685401237322573,0.74,3,False
371,3.33622324339211,3.0523117766691983,1.4630863818607682,0.742,3,False
372,3.3349211167062145,3.0524102607205363,1.457650239419087,0.744,3,False
373,3.3335995639256693,3.052482246689878,1.4522317128931377,0.746,3,False
374,3.332258652861128,3.05252784673936,1.4468308187688463,0.748,3,False
375,3.330898451323239,3.052547173031115,1.4414475735321397,0.75,3,False
376,3.3295190271226547,3.0525403377272764,1.4360819936689417,0.752,3,False
377,3.328120448070024,3.05250745298998,1.430734095665179,0.754,3,False
378,3.326702781975999,3.0524486309813588,1.4254038960067776,0.756,3,False
379,3.32526609665123,3.052363983863548,1.4200914111796619,0.758,3,False
380,3.3238104599063694,3.0522536237986824,1.4147966576697595,0.76,3,False
381,3.3223359395520653,3.052117662948895,1.4095196519629938,0.762,3,False
382,3.3208426033989693,3.0519562134763194,1.404260410545292,0.764,3,False
383,3.319330519257733,3.0517693875430916,1.399018949902579,0.766,3,False
384,3.317799754939006,3.0515572973113447,1.3937952865207812,0.768,3,False
385,3.3162503782534403,3.0513200549432136,1.3885894368858231,0.77,3,False
386,3.3146824570116857,3.0510577726008314,1.3834014174836318,0.772,3,True
387,3.313096059024393,3.050770562446334,1.378231244800132,0.774,3,False
388,3.3114912521022144,3.050458536641855,1.37307893532125,0.776,3,False
389,3.309868104055799,3.0501218073495284,1.3679445055329105,0.778,3,False
390,3.308226682695798,3.0497604867314876,1.3628279719210397,0.78,3,False
391,3.306567055832862,3.049374686949869,1.3577293509715633,0.782,3,False
392,3.304889291277642,3.048964520166804,1.3526486591704074,0.784,3,False
393,3.3031934568407886,3.0485300985444286,1.3475859130034964,0.786,3,False
394,3.301479620332953,3.048071534244877,1.3425411289567573,0.788,3,False
395,3.2997478495647856,3.0475889394302835,1.3375143235161147,0.79,3,False
396,3.2979982123469367,3.0470824262627825,1.3325055131674952,0.792,3,False
397,3.2962307764900585,3.0465521069045076,1.327514714396824,0.794,3,False
398,3.2944456098048,3.0459980935175923,1.3225419436900263,0.796,3,False
399,3.2926427801018128,3.0454204982641713,1.3175872175330283,0.798,3,False
400,3.2908223551917475,3.044819433306381,1.3126505524117562,0.8,3,False
401,3.2889844028852555,3.044195010806353,1.3077319648121344,0.802,3,False
402,3.2871289909929864,3.043547342926222,1.3028314712200892,0.804,3,False
403,3.285256187325591,3.042876541828124,1.2979490881215465,0.806,3,False
404,3.2833660596937224,3.0421827196741913,1.2930848320024315,0.808,3,False
405,3.2814586759080275,3.0414659886265576,1.2882387193486702,0.81,3,False
406,3.2795341037791608,3.0407264608473596,1.2834107666461885,0.812,3,False
407,3.2775924111177703,3.0399642484987295,1.2786009903809108,0.8140000000000001,3,False
408,3.275633665734509,3.0391794637428027,1.2738094070387642,0.8160000000000001,3,False
409,3.273657935440025,3.0383722187417126,1.2690360331056736,0.8180000000000001,3,False
410,3.2716652880449715,3.037542625657594,1.2642808850675649,0.8200000000000001,3,False
411,3.2696557913599977,3.0366907966525805,1.2595439794103636,0.8220000000000001,3,True
412,3.267629513195755,3.0358168438888065,1.2548253326199956,0.8240000000000001,3,False
413,3.2655865213628945,3.0349208795284075,1.2501249611823861,0.8260000000000001,3,False
414,3.2635268836720654,3.034003015733516,1.2454428815834615,0.8280000000000001,3,False
415,3.26145066793392,3.0330633646662672,1.2407791103091466,0.8300000000000001,3,False
416,3.2593579419591103,3.0321020384887953,1.236133663845368,0.8320000000000001,3,False
417,3.257248773558284,3.0311191493632337,1.2315065586780503,0.834,3,False
418,3.2551232305420936,3.030114809451718,1.2268978112931204,0.836,3,False
419,3.2529813807211894,3.0290891309163808,1.2223074381765024,0.838,3,False
420,3.2508232919062223,3.028042225919358,1.2177354558141231,0.84,3,False
421,3.2486490319078425,3.0269742066227825,1.2131818806919084,0.842,3,False
422,3.2464586685367025,3.02588518518879,1.2086467292957828,0.844,3,False
423,3.24425226960345,3.024775273779512,1.2041300181116725,0.846,3,False
424,3.2420299029187385,3.023644584557086,1.1996317636255032,0.848,3,False
425,3.2397916362932175,3.022493229683644,1.1951519823232009,0.85,3,False
426,3.237537537537538,3.021321321321322,1.190690690690691,0.852,3,False
427,3.235267674462351,3.0201289716322517,1.1862479052138988,0.854,3,False
428,3.232982114878309,3.018916292778571,1.1818236423787505,0.856,3,False
429,3.230680926596058,3.0176833969224095,1.1774179186711715,0.858,3,False
430,3.2283641774262537,3.016430396225907,1.1730307505770874,0.86,3,False
431,3.2260319351795426,3.015157402851192,1.1686621545824236,0.862,3,False
432,3.22368426766658,3.013864528960402,1.1643121471731066,0.864,3,False
433,3.2213212426980116,3.0125518867156704,1.1599807448350612,0.866,3,False
434,3.2189429280844934,3.011219588279133,1.1556679640542136,0.868,3,False
435,3.216549391636671,3.0098677458129206,1.1513738213164892,0.87,3,False
436,3.2141407011652,3.0084964714791718,1.147098333107814,0.872,3,True
437,3.2117169244807275,3.007105877440017,1.142841515914113,0.874,3,False
438,3.2092781293939066,3.005696075857593,1.1386033862213123,0.876,3,False
439,3.2068243837153867,3.0042671788940325,1.1343839605153374,0.878,3,False
440,3.2043557552558184,3.002819298711471,1.130183255282114,0.88,3,False
441,3.2018723118258525,3.00135254747204,1.126001287007568,0.882,3,False
442,3.1993741212361426,2.9998670373378773,1.121838072177625,0.884,3,False
443,3.196861251297334,2.9983628804711144,1.1176936272782099,0.886,3,False
444,3.1943337698200827,2.996840189033888,1.1135679687952496,0.888,3,False
445,3.1917917446150357,2.9952990751883304,1.1094611132146688,0.89,3,False
446,3.1892352434928464,2.9937396510965764,1.1053730770223937,0.892,3,False
447,3.1866643342641647,2.9921620289207604,1.1013038767043495,0.894,3,False
448,3.1840790847396403,2.990566320823017,1.0972535287464622,0.896,3,False
449,3.1814795627299257,2.988952638965479,1.0932220496346572,0.898,3,False
450,3.178865836045671,2.9873210955102825,1.0892094558548604,0.9,3,False
451,3.176237972497525,2.9856718026195592,1.0852157638929976,0.902,3,False
452,3.173596039896142,2.984004872455447,1.0812409902349942,0.904,3,False
453,3.1709401060521687,2.9823204171800763,1.0772851513667754,0.906,3,False
454,3.16827023877626,2.9806185489555843,1.0733482637742675,0.908,3,False
455,3.165586505879064,2.978899379944103,1.069430343943396,0.91,3,False
456,3.162888975171233,2.9771630223077694,1.0655314083600869,0.912,3,False
457,3.160177714463416,2.9754095882087146,1.0616514735102656,0.914,3,False
458,3.1574527915662647,2.9736391898090746,1.0577905558798573,0.916,3,False
459,3.1547142742904297,2.971851939270983,1.0539486719547877,0.918,3,False
460,3.151962230446563,2.9700479487565747,1.0501258382209833,0.92,3,False
461,3.1491967278453132,2.968227330427983,1.046322071164369,0.922,3,True
462,3.146417834297333,2.9663901964473434,1.042537387270871,0.924,3,False
463,3.143625617613271,2.9645366589767885,1.038771803026414,0.926,3,False
464,3.1408201456037794,2.962666830178454,1.0350253349169247,0.928,3,False
465,3.1380014860795087,2.9607808222144723,1.0312979994283282,0.93,3,False
466,3.1351697068511113,2.9588787472469815,1.0275898130465508,0.932,3,False
467,3.1323248757292346,2.9569607174381107,1.0239007922575172,0.934,3,False
468,3.1294670605245325,2.9550268449499986,1.0202309535471539,0.936,3,False
469,3.1265963290476533,2.953077241944776,1.0165803134013858,0.9380000000000001,3,False
470,3.1237127491092487,2.951112020584579,1.012948888306139,0.9400000000000001,3,False
471,3.1208163885199696,2.949131293031541,1.009336694747339,0.9420000000000001,3,False
472,3.1179073150904677,2.9471351714477985,1.0057437492109118,0.9440000000000001,3,False
473,3.114985596631392,2.9451237679954825,1.0021700681827828,0.9460000000000001,3,False
474,3.1120513009533948,2.9430971948367293,0.9986156681488778,0.9480000000000001,3,False
475,3.1091044958671255,2.941055564133671,0.995080565595122,0.9500000000000001,3,False
476,3.1061452491832355,2.9389989880484446,0.9915647770074418,0.9520000000000001,3,False
477,3.103173628712375,2.9369275787431826,0.9880683188717617,0.9540000000000001,3,False
478,3.1001897022651956,2.9348414483800203,0.9845912076740087,0.9560000000000001,3,False
479,3.097193537652348,2.9327407091210906,0.9811334599001076,0.9580000000000001,3,False
480,3.094185202684482,2.9306254731285284,0.9776950920359846,0.96,3,False
481,3.091164765172249,2.9284958525644686,0.9742761205675652,0.962,3,False
482,3.0881322929263013,2.926351959591045,0.9708765619807747,0.964,3,False
483,3.0850878537572863,2.9241939063703906,0.9674964327615387,0.966,3,False
484,3.0820315154758577,2.9220218050646416,0.9641357493957834,0.968,3,False
485,3.078963345892665,2.9198357678359304,0.9607945283694341,0.97,3,False
486,3.0758834128183583,2.917635906846393,0.9574727861684165,0.972,3,True
487,3.0727917840635897,2.915422334258162,0.9541705392786564,0.974,3,False
488,3.069688527439009,2.913195162233373,0.9508878041860793,0.976,3,False
489,3.066573710755268,2.9109545029341586,0.9476245973766111,0.978,3,False
490,3.0634474018230167,2.9087004685226554,0.9443809353361772,0.98,3,False
491,3.0603096684529048,2.9064331711609954,0.9411568345507033,0.982,3,False
492,3.0571605784555853,2.904152723011314,0.9379523115061149,0.984,3,False
493,3.0540001996417074,2.9018592362357456,0.9347673826883379,0.986,3,False
494,3.050828599821923,2.899552822996423,0.9316020645832983,0.988,3,False
495,3.047645846806881,2.8972335954554818,0.9284563736769207,0.99,3,False
496,3.0444520084072337,2.894901665775056,0.9253303264551318,0.992,3,False
497,3.0412471524336313,2.8925571461172797,0.9222239394038569,0.994,3,False
498,3.0380313466967253,2.890200148644288,0.9191372290090218,0.996,3,False
499,3.034804659007166,2.8878307855182124,0.9160702117565518,0.998,3,False
500,3.031567157175604,2.8854491689011903,0.9130229041323727,1.0,3,False
501,3.028318909012689,2.883055410955354,0.90999532262241,1.002,3,False
502,3.0250599823290747,2.8806496238428396,0.9069874837125901,1.004,3,False
503,3.021790444935408,2.8782319197257786,0.9039994038888377,1.006,3,False
504,3.018510364642342,2.875802410766307,0.9010310996370788,1.008,3,False
505,3.015219809260528,2.873361209126559,0.8980825874432394,1.01,3,False
506,3.0119188466006155,2.870908426968668,0.895153883793245,1.012,3,False
507,3.0086075444732554,2.8684441764547692,0.8922450051730209,1.014,3,False
508,3.005285970689099,2.865968569746997,0.889355968068493,1.016,3,False
509,3.001954193058795,2.863481719007484,0.8864867889655867,1.018,3,False
510,2.9986122793929977,2.8609837363983663,0.8836374843502285,1.02,3,False
511,2.995260297502356,2.8584747340817778,0.880808070708343,1.022,3,True
512,2.9918983151975205,2.855954824219851,0.8779985645258566,1.024,3,False
513,2.9885264002891416,2.853424118974723,0.8752089822886946,1.026,3,False
514,2.985144620587871,2.8508827305085243,0.8724393404827828,1.028,3,False
515,2.981753043904358,2.848330770983392,0.8696896555940465,1.03,3,False
516,2.978351738049256,2.845768352561461,0.866959944108412,1.032,3,False
517,2.974940770833213,2.843195587404862,0.8642502225118043,1.034,3,False
518,2.971520210066881,2.840612587675734,0.8615605072901499,1.036,3,False
519,2.968090123560911,2.8380194655362065,0.8588908149293734,1.038,3,False
520,2.964650579125953,2.8354163331484163,0.8562411619154013,1.04,3,False
521,2.9612016445726583,2.832803302674497,0.8536115647341587,1.042,3,False
522,2.957743387711677,2.8301804862765834,0.8510020398715714,1.044,3,False
523,2.9542758763536616,2.82754799611681,0.8484126038135655,1.046,3,False
524,2.9507991783092606,2.8249059443573086,0.8458432730460661,1.048,3,False
525,2.947313361389126,2.822254443160216,0.8432940640549992,1.05,3,False
526,2.9438184934039078,2.819593604687666,0.8407649933262902,1.052,3,False
527,2.940314642164258,2.8169235411017914,0.8382560773458647,1.054,3,False
528,2.936801875480827,2.8142443645647295,0.8357673325996489,1.056,3,False
529,2.9332802611642643,2.811556187238611,0.8332987755735679,1.058,3,False
530,2.9297498670252216,2.808859121285571,0.8308504227535476,1.06,3,False
531,2.9262107608743495,2.806153278867746,0.8284222906255136,1.062,3,False
532,2.922663010522299,2.8034387721472678,0.8260143956753916,1.064,3,False
533,2.9191066837797215,2.8007157132862717,0.8236267543891072,1.066,3,False
534,2.915541848457265,2.797984214446891,0.8212593832525861,1.068,3,False
535,2.9119685723655833,2.7952443877912603,0.8189122987517536,1.07,3,False
536,2.9083869233153266,2.7924963454815157,0.816585517372536,1.072,3,True
537,2.9047969691171445,2.789740199679789,0.8142790556008586,1.074,3,False
538,2.9011987775816883,2.786976062548215,0.8119929299226472,1.076,3,False
539,2.8975924165196094,2.7842040462489295,0.8097271568238273,1.078,3,False
540,2.893977953741557,2.7814242629440646,0.8074817527903245,1.08,3,False
541,2.890355457058183,2.778636824795755,0.8052567343080645,1.082,3,False
542,2.8867249942801387,2.7758418439661354,0.8030521178629734,1.084,3,False
543,2.8830866332180736,2.773039432617341,0.8008679199409763,1.086,3,False
544,2.8794404416826382,2.770229702911504,0.7987041570279989,1.088,3,False
545,2.8757864874844845,2.7674127670107596,0.7965608456099669,1.09,3,False
546,2.8721248384342637,2.7645887370772417,0.7944380021728064,1.092,3,False
547,2.8684555623426253,2.7617577252730867,0.7923356432024427,1.094,3,False
548,2.86477872702022,2.7589198437604256,0.7902537851848014,1.096,3,False
549,2.861094400277699,2.756075204701394,0.7881924446058082,1.098,3,False
550,2.8574026499257124,2.753223920258127,0.7861516379513884,1.1,3,False
551,2.8537035437749125,2.750366102592758,0.7841313817074687,1.102,3,False
552,2.8499971496359486,2.7475018638674196,0.7821316923599737,1.104,3,False
553,2.8462835353194715,2.744631316244249,0.7801525863948293,1.106,3,False
554,2.8425627686361334,2.741754571885379,0.7781940802979617,1.108,3,False
555,2.838834917396584,2.738871742952944,0.7762561905552963,1.11,3,False
556,2.8351000494114724,2.735982941609078,0.7743389336527582,1.112,3,False
557,2.8313582324914526,2.7330882800159157,0.7724423260762734,1.114,3,False
558,2.8276095344471743,2.730187870335591,0.770566384311768,1.116,3,False
559,2.8238540230892872,2.7272818247302384,0.7687111248451672,1.118,3,False
560,2.8200917662284417,2.724370255361991,0.7668765641623967,1.12,3,False
561,2.8163228316752904,2.721453274392985,0.7650627187493823,1.122,3,True
562,2.8125472872404838,2.718530993985353,0.7632696050920496,1.124,3,False
563,2.80876520073467,2.7156035263012295,0.761497239676324,1.1260000000000001,3,False
564,2.804976639968503,2.712670983502749,0.7597456389881314,1.1280000000000001,3,False
565,2.801181672752632,2.709733477752047,0.7580148195133976,1.1300000000000001,3,False
566,2.797380366897708,2.7067911212112556,0.7563047977380478,1.1320000000000001,3,False
567,2.7935727902143817,2.70384402604251,0.754615590148008,1.1340000000000001,3,False
568,2.7897590105133045,2.7008923044079443,0.7529472132292042,1.1360000000000001,3,False
569,2.785939095605126,2.697936068469693,0.7512996834675615,1.1380000000000001,3,False
570,2.7821131133004986,2.69497543038989,0.7496730173490057,1.1400000000000001,3,False
571,2.7782811314100706,2.6920105023306693,0.7480672313594623,1.1420000000000001,3,False
572,2.7744432177444946,2.6890413964541664,0.7464823419848573,1.1440000000000001,3,False
573,2.7705994401144207,2.6860682249225136,0.744918365711116,1.1460000000000001,3,False
574,2.766749866330501,2.6830910998978466,0.7433753190241643,1.1480000000000001,3,False
575,2.7628945642033838,2.680110133542299,0.7418532184099281,1.1500000000000001,3,False
576,2.7590336015437216,2.6771254380180056,0.7403520803543324,1.1520000000000001,3,False
577,2.7551670461621662,2.6741371254871007,0.7388719213433036,1.154,3,False
578,2.7512949658693655,2.6711453081117176,0.7374127578627668,1.156,3,False
579,2.7474174284759716,2.668150098053991,0.7359746063986479,1.158,3,False
580,2.7435345017926354,2.6651516074760555,0.7345574834368723,1.16,3,False
581,2.7396462536300072,2.662149948540044,0.7331614054633658,1.162,3,False
582,2.735752751798738,2.659145233408092,0.731786388964054,1.164,3,False
583,2.7318540641094793,2.6561375742423348,0.730432450424863,1.166,3,False
584,2.727950258372881,2.653127083204904,0.7290996063317181,1.168,3,False
585,2.7240414023995942,2.650113872457935,0.7277878731705447,1.17,3,False
586,2.720127564000269,2.6470980541635623,0.7264972674272688,1.172,3,True
587,2.716208810985557,2.6440797404839205,0.7252278055878163,1.174,3,False
588,2.712285211166108,2.6410590435811434,0.7239795041381123,1.176,3,False
589,2.7083568323525746,2.6380360756173644,0.7227523795640824,1.178,3,False
590,2.7044237423556052,2.635010948754718,0.7215464483516528,1.18,3,False
591,2.7004860089858527,2.6319837751553408,0.7203617269867494,1.182,3,False
592,2.6965437000539656,2.6289546669813637,0.7191982319552966,1.184,3,False
593,2.6925968833705958,2.625923736394922,0.7180559797432211,1.186,3,False
594,2.688645626746395,2.6228910955581513,0.7169349868364483,1.188,3,False
595,2.684689997992013,2.619856856633185,0.7158352697209038,1.19,3,False
596,2.6807300649181007,2.6168211317821566,0.7147568448825136,1.192,3,False
597,2.676765895335309,2.613784033167201,0.7136997288072028,1.194,3,False
598,2.672797557054288,2.610745672950452,0.7126639379808971,1.196,3,False
599,2.6688251178856888,2.607706163294045,0.7116494888895226,1.198,3,False
600,2.6648486456401628,2.604665616360113,0.7106563980190048,1.2,3,False
601,2.6608682081283592,2.60162414431079,0.7096846818552691,1.202,3,False
602,2.65688387316093,2.598581859308212,0.7087343568842414,1.204,3,False
603,2.6528957085485265,2.5955388735145113,0.7078054395918474,1.206,3,False
604,2.648903782101798,2.592495299091823,0.7068979464640125,1.208,3,False
605,2.644908161631396,2.5894512482022813,0.7060118939866626,1.21,3,False
606,2.640908914947972,2.586406833008021,0.7051472986457232,1.212,3,False
607,2.6369061098621747,2.5833621656711747,0.7043041769271201,1.214,3,False
608,2.6328998141846567,2.580317358353878,0.7034825453167788,1.216,3,False
609,2.6288900957260677,2.577272523218265,0.702682420300625,1.218,3,False
610,2.62487702229706,2.57422777242647,0.7019038183645846,1.22,3,False
611,2.6208606617082815,2.571183218140626,0.7011467559945828,1.222,3,True
612,2.6168410817703855,2.5681389725228687,0.7004112496765456,1.224,3,False
613,2.6128183502940225,2.5650951477353323,0.6996973158963985,1.226,3,False
614,2.6087925350898424,2.56205185594015,0.6990049711400672,1.228,3,False
615,2.604763703968496,2.5590092092994565,0.6983342318934774,1.23,3,False
616,2.600731924740634,2.5559673199753865,0.6976851146425549,1.232,3,False
617,2.5966972652169082,2.552926300130074,0.697057635873225,1.234,3,False
618,2.592659793207968,2.5498862619256517,0.6964518120714137,1.236,3,False
619,2.588619576524465,2.5468473175242567,0.6958676597230464,1.238,3,False
620,2.5845766829770502,2.5438095790880215,0.6953051953140488,1.24,3,False
621,2.5805311803763735,2.5407731587790807,0.6947644353303467,1.242,3,False
622,2.576483136533086,2.5377381687595673,0.6942453962578654,1.244,3,False
623,2.5724326192578375,2.534704721191617,0.6937480945825312,1.246,3,False
624,2.5683796963612813,2.5316729282373647,0.6932725467902693,1.248,3,False
625,2.564324435654066,2.5286429020589436,0.6928187693670055,1.25,3,False
626,2.5602669049468427,2.525614754818487,0.6923867787986652,1.252,3,False
627,2.5562071720502626,2.52258859867813,0.6919765915711742,1.254,3,False
628,2.5521453047749767,2.5195645458000078,0.6915882241704584,1.256,3,False
629,2.5480813709316346,2.516542708346253,0.6912216930824434,1.258,3,False
630,2.5440154383308875,2.5135231984790005,0.6908770147930544,1.26,3,False
631,2.5399475747833873,2.510506128360385,0.6905542057882175,1.262,3,False
632,2.535877848099783,2.50749161015254,0.6902532825538583,1.264,3,False
633,2.5318063260907264,2.5044797560175995,0.6899742615759024,1.266,3,False
634,2.527733076566869,2.5014706781176996,0.6897171593402756,1.268,3,False
635,2.5236581673388594,2.4984644886149727,0.6894819923329032,1.27,3,False
636,2.5195816662173502,2.4954612996715535,0.689268777039711,1.272,3,True
637,2.515503641012992,2.4924612234495767,0.689077529946625,1.274,3,False
638,2.5114241595364337,2.489464372111175,0.6889082675395702,1.276,3,False
639,2.507343289598328,2.4864708578184844,0.6887610063044727,1.278,3,False
640,2.5032610990093254,2.483480792733639,0.6886357627272583,1.28,3,False
641,2.4991776555800755,2.480494289018772,0.6885325532938524,1.282,3,False
642,2.4950930271212313,2.477511458836018,0.6884513944901807,1.284,3,False
643,2.4910072814434416,2.474532414347512,0.6883923028021688,1.286,3,False
644,2.486920486357357,2.4715572677153865,0.6883552947157426,1.288,3,False
645,2.4828327096736293,2.4685861311017776,0.6883403867168274,1.29,3,False
646,2.4787440192029093,2.465619116668819,0.6883475952913489,1.292,3,False
647,2.4746544827558474,2.462656336578644,0.6883769369252332,1.294,3,False
648,2.470564168143094,2.4596979029933883,0.6884284281044055,1.296,3,False
649,2.4664731431753,2.4567439280751846,0.6885020853147916,1.298,3,False
650,2.462381475663116,2.453794523986168,0.688597925042317,1.3,3,False
651,2.458289233417194,2.4508498028884733,0.688715963772908,1.302,3,False
652,2.454196484248183,2.4479098769442333,0.6888562179924892,1.304,3,False
653,2.4501032959667355,2.444974858315584,0.6890187041869872,1.306,3,False
654,2.446009736383501,2.4420448591646577,0.6892034388423272,1.308,3,False
655,2.44191587330913,2.43911999165359,0.6894104384444351,1.31,3,False
656,2.437821774554274,2.4362003679445143,0.689639719479236,1.312,3,False
657,2.433727507929584,2.433286100199566,0.6898912984326561,1.314,3,False
658,2.42963314124571,2.430377300580878,0.6901651917906211,1.316,3,False
659,2.4255387423133037,2.4274740812505855,0.6904614160390565,1.318,3,False
660,2.4214443789430145,2.4245765543708218,0.6907799876638875,1.32,3,False
661,2.417350118945494,2.4216848321037214,0.6911209231510405,1.322,3,True
662,2.4132560301313934,2.4187990266114197,0.691484238986441,1.324,3,False
663,2.409162180311362,2.41591925005605,0.6918699516560142,1.326,3,False
664,2.4050686372960524,2.4130456145997456,0.6922780776456864,1.328,3,False
665,2.400975468896114,2.4101782324046424,0.6927086334413824,1.33,3,False
666,2.3968827429221977,2.407317215632874,0.6931616355290289,1.332,3,False
667,2.392790527184955,2.4044626764465744,0.6936371003945505,1.334,3,False
668,2.388698889495036,2.401614727007878,0.6941350445238739,1.336,3,False
669,2.384607897663091,2.398773479478918,0.6946554844029238,1.338,3,False
670,2.3805176194997726,2.395939046021831,0.6951984365176267,1.34,3,False
671,2.3764281228157293,2.39311153879875,0.6957639173539076,1.342,3,False
672,2.372339475421614,2.3902910699718083,0.6963519433976924,1.344,3,False
673,2.368251745128075,2.387477751703141,0.6969625311349066,1.346,3,False
674,2.364164999745766,2.3846716961548826,0.6975956970514765,1.348,3,False
675,2.3600793070853348,2.381873015489167,0.6982514576333271,1.35,3,False
676,2.3559947349574335,2.3790818218681284,0.698929829366384,1.352,3,False
677,2.3519113511727134,2.3762982274539004,0.6996308287365736,1.354,3,False
678,2.3478292235418246,2.373522344408619,0.7003544722298205,1.356,3,False
679,2.3437484198754177,2.3707542848944168,0.7011007763320511,1.358,3,False
680,2.339669007984144,2.367994161073428,0.7018697575291908,1.36,3,False
681,2.3355910556786537,2.365242085107788,0.7026614323071656,1.362,3,False
682,2.331514630769598,2.3624981691596307,0.7034758171519004,1.364,3,False
683,2.3274398010676274,2.3597625253910897,0.7043129285493217,1.366,3,False
684,2.323366634383393,2.3570352659643,0.7051727829853549,1.368,3,False
685,2.319295198527546,2.3543165030413955,0.7060553969459251,1.37,3,False
686,2.3152255613107346,2.3516063487845096,0.7069607869169587,1.372,3,True
687,2.3111577905436125,2.348904915355778,0.7078889693843811,1.374,3,False
688,2.307091954036829,2.3462123149173335,0.7088399608341177,1.3760000000000001,3,False
689,2.3030281196010356,2.3435286596313114,0.7098137777520945,1.3780000000000001,3,False
690,2.298966355046882,2.3408540616598454,0.710810436624237,1.3800000000000001,3,False
691,2.29490672818502,2.3381886331650703,0.711829953936471,1.3820000000000001,3,False
692,2.2908493068260998,2.33553248630912,0.712872346174722,1.3840000000000001,3,False
693,2.286794158780773,2.3328857332541286,0.7139376298249156,1.3860000000000001,3,False
694,2.282741351859689,2.33024848616223,0.7150258213729775,1.3880000000000001,3,False
695,2.2786909538734994,2.3276208571955594,0.7161369373048336,1.3900000000000001,3,False
696,2.274643032632855,2.325002958516251,0.7172709941064095,1.3920000000000001,3,False
697,2.2705976559484062,2.3223949022864376,0.7184280082636305,1.3940000000000001,3,False
698,2.266554891630803,2.319796800668254,0.7196079962624224,1.3960000000000001,3,False
699,2.2625148074906973,2.3172087658238354,0.720810974588711,1.3980000000000001,3,False
700,2.2584774713387405,2.3146309099153153,0.7220369597284222,1.4000000000000001,3,False
701,2.254442950985582,2.3120633451048285,0.7232859681674811,1.4020000000000001,3,False
702,2.2504113142418727,2.309506183554508,0.7245580163918135,1.4040000000000001,3,False
703,2.246382628918264,2.3069595374264886,0.7258531208873452,1.4060000000000001,3,False
704,2.2423569628254065,2.3044235188829063,0.7271712981400018,1.408,3,False
705,2.2383343837739504,2.301898240085893,0.7285125646357092,1.41,3,False
706,2.234314959574547,2.299383813197583,0.7298769368603927,1.412,3,False
707,2.230298758037847,2.296880350380112,0.7312644312999781,1.414,3,False
708,2.2262858469745,2.294387963795613,0.7326750644403912,1.416,3,False
709,2.2222762941951584,2.291906765606221,0.7341088527675573,1.418,3,False
710,2.218270167510473,2.28943686797407,0.7355658127674027,1.42,3,False
711,2.214267534731093,2.286978383061294,0.7370459609258521,1.422,3,True
712,2.2102684636676697,2.2845314230300273,0.7385493137288319,1.424,3,False
713,2.206273022130855,2.282096100042404,0.7400758876622675,1.426,3,False
714,2.202281277931299,2.2796725262605593,0.7416256992120847,1.428,3,False
715,2.1982932988796517,2.2772608138466266,0.7431987648642089,1.43,3,False
716,2.194309152786564,2.274861074962739,0.7447951011045657,1.432,3,False
717,2.190328907462688,2.2724734217710334,0.7464147244190815,1.434,3,False
718,2.1863526307186727,2.2700979664336414,0.748057651293681,1.436,3,False
719,2.18238039036517,2.2677348211126995,0.7497238982142904,1.438,3,False
720,2.178412254212831,2.2653840979703403,0.7514134816668354,1.44,3,False
721,2.1744482900723052,2.263045909168699,0.7531264181372413,1.442,3,False
722,2.170488565754244,2.260720366869909,0.7548627241114342,1.444,3,False
723,2.1665331490692985,2.2584075832361057,0.756622416075339,1.446,3,False
724,2.1625821078281184,2.256107670429422,0.7584055105148824,1.448,3,False
725,2.1586355098413557,2.2538207406119923,0.7602120239159891,1.45,3,False
726,2.1546934229196597,2.2515469059459514,0.7620419727645854,1.452,3,False
727,2.150755914873683,2.249286278593434,0.7638953735465965,1.454,3,False
728,2.146823053514075,2.247038970716573,0.7657722427479488,1.456,3,False
729,2.142894906651487,2.244805094477504,0.767672596854567,1.458,3,False
730,2.1389715420965696,2.2425847620383603,0.7695964523523773,1.46,3,False
731,2.135053027659973,2.240378085561276,0.7715438257273053,1.462,3,False
732,2.131139431152349,2.2381851772083867,0.7735147334652765,1.464,3,False
733,2.1272308203843475,2.236006149141825,0.7755091920522169,1.466,3,False
734,2.12332726316662,2.233841113523726,0.777527217974052,1.468,3,False
735,2.1194288273098163,2.2316901825162234,0.779568827716707,1.47,3,False
736,2.115535580624588,2.229553468281452,0.7816340377661081,1.472,3,True
737,2.1116475909215855,2.227431082981546,0.7837228646081806,1.474,3,False
738,2.10776492601146,2.225323138778639,0.7858353247288506,1.476,3,False
739,2.1038876537048616,2.223229747834866,0.7879714346140434,1.478,3,False
740,2.100015841812441,2.221151022312361,0.7901312107496852,1.48,3,False
741,2.0961495581448495,2.219087074373258,0.7923146696217009,1.482,3,False
742,2.092288870512738,2.217038016179691,0.7945218277160162,1.484,3,False
743,2.0884338467267556,2.215003959893795,0.7967527015185575,1.486,3,False
744,2.0845845545975563,2.212985017677704,0.7990073075152497,1.488,3,False
745,2.0807410619357873,2.210981301693552,0.8012856621920191,1.49,3,False
746,2.0769034365521013,2.2089929241034723,0.8035877820347903,1.492,3,False
747,2.0730717462571486,2.207019997069601,0.8059136835294902,1.494,3,False
748,2.0692460588615806,2.2050626327540717,0.8082633831620443,1.496,3,False
749,2.0654264421760473,2.203120943319018,0.8106368974183774,1.498,3,False
750,2.061612964011199,2.2011950409265744,0.8130342427844156,1.5,3,False
751,2.057805692177688,2.1992850377388757,0.8154554357460847,1.502,3,False
752,2.0540046944861636,2.1973910459180557,0.8179004927893103,1.504,3,False
753,2.0502100387472777,2.195513177626248,0.820369430400018,1.506,3,False
754,2.0464217927716795,2.193651545025588,0.8228622650641333,1.508,3,False
755,2.0426400243700216,2.1918062602782094,0.8253790132675821,1.51,3,False
756,2.038864801352953,2.189977435546246,0.8279196914962901,1.512,3,False
757,2.0350961915311263,2.1881651829918325,0.8304843162361828,1.514,3,False
758,2.0313342627151902,2.186369614777103,0.8330729039731856,1.516,3,False
759,2.0275790827157976,2.1845908430641923,0.8356854711932247,1.518,3,False
760,2.023830719343598,2.182828980015234,0.8383220343822253,1.52,3,False
761,2.020089240409242,2.1810841377923618,0.8409826100261135,1.522,3,True
762,2.0163547137233806,2.179356428557712,0.8436672146108146,1.524,3,False
763,2.012627207096665,2.177645964473416,0.8463758646222543,1.526,3,False
764,2.008906788339745,2.1759528577016103,0.8491085765463589,1.528,3,False
765,2.0051935252632718,2.1742772204044276,0.851865366869053,1.53,3,False
766,2.0014874856778975,2.172619164744004,0.8546462520762628,1.532,3,False
767,1.9977887373942704,2.1709788028824715,0.8574512486539135,1.534,3,False
768,1.9940973482230433,2.1693562469819656,0.8602803730879318,1.536,3,False
769,1.9904133859748656,2.1677516092046205,0.8631336418642426,1.538,3,False
770,1.9867369184603891,2.16616500171257,0.8660110714687714,1.54,3,False
771,1.9830680134902643,2.1645965366679496,0.8689126783874442,1.542,3,False
772,1.979406738875141,2.1630463262328914,0.8718384791061866,1.544,3,False
773,1.9757531624256706,2.161514482569531,0.8747884901109245,1.546,3,False
774,1.9721073519525043,2.1600011178400025,0.877762727887583,1.548,3,False
775,1.968469375266293,2.1585063442064403,0.8807612089220884,1.55,3,False
776,1.9648393001776863,2.1570302738309777,0.8837839497003656,1.552,3,False
777,1.9612171944973353,2.15557301887575,0.8868309667083405,1.554,3,False
778,1.9576031260358921,2.154134691502892,0.8899022764319395,1.556,3,False
779,1.9539971626040054,2.1527154038745353,0.8929978953570876,1.558,3,False
780,1.9503993720123274,2.1513152681528167,0.8961178399697103,1.56,3,False
781,1.946809822071508,2.149934396499869,0.8992621267557337,1.562,3,False
782,1.9432285805921992,2.148572901077827,0.9024307722010831,1.564,3,False
783,1.9396557153850502,2.1472308940488256,0.9056237927916846,1.566,3,False
784,1.9360912942607125,2.1459084875749976,0.9088412050134629,1.568,3,False
785,1.9325353850298366,2.144605793818478,0.912083025352345,1.57,3,False
786,1.928988055503074,2.1433229249414016,0.9153492702942557,1.572,3,True
787,1.9254493734910747,2.1420599931059012,0.9186399563251204,1.574,3,False
788,1.9219194068044898,2.1408171104741127,0.921955099930866,1.576,3,False
789,1.9183982232539698,2.139594389208169,0.925294717597417,1.578,3,False
790,1.9148858906501656,2.138391941470205,0.9286588258106991,1.58,3,False
791,1.911382476803728,2.1372098794223544,0.9320474410566386,1.582,3,False
792,1.9078880495253072,2.136048315226752,0.9354605798211608,1.584,3,False
793,1.9044026766255553,2.1349073610455314,0.938898258590191,1.586,3,False
794,1.900926425915121,2.1337871290408272,0.9423604938496553,1.588,3,False
795,1.8974593652046572,2.1326877313747743,0.9458473020854796,1.59,3,False
796,1.8940015623048136,2.1316092802095064,0.9493586997835894,1.592,3,False
797,1.890553085026241,2.130551887707157,0.95289470342991,1.594,3,False
798,1.8871140011795904,2.129515666029861,0.956455329510367,1.596,3,False
799,1.8836843785755115,2.1285007273397527,0.9600405945108866,1.598,3,False
800,1.8802642850246567,2.1275071837989663,0.9636505149173943,1.6,3,False
801,1.8768537883376757,2.126535147569636,0.9672851072158152,1.602,3,False
802,1.8734529563252198,2.1255847308138964,0.9709443878920758,1.604,3,False
803,1.8700618567979392,2.124656045693881,0.9746283734321011,1.606,3,False
804,1.8666805575664853,2.123749204371724,0.9783370803218172,1.608,3,False
805,1.863309126441508,2.1228643190095604,0.9820705250471493,1.61,3,False
806,1.8599476312336585,2.1220015017695237,0.9858287240940236,1.612,3,False
807,1.856596139753588,2.1211608648137488,0.9896116939483652,1.614,3,False
808,1.8532547198119467,2.1203425203043693,0.9934194510961001,1.616,3,False
809,1.8499234392193853,2.1195465804035205,0.9972520120231544,1.618,3,False
810,1.846602365786555,2.1187731572733353,1.0011093932154527,1.62,3,False
811,1.843291567324106,2.118022363075948,1.0049916111589212,1.622,3,True
812,1.8399911116426895,2.117294309973494,1.0088986823394859,1.624,3,False
813,1.8367010665529564,2.1165891101281065,1.012830623243072,1.6260000000000001,3,False
814,1.833421499865556,2.1159068757019197,1.0167874503556047,1.6280000000000001,3,False
815,1.8301524793911415,2.115247718857069,1.0207691801630105,1.6300000000000001,3,False
816,1.826894072940362,2.1146117517556875,1.024775829151215,1.6320000000000001,3,False
817,1.8236463483238687,2.11399908655991,1.028807413806144,1.6340000000000001,3,False
818,1.820409373352312,2.1134098354318698,1.032863950613722,1.6360000000000001,3,False
819,1.817183215836343,2.112844110533702,1.036945456059876,1.6380000000000001,3,False
820,1.8139679435866123,2.1123020240275414,1.041051946630531,1.6400000000000001,3,False
821,1.8107636244137713,2.1117836880755214,1.045183438811613,1.6420000000000001,3,False
822,1.8075703261284695,2.1112892148397755,1.049339949089047,1.6440000000000001,3,False
823,1.8043881165413589,2.1108187164824397,1.0535214939487594,1.6460000000000001,3,False
824,1.8012170634630893,2.1103723051656464,1.057728089876675,1.6480000000000001,3,False
825,1.7980572347043113,2.1099500930515314,1.0619597533587202,1.6500000000000001,3,False
826,1.7949086980756768,2.1095521923022282,1.0662165008808207,1.6520000000000001,3,False
827,1.7917715213878365,2.109178715079871,1.0704983489289017,1.6540000000000001,3,False
828,1.78864577245144,2.108829773546594,1.0748053139888891,1.6560000000000001,3,False
829,1.7855315190771388,2.1085054798645317,1.0791374125467088,1.6580000000000001,3,False
830,1.7824288290755836,2.1082059461958185,1.083494661088286,1.6600000000000001,3,False
831,1.779337770257425,2.107931284702588,1.0878770760995469,1.6620000000000001,3,False
832,1.7762584104333137,2.1076816075469744,1.092284674066416,1.6640000000000001,3,False
833,1.7731908174139006,2.107457026891113,1.09671747147482,1.666,3,False
834,1.7701350590098364,2.1072576548971367,1.1011754848106845,1.668,3,False
835,1.767091203031772,2.1070836037271805,1.1056587305599348,1.67,3,False
836,1.764059317290358,2.106934985543379,1.1101672252084969,1.672,3,True
837,1.7610394695962455,2.1068119125078653,1.114700985242296,1.674,3,False
838,1.758031727760084,2.1067144967827747,1.1192600271472584,1.676,3,False
839,1.7550361595925261,2.106642850530241,1.1238443674093093,1.678,3,False
840,1.752052832904221,2.106597085912398,1.128454022514374,1.68,3,False
841,1.7490818155058205,2.1065773150913802,1.1330890089483794,1.682,3,False
842,1.746123175207975,2.106583650229323,1.1377493431972499,1.684,3,False
843,1.743176979821335,2.106616203488359,1.1424350417469118,1.686,3,False
844,1.7402432971565518,2.106675087030623,1.1471461210832903,1.688,3,False
845,1.7373221950242752,2.1067604130182493,1.1518825976923117,1.69,3,False
846,1.734413741235157,2.106872293613372,1.156644488059901,1.692,3,False
847,1.7315180035998472,2.107010840978125,1.161431808671984,1.694,3,False
848,1.7286350499289973,2.107176167274644,1.1662445760144868,1.696,3,False
849,1.7257649480332575,2.1073683846650617,1.171082806573335,1.698,3,False
850,1.7229077657232788,2.1075876053115126,1.1759465168344536,1.7,3,False
851,1.7200635708097112,2.107833941376131,1.1808357232837685,1.702,3,False
852,1.7172324311032066,2.108107505021052,1.1857504424072056,1.704,3,False
853,1.7144144144144149,2.1084084084084087,1.190690690690691,1.706,3,False
854,1.7116095736573067,2.108736724042005,1.1956564542423234,1.708,3,False
855,1.7088179021591257,2.109092365792316,1.2006475976588995,1.71,3,False
856,1.7060393783504364,2.1094752078714887,1.2056639551593886,1.712,3,False
857,1.703273980661803,2.1098851244916665,1.2107053609627612,1.714,3,False
858,1.7005216875237876,2.1103219898649956,1.2157716492879862,1.716,3,False
859,1.6977824773669563,2.110785678203622,1.220862654354035,1.718,3,False
860,1.6950563286218716,2.1112760637196897,1.2259782103798764,1.72,3,False
861,1.6923432197190973,2.1117930206253446,1.2311181515844807,1.722,3,True
862,1.6896431290891976,2.112336423132732,1.2362823121868178,1.724,3,False
863,1.6869560351627357,2.112906145453996,1.2414705264058568,1.726,3,False
864,1.684281916370277,2.113502061801285,1.24668262846057,1.728,3,False
865,1.6816207511423826,2.11412404638674,1.251918452569925,1.73,3,False
866,1.6789725179096184,2.1147719734225086,1.2571778329528918,1.732,3,False
867,1.676337195102548,2.1154457171207355,1.2624606038284412,1.734,3,False
868,1.673714761151735,2.116145151693567,1.2677665994155436,1.736,3,False
869,1.6711051944877424,2.116870151353147,1.2730956539331677,1.738,3,False
870,1.6685084735411346,2.1176205903116205,1.2784476016002837,1.74,3,False
871,1.6659245767424757,2.118396342781134,1.2838222766358618,1.742,3,False
872,1.6633534825223295,2.1191972829738326,1.2892195132588724,1.744,3,False
873,1.660795169311259,2.12002328510186,1.2946391456882842,1.746,3,False
874,1.6582496155398292,2.1208742233773634,1.300081008143068,1.748,3,False
875,1.6557167996386026,2.1217499720124864,1.305544934842193,1.75,3,False
876,1.6531967000381445,2.122650405219376,1.3110307600046305,1.752,3,False
877,1.6506892951690169,2.1235753972101756,1.3165383178493486,1.754,3,False
878,1.6481945634617847,2.124524822197032,1.3220674425953187,1.756,3,False
879,1.6457124833470125,2.1254985543920895,1.3276179684615101,1.758,3,False
880,1.6432430332552626,2.126496468007493,1.3331897296668922,1.76,3,False
881,1.6407861916170994,2.1275184372553895,1.3387825604304369,1.762,3,False
882,1.6383419368630867,2.1285643363479223,1.3443962949711112,1.764,3,False
883,1.635910247423788,2.1296340394972373,1.3500307675078869,1.766,3,False
884,1.6334911017297677,2.13072742091548,1.3556858122597335,1.768,3,False
885,1.6310844782115894,2.1318443548147954,1.3613612634456214,1.77,3,False
886,1.6286903552998162,2.132984715407329,1.3670569552845198,1.772,3,True
887,1.626308711425013,2.1341483769052254,1.3727727219953985,1.774,3,False
888,1.623939525017743,2.135335213520631,1.3785083977972277,1.776,3,False
889,1.62158277450857,2.13654509946569,1.3842638169089783,1.778,3,False
890,1.6192384383280578,2.137777908952547,1.390038813549618,1.78,3,False
891,1.6169064949067709,2.13903351619335,1.3958332219381195,1.782,3,False
892,1.614586922675272,2.140311795400241,1.4016468762934502,1.784,3,False
893,1.6122797000641256,2.141612620785367,1.4074796108345815,1.786,3,False
894,1.6099848055038952,2.142935866560873,1.4133312597804828,1.788,3,False
895,1.607702217425145,2.1442814069389047,1.4192016573501245,1.79,3,False
896,1.6054319142584381,2.145649116131606,1.4250906377624755,1.792,3,False
897,1.6031738744343393,2.1470388683511232,1.4309980352365068,1.794,3,False
898,1.600928076383411,2.1484505378096013,1.4369236839911876,1.796,3,False
899,1.5986944985362181,2.149883998719185,1.4428674182454877,1.798,3,False
900,1.596473119323325,2.1513391252920213,1.448829072218378,1.8,3,False
901,1.5942639171752937,2.1528157917402533,1.4548084801288275,1.802,3,False
902,1.592066870522689,2.154313872276026,1.4608054761958056,1.804,3,False
903,1.5898819577960748,2.1558332411114876,1.466819894638284,1.806,3,False
904,1.5877091574260151,2.1573737724587816,1.4728515696752318,1.808,3,False
905,1.585548447843073,2.158935340530052,1.4789003355256183,1.81,3,False
906,1.5833998074778128,2.1605178195374455,1.4849660264084144,1.812,3,False
907,1.581263214760798,2.162121083693107,1.4910484765425887,1.814,3,False
908,1.579138648122593,2.163745007209182,1.4971475201471123,1.816,3,False
909,1.5770260859937606,2.1653894642978155,1.5032629914409545,1.818,3,False
910,1.5749255068048655,2.1670543291711533,1.509394724643086,1.82,3,False
911,1.572836888986471,2.1687394760413388,1.5155425539724758,1.822,3,True
912,1.5707602109691414,2.170444779120519,1.5217063136480944,1.824,3,False
913,1.56869545118344,2.172170112620839,1.5278858378889117,1.826,3,False
914,1.5666425880599306,2.1739153507544433,1.5340809609138963,1.828,3,False
915,1.5646016000291774,2.1756803677334777,1.54029151694202,1.83,3,False
916,1.562572465521744,2.1774650377700877,1.5465173401922523,1.832,3,False
917,1.5605551629681942,2.1792692350764176,1.5527582648835625,1.834,3,False
918,1.5585496707990911,2.1810928338646125,1.5590141252349197,1.836,3,False
919,1.556555967445,2.1829357083468195,1.5652847554652962,1.838,3,False
920,1.554574031336484,2.184797732735181,1.57156998979366,1.84,3,False
921,1.5526038409041063,2.1866787812418456,1.577869662438981,1.842,3,False
922,1.5506453745784314,2.188578728078956,1.5841836076202311,1.844,3,False
923,1.548698610790023,2.1904974474586587,1.5905116595563784,1.846,3,False
924,1.5467635279694447,2.1924348135930978,1.5968536524663928,1.848,3,False
925,1.5448401045472604,2.1943907006944197,1.6032094205692453,1.85,3,False
926,1.542928318954034,2.1963649829747687,1.6095787980839045,1.852,3,False
927,1.541028149620329,2.1983575346462905,1.615961619229341,1.854,3,False
928,1.53913957497671,2.200368229921131,1.6223577182245257,1.856,3,False
929,1.5372625734537397,2.202396943011434,1.6287669292884268,1.858,3,False
930,1.5353971234819825,2.204443548129346,1.6351890866400145,1.86,3,False
931,1.5335432034920025,2.2065079194870116,1.64162402449826,1.862,3,False
932,1.5317007919143628,2.2085899312965767,1.6480715770821321,1.864,3,False
933,1.5298698671796274,2.2106894577701848,1.654531578610601,1.866,3,False
934,1.5280504077183603,2.212806373119983,1.6610038633026365,1.868,3,False
935,1.526242391961126,2.2149405515581164,1.6674882653772092,1.87,3,False
936,1.5244457983384867,2.2170918672967286,1.6739846190532877,1.872,3,True
937,1.5226606052810072,2.219260194547967,1.6804927585498433,1.874,3,False
938,1.5208867912192514,2.2214454075239756,1.6870125180858444,1.8760000000000001,3,False
939,1.519124334583783,2.2236473804369,1.6935437318802629,1.8780000000000001,3,False
940,1.5173732138051654,2.2258659874988846,1.7000862341520668,1.8800000000000001,3,False
941,1.5156334073139626,2.228101102922076,1.7066398591202268,1.8820000000000001,3,False
942,1.5139048935407382,2.230352600918618,1.713204441003713,1.8840000000000001,3,False
943,1.5121876509160568,2.232620355700657,1.7197798140214955,1.8860000000000001,3,False
944,1.510481657870482,2.2349042414803386,1.7263658123925445,1.8880000000000001,3,False
945,1.5087868928345765,2.2372041324698064,1.7329622703358285,1.8900000000000001,3,False
946,1.5071033342389053,2.2395199028812063,1.7395690220703175,1.8920000000000001,3,False
947,1.5054309605140315,2.2418514269266843,1.7461859018149826,1.8940000000000001,3,False
948,1.5037697500905194,2.244198578818385,1.7528127437887937,1.8960000000000001,3,False
949,1.5021196813989326,2.2465612327684537,1.75944938221072,1.8980000000000001,3,False
950,1.500480732869835,2.2489392629890363,1.7660956512997323,1.9000000000000001,3,False
951,1.49885288293379,2.2513325436922766,1.772751385274799,1.9020000000000001,3,False
952,1.4972361100213618,2.2537409490903206,1.7794164183548906,1.9040000000000001,3,False
953,1.4956303925631145,2.256164353395314,1.7860905847589785,1.9060000000000001,3,False
954,1.494035708989611,2.258602630819402,1.7927737187060309,1.9080000000000001,3,False
955,1.4924520377314157,2.261055655574728,1.7994656544150183,1.9100000000000001,3,False
956,1.4908793572190928,2.2635233018734406,1.8061662261049105,1.9120000000000001,3,False
957,1.4893176458832054,2.2660054439276824,1.8128752679946776,1.9140000000000001,3,False
958,1.487766882154317,2.2685019559495987,1.819592614303289,1.9160000000000001,3,False
959,1.4862270444629924,2.271012712151336,1.8263180992497157,1.9180000000000001,3,False
960,1.484698111239795,2.273537586745039,1.8330515570529256,1.92,3,False
961,1.483180060915288,2.2760764539428524,1.8397928219318904,1.922,3,True
962,1.4816728719200365,2.2786291879569225,1.8465417281055803,1.924,3,False
963,1.4801765226846033,2.281195662999394,1.8532981097929648,1.926,3,False
964,1.4786909916395523,2.283775753282412,1.8600618012130126,1.928,3,False
965,1.4772162572154475,2.2863693330181216,1.866832636584695,1.93,3,False
966,1.4757522978428528,2.2889762764186687,1.8736104501269812,1.932,3,False
967,1.4742990919523313,2.2915964576961976,1.880395076058841,1.934,3,False
968,1.4728566179744476,2.2942297510628546,1.8871863485992457,1.936,3,False
969,1.4714248543397654,2.2968760307307843,1.8939841019671628,1.938,3,False
970,1.4700037794788485,2.299535170912132,1.900788170381565,1.94,3,False
971,1.46859337182226,2.3022070458190425,1.9075983880614198,1.942,3,False
972,1.4671936098005651,2.3048915296636623,1.914414589225699,1.944,3,False
973,1.4658044718443264,2.3075884966581355,1.9212366080933714,1.946,3,False
974,1.4644259363841077,2.3102978210146077,1.9280642788834061,1.948,3,False
975,1.4630579818504739,2.3130193769452245,1.9348974358147755,1.95,3,False
976,1.4617005866739876,2.3157530386621303,1.941735913106447,1.952,3,False
977,1.4603537292852131,2.318498680377471,1.9485795449773926,1.954,3,False
978,1.459017388114714,2.321256176303391,1.9554281656465797,1.956,3,False
979,1.4576915415930547,2.324025400652037,1.9622816093329813,1.958,3,False
980,1.4563761681507987,2.326806227635554,1.9691397102555657,1.96,3,False
981,1.4550712462185091,2.3295985314660856,1.9760023026333016,1.962,3,False
982,1.4537767542267512,2.332402186355779,1.9828692206851615,1.964,3,False
983,1.4524926706060872,2.3352170665167784,1.9897402986301134,1.966,3,False
984,1.4512189737870815,2.338043046161228,1.9966153706871275,1.968,3,False
985,1.4499556422002986,2.3408799995012752,2.003494271075175,1.97,3,False
986,1.4487026542763013,2.343727800749064,2.010376834013224,1.972,3,True
987,1.4474599884456536,2.34658632411674,2.017262893720245,1.974,3,False
988,1.4462276231389197,2.349455443816448,2.0241522844152087,1.976,3,False
989,1.4450055367866639,2.352335034060335,2.0310448403170858,1.978,3,False
990,1.4437937078194483,2.3552249690605427,2.037940395644843,1.98,3,False
991,1.4425921146678382,2.358125123029219,2.044838784617452,1.982,3,False
992,1.441400735762397,2.36103537017851,2.051739841453884,1.984,3,False
993,1.4402195495336887,2.363955584720559,2.0586434003731076,1.986,3,False
994,1.4390485344122763,2.3668856408675114,2.065549295594093,1.988,3,False
995,1.4378876688287243,2.369825412831512,2.0724573613358084,1.99,3,False
996,1.4367369312135965,2.3727747748247086,2.0793674318172273,1.992,3,False
997,1.4355962999974563,2.3757336010592436,2.086279341257317,1.994,3,False
998,1.434465753610868,2.3787017657472633,2.0931929238750477,1.996,3,False
999,1.433345270484395,2.3816791431009134,2.1001080138893897,1.998,3,False
1000,1.432234829048601,2.3846656073323382,2.1070244455193126,2.0,3,False
1001,1.4311344077340504,2.3876610326536847,2.1139420529837887,2.0020000000000002,3,False
1002,1.430043984971307,2.3906652932770953,2.120860670501783,2.004,3,False
1003,1.4289635391909337,2.393678263414718,2.12778013229227,2.0060000000000002,3,False
1004,1.4278930488234955,2.3966998172786957,2.1347002725742166,2.008,3,False
1005,1.4268324922995552,2.399729829081176,2.1416209255665954,2.0100000000000002,3,False
1006,1.4257818480496771,2.402768173034302,2.1485419254883737,2.012,3,False
1007,1.4247410945044245,2.405814723350221,2.1554631065585235,2.0140000000000002,3,False
1008,1.4237102100943617,2.4088693542410753,2.162384302996012,2.016,3,False
1009,1.4226891732500526,2.4119319399190133,2.169305349019813,2.0180000000000002,3,False
1010,1.4216779624020606,2.4150023545961785,2.1762260788488925,2.02,3,False
1011,1.4206765559809496,2.418080472484717,2.183146326702224,2.0220000000000002,3,True
1012,1.419684932417284,2.4211661677967733,2.190065926798774,2.024,3,False
1013,1.4187030701416266,2.424259314744493,2.196984713357516,2.0260000000000002,3,False
1014,1.417730947584542,2.427359787540021,2.2039025205974165,2.028,3,False
1015,1.4167685431765935,2.4304674603955028,2.210819182737448,2.0300000000000002,3,False
1016,1.4158158353483457,2.4335822075230835,2.2177345339965777,2.032,3,False
1017,1.4148728025303607,2.4367039031349087,2.2246484085937785,2.0340000000000003,3,False
1018,1.4139394231532043,2.4398324214431235,2.2315606407480186,2.036,3,False
1019,1.413015675647439,2.4429676366598736,2.2384710646782686,2.0380000000000003,3,False
1020,1.4121015384436295,2.446109422997302,2.245379514603497,2.04,3,False
1021,1.4111969899723387,2.449257654667557,2.2522858247426765,2.0420000000000003,3,False
1022,1.4103020086641311,2.452412205882782,2.259189829314774,2.044,3,False
1023,1.40941657294957,2.455572950855123,2.266091362538762,2.0460000000000003,3,False
1024,1.4085406612592195,2.458739763796724,2.2729902586336075,2.048,3,False
1025,1.4076742520236434,2.4619125189197324,2.2798863518182824,2.05,3,False
1026,1.406817323673405,2.465091090436291,2.2867794763117573,2.052,3,False
1027,1.4059698546390693,2.468275352558547,2.2936694663329993,2.054,3,False
1028,1.4051318233511991,2.4714651794986455,2.300556156100982,2.056,3,False
1029,1.4043032082403584,2.474660445468731,2.3074393798346726,2.058,3,False
1030,1.403483987737111,2.4778610246809483,2.314318971753043,2.06,3,False
1031,1.4026741402720206,2.4810667913474425,2.3211947660750605,2.062,3,False
1032,1.4018736442756514,2.4842776196803604,2.3280665970196974,2.064,3,False
1033,1.401082478178567,2.487493383891846,2.334934298805921,2.066,3,False
1034,1.4003006204113309,2.490713958194046,2.341797705652706,2.068,3,False
1035,1.3995280494045075,2.4939392167991032,2.3486566517790166,2.07,3,False
1036,1.39876474358866,2.4971690339191652,2.3555109714038265,2.072,3,True
1037,1.3980106813943527,2.500403283766375,2.362360498746104,2.074,3,False
1038,1.397265841252149,2.5036418405528806,2.36920506802482,2.076,3,False
1039,1.396530201592613,2.506884578490825,2.3760445134589427,2.078,3,False
1040,1.395803740846308,2.5101313717923537,2.382878669267445,2.08,3,False
1041,1.3950864374437988,2.5133820946696126,2.3897073696692934,2.082,3,False
1042,1.3943782698156482,2.5166366213347477,2.3965304488834613,2.084,3,False
1043,1.3936792163924208,2.519894825999902,2.4033477411289152,2.086,3,False
1044,1.3929892556046797,2.523156582877223,2.410159080624627,2.088,3,False
1045,1.392308365882989,2.5264217661788537,2.4169643015895654,2.09,3,False
1046,1.3916365256579126,2.5296902501169427,2.423763238242704,2.092,3,False
1047,1.3909737133600142,2.5329619089036313,2.430555724803006,2.094,3,False
1048,1.3903199074198576,2.5362366167510673,2.437341595489448,2.096,3,False
1049,1.3896750862680063,2.5395142478713946,2.444120684520995,2.098,3,False
1050,1.3890392283350248,2.5427946764767597,2.4508928261166205,2.1,3,False
1051,1.3884123120514764,2.5460777767793066,2.4576578544952916,2.102,3,False
1052,1.387794315847925,2.5493634229911817,2.4644156038759806,2.104,3,False
1053,1.3871852181549345,2.5526514893245293,2.471165908477656,2.106,3,False
1054,1.3865849974030684,2.5559418499914948,2.4779086025192885,2.108,3,False
1055,1.385993632022891,2.559234379204223,2.484643520219845,2.11,3,False
1056,1.385411100444966,2.5625289511748623,2.4913704957983023,2.112,3,False
1057,1.3848373810998569,2.565825440115553,2.498089363473623,2.114,3,False
1058,1.3842724524181274,2.569123720238444,2.5047999574647806,2.116,3,False
1059,1.3837162928303417,2.5724236657556783,2.511502111990744,2.118,3,False
1060,1.3831688807670632,2.5757251508794035,2.518195661270485,2.12,3,False
1061,1.3826301946588566,2.579028049821762,2.5248804395229705,2.122,3,True
1062,1.3821002129362847,2.5823322367949015,2.531556280967173,2.124,3,False
1063,1.3815789140299117,2.5856375860109657,2.5382230198220603,2.126,3,False
1064,1.3810662763703014,2.588943971682101,2.5448804903066047,2.128,3,False
1065,1.3805622783880174,2.592251268020451,2.5515285266397734,2.13,3,False
1066,1.3800668985136235,2.5955593492381626,2.558166963040539,2.132,3,False
1067,1.3795801151776843,2.5988680895473806,2.564795633727869,2.134,3,False
1068,1.3791019068107624,2.60217736316025,2.571414372920736,2.136,3,False
1069,1.3786322518434222,2.6054870442889153,2.5780230148381063,2.138,3,False
1070,1.3781711287062277,2.6087970071455233,2.5846213936989537,2.14,3,False
1071,1.3777185158297425,2.6121071259422175,2.591209343722245,2.142,3,False
1072,1.3772743916445302,2.6154172748911457,2.5977866991269525,2.144,3,False
1073,1.3768387345811552,2.61872732820445,2.604353294132044,2.146,3,False
1074,1.3764115230701806,2.622037160094278,2.610908962956492,2.148,3,False
1075,1.3759927355421702,2.625346644772774,2.617453539819263,2.15,3,False
1076,1.375582350427689,2.6286556564520835,2.623986858939331,2.152,3,False
1077,1.3751803461572991,2.6319640693443507,2.6305087545356614,2.154,3,False
1078,1.374786701161565,2.6352717576617226,2.637019060827228,2.156,3,False
1079,1.3744013938710515,2.6385785956163437,2.6435176120329986,2.158,3,False
1080,1.3740244027163209,2.641884457420359,2.650004242371944,2.16,3,False
1081,1.3736557061279375,2.6451892172859126,2.6564787860630323,2.162,3,False
1082,1.3732952825364655,2.6484927494251527,2.662941077325237,2.164,3,False
1083,1.3729431103724687,2.6517949280502218,2.6693909503775246,2.166,3,False
1084,1.37259916806651,2.655095627373267,2.6758282394388675,2.168,3,False
1085,1.3722634340491544,2.6583947216064314,2.682252778728232,2.17,3,False
1086,1.3719358867509648,2.661692084961863,2.688664402464593,2.172,3,True
1087,1.371616504602505,2.664987591651704,2.6950629448669154,2.174,3,False
1088,1.3713052660343397,2.6682811158881026,2.7014482401541744,2.176,3,False
1089,1.3710021494770321,2.6715725318832018,2.7078201225453356,2.178,3,False
1090,1.3707071333611458,2.674861713849148,2.714178426259371,2.18,3,False
1091,1.370420196117245,2.6781485359980857,2.7205229855152484,2.182,3,False
1092,1.370141316175893,2.6814328725421612,2.726853634531941,2.184,3,False
1093,1.3698704719676547,2.6847145976935187,2.733170207528415,2.186,3,False
1094,1.3696076419230925,2.6879935856643047,2.739472538723645,2.188,3,False
1095,1.369352804472771,2.6912697106666617,2.7457604623365954,2.19,3,False
1096,1.3691059380472541,2.694542846912739,2.752033812586241,2.192,3,False
1097,1.3688670210771055,2.6978128686146783,2.758292423691549,2.194,3,False
1098,1.3686360319928887,2.701079649984627,2.7645361298714906,2.196,3,False
1099,1.3684129492251673,2.704343065234728,2.770764765345033,2.198,3,False
1100,1.3681977512045058,2.70760298857713,2.77697816433115,2.2,3,False
1101,1.3679904163614678,2.710859294223975,2.783176161048808,2.202,3,False
1102,1.367790923126617,2.7141118563874107,2.789358589716981,2.204,3,False
1103,1.367599249930517,2.71736054927958,2.795525284554635,2.206,3,False
1104,1.367415375203732,2.7206052471126303,2.8016760797807425,2.208,3,False
1105,1.3672392773768252,2.7238458240987047,2.80781080961427,2.21,3,False
1106,1.3670709348803607,2.72708215444995,2.813929308274192,2.212,3,False
1107,1.3669103261449027,2.7303141123785113,2.820031409979475,2.214,3,False
1108,1.366757429601015,2.7335415720965344,2.8261169489490916,2.216,3,False
1109,1.3666122236792608,2.736764407816163,2.832185759402009,2.218,3,False
1110,1.3664746868102045,2.7399824937495434,2.8382376755571985,2.22,3,False
1111,1.3663447974244092,2.743195704108819,2.8442725316336293,2.222,3,True
1112,1.3662225339524394,2.7464039131061386,2.8502901618502734,2.224,3,False
1113,1.3661078748248585,2.7496069949536444,2.856290400426098,2.226,3,False
1114,1.3660007984722304,2.7528048238634826,2.8622730815800743,2.228,3,False
1115,1.3659012833251187,2.755997274047798,2.8682380395311715,2.23,3,False
1116,1.365809307814088,2.7591842197187373,2.8741851084983616,2.232,3,False
1117,1.3657248503697013,2.762365535088444,2.880114122700612,2.234,3,False
1118,1.3656478894225228,2.765541094369065,2.886024916356895,2.236,3,False
1119,1.3655784034031158,2.768710771772743,2.8919173236861773,2.238,3,False
1120,1.3655163707420443,2.771874441511626,2.897791178907432,2.24,3,False
1121,1.3654617698698726,2.775031977797857,2.9036463162396267,2.242,3,False
1122,1.3654145792171641,2.7781832548435843,2.909482569901734,2.244,3,False
1123,1.3653747772144824,2.7813281468609494,2.91529977411272,2.246,3,False
1124,1.3653423422923918,2.7844665280621,2.921097763091558,2.248,3,False
1125,1.3653172528814561,2.787598272659181,2.9268763710572165,2.25,3,False
1126,1.3652994874122386,2.790723254864337,2.9326354322286656,2.2520000000000002,3,False
1127,1.3652890243153035,2.793841348889713,2.938374780824875,2.254,3,False
1128,1.365285842021214,2.7969524289474554,2.9440942510648154,2.2560000000000002,3,False
1129,1.3652899189605345,2.800056369249708,2.9497936771674547,2.258,3,False
1130,1.365301233563829,2.803153044008617,2.9554728933517658,2.2600000000000002,3,False
1131,1.365319764261661,2.8062423274363275,2.9611317338367154,2.262,3,False
1132,1.365345489484594,2.8093240937449857,2.966770032841277,2.2640000000000002,3,False
1133,1.3653783876631924,2.8123982171467348,2.972387624584418,2.266,3,False
1134,1.3654184372280196,2.8154645718537217,2.977984343285109,2.2680000000000002,3,False
1135,1.3654656166096395,2.8185230320780907,2.983560023162319,2.27,3,False
1136,1.3655199042386157,2.8215734720319876,2.9891144984350193,2.2720000000000002,3,True
1137,1.3655812785455124,2.8246157659275566,2.994647603322179,2.274,3,False
1138,1.3656497179608933,2.827649787976945,3.0001591720427694,2.2760000000000002,3,False
1139,1.3657252009153213,2.8306754123922953,3.0056490388157577,2.278,3,False
1140,1.3658077058393618,2.833692513385756,3.011117037860116,2.2800000000000002,3,False
1141,1.3658972111635777,2.8367009651694692,3.016563003394814,2.282,3,False
1142,1.365993695318533,2.839700641955582,3.021986769638821,2.2840000000000003,3,False
1143,1.3660971367347912,2.842691417956239,3.027388170811107,2.286,3,False
1144,1.3662075138429162,2.8456731673835853,3.0327670411306427,2.2880000000000003,3,False
1145,1.3663248050734724,2.8486457644497674,3.038123214816397,2.29,3,False
1146,1.3664489888570228,2.851609083366929,3.04345652608734,2.2920000000000003,3,False
1147,1.3665800436241318,2.8545629983472156,3.048766809162441,2.294,3,False
1148,1.3667179478053626,2.857507383602773,3.054053898260673,2.2960000000000003,3,False
1149,1.3668626798312795,2.860442113345746,3.0593176276010023,2.298,3,False
1150,1.3670142181324463,2.863367061788281,3.0645578314024013,2.3000000000000003,3,False
1151,1.367172541139426,2.8662821031425203,3.069774343883836,2.302,3,False
1152,1.367337627282784,2.869187111620613,3.074966999264282,2.3040000000000003,3,False
1153,1.367509454993082,2.8720819614347004,3.0801356317627038,2.306,3,False
1154,1.3676880027008858,2.8749665267969307,3.0852800755980745,2.308,3,False
1155,1.367873248836758,2.8778406819194493,3.0904001649893647,2.31,3,False
1156,1.3680651718312629,2.8807043010143984,3.0954957341555414,2.312,3,False
1157,1.3682637501149644,2.883557258293927,3.1005666173155784,2.314,3,False
1158,1.3684689621184256,2.8863994279701775,3.105612648688441,2.316,3,False
1159,1.3686807862722108,2.889230684255297,3.1106336624931026,2.318,3,False
1160,1.3688992010068841,2.8920509013614284,3.115629492948531,2.32,3,False
1161,1.3691241847530091,2.8948599535007196,3.1205999742736985,2.322,3,True
1162,1.3693557159411494,2.8976577148853147,3.1255449406875724,2.324,3,False
1163,1.3695937730018684,2.9004440597273584,3.1304642264091243,2.326,3,False
1164,1.3698383343657305,2.903218862238996,3.1353576656573225,2.328,3,False
1165,1.3700893784632995,2.905981996632374,3.1402250926511392,2.33,3,False
1166,1.3703468837251394,2.9087333371196364,3.145066341609543,2.332,3,False
1167,1.3706108285818133,2.9114727579129287,3.1498812467515025,2.334,3,False
1168,1.3708811914638857,2.914200133224398,3.1546696422959917,2.336,3,False
1169,1.3711579508019198,2.9169153372661856,3.159431362461976,2.338,3,False
1170,1.37144108502648,2.91961824425044,3.1641662414684277,2.34,3,False
1171,1.3717305725681297,2.922308728389306,3.168874113534317,2.342,3,False
1172,1.3720263918574327,2.924986663894927,3.1735548128786113,2.344,3,False
1173,1.372328521324953,2.9276519249794504,3.1782081737202836,2.346,3,False
1174,1.3726369394012543,2.930304385855019,3.1828340302783014,2.348,3,False
1175,1.372951624516901,2.932943920733783,3.1874322167716373,2.35,3,False
1176,1.3732725551024554,2.9355704038278807,3.1920025674192583,2.352,3,False
1177,1.3735997095884824,2.9381837093494623,3.196544916440135,2.354,3,False
1178,1.373933066405546,2.940783711510671,3.2010590980532396,2.356,3,False
1179,1.3742726039842097,2.943370284523654,3.20554494647754,2.358,3,False
1180,1.374618300755037,2.9459433026005537,3.2100022959320054,2.36,3,False
1181,1.3749701351485917,2.9485026399535177,3.2144309806356075,2.362,3,False
1182,1.3753280855954382,2.95104817079469,3.218830834807315,2.364,3,False
1183,1.3756921305261398,2.953579769336216,3.2232016926660996,2.366,3,False
1184,1.3760622483712603,2.956097309790241,3.227543388430928,2.368,3,False
1185,1.3764384175613638,2.9586006663689104,3.2318557563207726,2.37,3,False
1186,1.376820616527014,2.9610897132843697,3.2361386305546036,2.372,3,True
1187,1.3772088236987747,2.9635643247487637,3.2403918453513896,2.374,3,False
1188,1.3776030175072098,2.9660243749742383,3.2446152349301003,2.376,3,False
1189,1.3780031763828826,2.968469738172938,3.2488086335097077,2.378,3,False
1190,1.3784092787563575,2.9709002885570075,3.252971875309179,2.38,3,False
1191,1.3788213030581982,2.973315900338594,3.2571047945474874,2.382,3,False
1192,1.379239227718968,2.97571644772984,3.2612072254435978,2.384,3,False
1193,1.3796630311692315,2.978101804942894,3.2652790022164857,2.386,3,False
1194,1.3800926918395513,2.9804718461898974,3.269319959085117,2.388,3,False
1195,1.3805281881604932,2.9828264456829996,3.273329930268464,2.39,3,False
1196,1.3809694985626189,2.9851654776343426,3.277308749985495,2.392,3,False
1197,1.3814166014764935,2.9874888162560738,3.2812562524551816,2.394,3,False
1198,1.38186947533268,2.989796335760336,3.2851722718964917,2.396,3,False
1199,1.3823280985617425,2.9920879103592766,3.2890566425283962,2.398,3,False
1200,1.3827924495942454,2.9943634142650404,3.2929091985698657,2.4,3,False
1201,1.383262506860752,2.996622721689773,3.296729774239871,2.402,3,False
1202,1.3837382487918257,2.998865706845617,3.3005182037573766,2.404,3,False
1203,1.3842196538180311,3.001092243944722,3.30427432134136,2.406,3,False
1204,1.3847067003699314,3.003302207199229,3.3079979612107855,2.408,3,False
1205,1.3851993668780906,3.0054954708212867,3.3116889575846256,2.41,3,False
1206,1.3856976317730727,3.0076719090230375,3.3153471446818497,2.412,3,False
1207,1.386201473485441,3.009831396016628,3.318972356721427,2.414,3,False
1208,1.3867108704457602,3.011973806014205,3.3225644279223285,2.416,3,False
1209,1.3872258010845928,3.0140990132279097,3.326123192503523,2.418,3,False
1210,1.3877462438325037,3.016206891869891,3.3296484846839816,2.42,3,False
1211,1.3882721771200561,3.018297316152293,3.333140138682673,2.422,3,True
1212,1.3888035793778148,3.02037016028726,3.336597988718569,2.424,3,False
1213,1.389340429036342,3.0224252984869393,3.340021869010637,2.426,3,False
1214,1.3898827045262026,3.0244626049634737,3.3434116137778482,2.428,3,False
1215,1.3904303842779608,3.0264819539290104,3.346767057239174,2.43,3,False
1216,1.3909834467221789,3.0284832195956928,3.350088033613581,2.432,3,False
1217,1.3915418702894216,3.0304662761756687,3.3533743771200424,2.434,3,False
1218,1.3921056334102526,3.0324309978810797,3.3566259219775247,2.436,3,False
1219,1.3926747145152365,3.034377258924075,3.359842502405002,2.438,3,False
1220,1.3932490920349356,3.036304933516797,3.36302395262144,2.44,3,False
1221,1.393828744399915,3.0382138958713933,3.3661701068458125,2.442,3,False
1222,1.3944136500407378,3.0401040202000074,3.3692807992970866,2.444,3,False
1223,1.3950037873879677,3.041975180714784,3.3723558641942337,2.446,3,False
1224,1.3955991348721692,3.0438272516278695,3.375395135756223,2.448,3,False
1225,1.396199670923905,3.045660107151409,3.3783984482020237,2.45,3,False
1226,1.3968053739737405,3.0474736214975486,3.3813656357506074,2.452,3,False
1227,1.397416222452238,3.0492676688784313,3.384296532620943,2.454,3,False
1228,1.3980321947899619,3.051042123506204,3.3871909730320002,2.456,3,False
1229,1.3986532694174763,3.0527968595930117,3.3900487912027497,2.458,3,False
1230,1.3992794247653446,3.0545317513509995,3.392869821352161,2.46,3,False
1231,1.3999106392641305,3.056246672992313,3.3956538976992046,2.462,3,False
1232,1.4005468913443984,3.0579414987290967,3.39840085446285,2.464,3,False
1233,1.4011881594367113,3.059616102773496,3.4011105258620664,2.466,3,False
1234,1.4018344219716332,3.0612703593376565,3.403782746115823,2.468,3,False
1235,1.402485657379729,3.0629041426337236,3.4064173494430934,2.47,3,False
1236,1.4031418440915608,3.0645173268738417,3.409014170062844,2.472,3,True
1237,1.4038029605376936,3.066109786270157,3.4115730421940462,2.474,3,False
1238,1.404468985148691,3.0676813950348136,3.4140938000556686,2.476,3,False
1239,1.405139896355116,3.069232027379958,3.4165762778666826,2.478,3,False
1240,1.4058156725875333,3.0707615575177347,3.419020309846058,2.48,3,False
1241,1.4064962922765067,3.0722698596602895,3.4214257302127646,2.482,3,False
1242,1.4071817338525994,3.073756808019767,3.4237923731857713,2.484,3,False
1243,1.407871975746376,3.075222276808313,3.4261200729840495,2.486,3,False
1244,1.408566996388399,3.076666140238072,3.428408663826567,2.488,3,False
1245,1.409266774209234,3.07808827252119,3.430657979932297,2.49,3,False
1246,1.4099712876394432,3.0794885478698113,3.432867855520206,2.492,3,False
1247,1.4106805151095916,3.0808668404960833,3.4350381248092665,2.494,3,False
1248,1.4113944350502419,3.0822230246121474,3.437168622018446,2.496,3,False
1249,1.4121130258919588,3.0835569744301528,3.4392591813667166,2.498,3,False
1250,1.4128362660653055,3.0848685641622424,3.441309637073047,2.5,3,False
1251,1.4135641340008465,3.086157668020563,3.443319823356408,2.5020000000000002,3,False
1252,1.4142966081291448,3.0874241602172576,3.4452895744357694,2.504,3,False
1253,1.4150336668807644,3.088667914964473,3.4472187245301,2.5060000000000002,3,False
1254,1.4157752886862696,3.089888806474355,3.4491071078583704,2.508,3,False
1255,1.4165214519762237,3.091086708959048,3.450954558639551,2.5100000000000002,3,False
1256,1.4172721351811908,3.092261496630697,3.4527609110926103,2.512,3,False
1257,1.4180273167317345,3.0934130437014473,3.45452599943652,2.5140000000000002,3,False
1258,1.4187869750584188,3.094541224383445,3.4562496578902495,2.516,3,False
1259,1.4195510885918077,3.0956459128888345,3.4579317206727676,2.5180000000000002,3,False
1260,1.4203196357624643,3.0967269834297615,3.4595720220030457,2.52,3,False
1261,1.4210925950009528,3.0977843102183704,3.461170396100053,2.5220000000000002,3,True
1262,1.4218699447378367,3.0988177674668065,3.4627266771827583,2.524,3,False
1263,1.4226516634036805,3.0998272293872167,3.464240699470134,2.5260000000000002,3,False
1264,1.4234377294290477,3.1008125701917444,3.465712297181147,2.528,3,False
1265,1.4242281212445018,3.1017736640925366,3.467141304534772,2.5300000000000002,3,False
1266,1.4250228172806068,3.1027103853017373,3.4685275557499735,2.532,3,False
1267,1.4258217959679267,3.1036226080314906,3.4698708850457236,2.5340000000000003,3,False
1268,1.426625035737025,3.104510206493944,3.4711711266409933,2.536,3,False
1269,1.4274325150184652,3.1053730549012415,3.4724281147547504,2.5380000000000003,3,False
1270,1.4282442122428125,3.1062110274655295,3.473641683605968,2.54,3,False
1271,1.4290601058406291,3.1070239983989514,3.4748116674136127,2.5420000000000003,3,False
1272,1.4298801742424794,3.1078118419136533,3.475937900396655,2.544,3,False
1273,1.4307043958789274,3.1085744322217814,3.4770202167740667,2.5460000000000003,3,False
1274,1.4315327491805367,3.1093116435354804,3.4780584507648173,2.548,3,False
1275,1.4323652125778712,3.1100233500668946,3.479052436587875,2.5500000000000003,3,False
1276,1.4332017645014947,3.110709426028169,3.48000200846221,2.552,3,False
1277,1.4340423833819704,3.11136974563145,3.480907000606793,2.5540000000000003,3,False
1278,1.434887047649863,3.112004183088883,3.481767247240594,2.556,3,False
1279,1.435735735735736,3.112612612612613,3.4825825825825834,2.5580000000000003,3,False
1280,1.436588429138157,3.1131949435702024,3.4833528930949758,2.56,3,False
1281,1.4374451216277062,3.1137512259508817,3.4840782742129663,2.562,3,False
1282,1.4383058100429686,3.1142815448993,3.484758873614999,2.564,3,False
1283,1.4391704912225287,3.1147859855601028,3.485394838979512,2.566,3,False
1284,1.440039162004971,3.1152646330779414,3.4859863179849495,2.568,3,False
1285,1.4409118192288801,3.115717572597462,3.486533458309751,2.57,3,False
1286,1.4417884597328405,3.116144889263314,3.4870364076323597,2.572,3,True
1287,1.4426690803554365,3.1165466682201446,3.4874953136312166,2.574,3,False
1288,1.4435536779352525,3.1169229946126014,3.487910323984762,2.576,3,False
1289,1.4444422493108744,3.1172739535853347,3.488281586371439,2.578,3,False
1290,1.4453347913208843,3.1175996302829905,3.4886092484696887,2.58,3,False
1291,1.446231300803868,3.1179001098502175,3.488893457957951,2.582,3,False
1292,1.4471317745984107,3.1181754774316635,3.4891343625146685,2.584,3,False
1293,1.4480362095430959,3.118425818171978,3.4893321098182835,2.586,3,False
1294,1.4489446024765082,3.1186512172158074,3.4894868475472363,2.588,3,False
1295,1.4498569502372327,3.118851759707801,3.4895987233799692,2.59,3,False
1296,1.4507732496638532,3.1190275307926063,3.489667884994922,2.592,3,False
1297,1.4516934975949547,3.119178615614872,3.489694480070539,2.594,3,False
1298,1.4526176908691217,3.1193050993192455,3.489678656285259,2.596,3,False
1299,1.4535458263249383,3.1194070670503757,3.489620561317525,2.598,3,False
1300,1.4544779008009898,3.1194846039529103,3.4895203428457777,2.6,3,False
1301,1.4554139111358593,3.119537795171497,3.4893781485484583,2.602,3,False
1302,1.456353854168133,3.119566725850784,3.4891941261040094,2.604,3,False
1303,1.4572977267363942,3.1195714811354205,3.4889684231908724,2.606,3,False
1304,1.458245525679228,3.119552146170053,3.4887011874874863,2.608,3,False
1305,1.4591972478352184,3.119508806099331,3.4883925666722964,2.61,3,False
1306,1.4601528900429508,3.119441546067902,3.488042708423741,2.612,3,False
1307,1.4611124491410086,3.1193504512204138,3.4876517604202633,2.614,3,False
1308,1.4620759219679773,3.119235606701516,3.4872198703403043,2.616,3,False
1309,1.4630433053624408,3.1190970976558554,3.4867471858623063,2.618,3,False
1310,1.4640145961629836,3.118935009228079,3.486233854664708,2.62,3,False
1311,1.4649897912081906,3.1187494265628377,3.485680024425955,2.622,3,True
1312,1.465968887336646,3.118540434804777,3.485085842824484,2.624,3,False
1313,1.4669518813869342,3.1183081190985464,3.48445145753874,2.626,3,False
1314,1.4679387701976407,3.118052564588795,3.483777016247165,2.628,3,False
1315,1.468929550607349,3.1177738564201687,3.483062666628198,2.63,3,False
1316,1.4699242194546436,3.1174720797373174,3.4823085563602807,2.632,3,False
1317,1.4709227735781092,3.1171473196848876,3.4815148331218553,2.634,3,False
1318,1.4719252098163302,3.116799661407529,3.480681644591364,2.636,3,False
1319,1.472931525007892,3.116429190049889,3.4798091384472474,2.638,3,False
1320,1.4739417159913781,3.1160359907566155,3.478897462367947,2.64,3,False
1321,1.474955779605373,3.1156201486723565,3.4779467640319033,2.642,3,False
1322,1.4759737126884622,3.1151817489417617,3.47695719111756,2.644,3,False
1323,1.4769955120792284,3.114720876709476,3.4759288913033575,2.646,3,False
1324,1.4780211746162584,3.114237617120151,3.4748620122677365,2.648,3,False
1325,1.4790506971381345,3.1137320553184322,3.473756701689139,2.65,3,False
1326,1.480084076483443,3.1132042764489696,3.4726131072460062,2.652,3,False
1327,1.4811213094907674,3.1126543656564105,3.4714313766167813,2.654,3,False
1328,1.4821623929986931,3.1120824080854037,3.470211657479904,2.656,3,False
1329,1.4832073238458032,3.111488488880596,3.4689540975138153,2.658,3,False
1330,1.484256098870683,3.1108726931866357,3.467658844396958,2.66,3,False
1331,1.4853087149119177,3.1102351061481723,3.4663260458077736,2.662,3,False
1332,1.4863651688080903,3.1095758129098514,3.4649558494247006,2.664,3,False
1333,1.4874254573977868,3.1088948986163247,3.4635484029261856,2.666,3,False
1334,1.4884895775195908,3.108192448412238,3.4621038539906666,2.668,3,False
1335,1.4895575260120868,3.1074685474422385,3.460622350296586,2.67,3,False
1336,1.4906292997138604,3.1067232808509773,3.459104039522385,2.672,3,True
1337,1.4917048954634946,3.1059567337831,3.457549069346505,2.674,3,False
1338,1.4927843100995746,3.105168991383255,3.4559575874473873,2.676,3,False
1339,1.4938675404606847,3.1043601387960913,3.4543297415034737,2.678,3,False
1340,1.4949545833854103,3.103530261166257,3.4526656791932058,2.68,3,False
1341,1.496045435712335,3.1026794436384004,3.4509655481950254,2.682,3,False
1342,1.4971400942800435,3.1018077713571683,3.4492294961873737,2.684,3,False
1343,1.4982385559271199,3.1009153294672096,3.4474576708486913,2.686,3,False
1344,1.49934081749215,3.100002203113173,3.4456502198574213,2.688,3,False
1345,1.5004468758137168,3.099068477439705,3.443807290892003,2.69,3,False
1346,1.501556727730406,3.098114237591456,3.441929031630879,2.692,3,False
1347,1.5026703700808013,3.0971395687130725,3.440015589752492,2.694,3,False
1348,1.5037877997034874,3.096144555949203,3.438067112935282,2.696,3,False
1349,1.504909013437049,3.0951292844444955,3.43608374885769,2.698,3,False
1350,1.5060340081200707,3.0940938393435986,3.4340656451981584,2.7,3,False
1351,1.507162780591137,3.0930383057911595,3.4320129496351295,2.702,3,False
1352,1.5082953276888318,3.091962768931827,3.4299258098470427,2.704,3,False
1353,1.50943164625174,3.0908673139102487,3.42780437351234,2.706,3,False
1354,1.5105717331184467,3.089752025871075,3.4256487883094655,2.708,3,False
1355,1.511715585127535,3.08861698995895,3.4234592019168564,2.71,3,False
1356,1.5128631991175914,3.0874622913185243,3.421235762012956,2.712,3,False
1357,1.514014571927199,3.0862880150944476,3.4189786162762092,2.714,3,False
1358,1.515169700394942,3.0850942464313627,3.416687912385051,2.716,3,False
1359,1.5163285813594063,3.083881070473924,3.414363798017928,2.718,3,False
1360,1.5174912116591752,3.0826485723667756,3.412006420853279,2.72,3,False
1361,1.5186575881328337,3.0813968372545664,3.409615928569547,2.722,3,True
1362,1.5198277076189666,3.0801259502819454,3.4071924688451722,2.724,3,False
1363,1.5210015669561574,3.0788359965935603,3.404736189358597,2.726,3,False
1364,1.5221791629829915,3.0775270613340586,3.402247237788262,2.728,3,False
1365,1.5233604925380535,3.076199229648089,3.3997257618126104,2.73,3,False
1366,1.5245455524599274,3.0748525866802994,3.3971719091100816,2.732,3,False
1367,1.525734339587198,3.0734872175753387,3.394585827359118,2.734,3,False
1368,1.5269268507584501,3.0721032074778543,3.3919676642381615,2.736,3,False
1369,1.5281230828122672,3.0707006415324933,3.3893175674256524,2.738,3,False
1370,1.5293230325872347,3.069279604883906,3.386635684600033,2.74,3,False
1371,1.5305266969219369,3.0678401826767394,3.383922163439745,2.742,3,False
1372,1.5317340726549582,3.0663824600556406,3.3811771516232287,2.744,3,False
1373,1.5329451566248828,3.064906522165259,3.378400796828927,2.746,3,False
1374,1.5341599456702961,3.0634124541502423,3.375593246735279,2.748,3,False
1375,1.5353784366297822,3.0619003411552406,3.372754649020731,2.75,3,False
1376,1.5366006263419254,3.060370268324898,3.3698851513637185,2.7520000000000002,3,False
1377,1.5378265116453103,3.058822320803867,3.366984901442688,2.754,3,False
1378,1.5390560893785215,3.0572565837367915,3.364054046936077,2.7560000000000002,3,False
1379,1.5402893563801432,3.0556731422683225,3.36109273552233,2.758,3,False
1380,1.5415263094887606,3.0540720815431075,3.358101114879886,2.7600000000000002,3,False
1381,1.5427669455429567,3.0524534867057938,3.355079332687187,2.762,3,False
1382,1.5440112613813186,3.0508174429010304,3.3520275366226775,2.7640000000000002,3,False
1383,1.5452592538424286,3.0491640352734657,3.348945874364796,2.766,3,False
1384,1.5465109197648714,3.047493348967746,3.345834493591983,2.7680000000000002,3,False
1385,1.5477662559872325,3.045805469128521,3.342693541982683,2.77,3,False
1386,1.549025259348096,3.044100480900439,3.3395231672153343,2.7720000000000002,3,True
1387,1.550287926686046,3.042378469428148,3.3363235169683825,2.774,3,False
1388,1.5515542548396681,3.0406395198562954,3.3330947389202654,2.7760000000000002,3,False
1389,1.5528242406475452,3.038883717329529,3.3298369807494246,2.778,3,False
1390,1.5540978809482633,3.0371111469924976,3.3265503901343036,2.7800000000000002,3,False
1391,1.555375172580406,3.0353218939898503,3.323235114753343,2.782,3,False
1392,1.5566561123825584,3.0335160434662325,3.319891302284984,2.7840000000000003,3,False
1393,1.5579406971933039,3.0316936805662946,3.316519100407668,2.786,3,False
1394,1.5592289238512285,3.0298548904346845,3.3131186567998365,2.7880000000000003,3,False
1395,1.5605207891949158,3.0279997582160503,3.309690119139932,2.79,3,False
1396,1.5618162900629506,3.0261283690550385,3.306233635106395,2.7920000000000003,3,False
1397,1.5631154232939175,3.024240808096301,3.3027493523776674,2.794,3,False
1398,1.564418185726401,3.02233716048448,3.2992374186321887,2.7960000000000003,3,False
1399,1.5657245741989847,3.0204175113642293,3.2956979815484035,2.798,3,False
1400,1.5670345855502545,3.0184819458801933,3.2921311888047504,2.8000000000000003,3,False
1401,1.5683482166187936,3.0165305491770225,3.2885371880796734,2.802,3,False
1402,1.5696654642431884,3.0145634063993643,3.284916127051613,2.8040000000000003,3,False
1403,1.570986325262021,3.012580602691865,3.2812681533990102,2.806,3,False
1404,1.5723107965138778,3.0105822231991755,3.277593414800305,2.8080000000000003,3,False
1405,1.5736388748373429,3.0085683530659435,3.2738920589339444,2.81,3,False
1406,1.574970557071,3.006539077436814,3.2701642334783623,2.8120000000000003,3,False
1407,1.5763058400534342,3.0044944814564394,3.2664100861120065,2.814,3,False
1408,1.57764472062323,3.002434650269466,3.262629764513316,2.816,3,False
1409,1.5789871956189723,3.0003596690205407,3.2588234163607304,2.818,3,False
1410,1.5803332618792447,2.998269622854313,3.2549911893326935,2.82,3,False
1411,1.5816829162426325,2.9961645969154302,3.251133231107646,2.822,3,True
1412,1.5830361555477197,2.9940446763485418,3.2472496893640304,2.824,3,False
1413,1.5843929766330913,2.9919099462982945,3.2433407117802866,2.826,3,False
1414,1.585753376337331,2.9897604919093377,3.2394064460348577,2.828,3,False
1415,1.5871173514990242,2.9875963983263176,3.235447039806183,2.83,3,False
1416,1.5884848989567553,2.985417750693885,3.2314626407727065,2.832,3,False
1417,1.5898560155491084,2.9832246341566844,3.227453396612867,2.834,3,False
1418,1.5912306981146678,2.9810171338593676,3.2234194550051076,2.836,3,False
1419,1.5926089434920188,2.9787953349465806,3.219360963627871,2.838,3,False
1420,1.5939907485197455,2.9765593225629727,3.2152780701595964,2.84,3,False
1421,1.5953761100364323,2.9743091818531906,3.211170922278725,2.842,3,False
1422,1.5967650248806637,2.9720449979618837,3.2070396676637007,2.844,3,False
1423,1.5981574898910247,2.9697668560336994,3.2028844539929624,2.846,3,False
1424,1.5995535019060987,2.9674748412132854,3.1987054289449537,2.848,3,False
1425,1.600953057764472,2.9651690386452914,3.1945027401981148,2.85,3,False
1426,1.602356154304727,2.962849533474365,3.1902765354308875,2.852,3,False
1427,1.6037627883654504,2.9605164108451527,3.186026962321714,2.854,3,False
1428,1.6051729567852249,2.9581697559023037,3.1817541685490336,2.856,3,False
1429,1.6065866564026359,2.955809653790467,3.1774583017912903,2.858,3,False
1430,1.6080038840562674,2.95343618965429,3.173139509726924,2.86,3,False
1431,1.6094246365847047,2.9510494486384204,3.1687979400343766,2.862,3,False
1432,1.610848910826531,2.948649515887506,3.164433740392089,2.864,3,False
1433,1.6122767036203327,2.9462364765461966,3.160047058478504,2.866,3,False
1434,1.613708011804693,2.94381041575914,3.1556380419720633,2.868,3,False
1435,1.6151428322181967,2.9413714186709825,3.151206838551206,2.87,3,False
1436,1.6165811616994274,2.938919570426373,3.1467535958943746,2.872,3,True
1437,1.6180229970869715,2.9364549561699604,3.1422784616800117,2.874,3,False
1438,1.619468335219412,2.933977661046393,3.1377815835865577,2.876,3,False
1439,1.6209171729353342,2.931487770200317,3.133263109292454,2.878,3,False
1440,1.6223695070733217,2.9289853687763823,3.128723186476143,2.88,3,False
1441,1.6238253344719604,2.926470541919237,3.124161962816065,2.882,3,False
1442,1.6252846519698343,2.9239433747735295,3.119579585990664,2.884,3,False
1443,1.6267474564055264,2.9214039524839053,3.1149762036783764,2.886,3,False
1444,1.6282137446176232,2.918852360195015,3.1103519635576484,2.888,3,False
1445,1.629683513444709,2.9162886830515062,3.1057070133069193,2.89,3,False
1446,1.631156759725367,2.9137130061980283,3.101041500604633,2.892,3,False
1447,1.6326334802981828,2.9111254147792263,3.096355573129226,2.894,3,False
1448,1.6341136720017402,2.90852599393975,3.091649378559145,2.896,3,False
1449,1.6355973316746246,2.905914828824248,3.0869230645728267,2.898,3,False
1450,1.6370844561554196,2.9032920045773687,3.0821767788487184,2.9,3,False
1451,1.6385750422827108,2.9006576063437577,3.0774106690652556,2.902,3,False
1452,1.6400690868950816,2.8980117192680663,3.0726248829008846,2.904,3,False
1453,1.6415665868311171,2.8953544284949406,3.0678195680340434,2.906,3,False
1454,1.6430675389294014,2.8926858191690306,3.0629948721431757,2.908,3,False
1455,1.6445719400285197,2.8900059764349817,3.0581509429067206,2.91,3,False
1456,1.646079786967056,2.887314985437445,3.053287928003124,2.912,3,False
1457,1.647591076583595,2.8846129313210658,3.048405975110822,2.914,3,False
1458,1.6491058057167205,2.881899899230494,3.0435052319082594,2.916,3,False
1459,1.6506239712050188,2.8791759743103778,3.0385858460738766,2.918,3,False
1460,1.652145569887072,2.876441241705364,3.033647965286115,2.92,3,False
1461,1.6536705986014668,2.8736957865601007,3.028691737223416,2.922,3,True
1462,1.6551990541867863,2.8709396940192393,3.0237173095642227,2.924,3,False
1463,1.656730933481615,2.8681730492274222,3.018724829986972,2.926,3,False
1464,1.658266233324539,2.8653959373293034,3.0137144461701117,2.928,3,False
1465,1.6598049505541412,2.862608443469527,3.0086863057920787,2.93,3,False
1466,1.6613470820090062,2.859810652792742,3.0036405565313165,2.932,3,False
1467,1.6628926245277194,2.857002650443598,2.9985773460662655,2.934,3,False
1468,1.6644415749488641,2.854184521566742,2.993496822075368,2.936,3,False
1469,1.6659939301110267,2.851356351306822,2.988399132237064,2.938,3,False
1470,1.6675496868527897,2.848518224808487,2.9832844242297982,2.94,3,False
1471,1.6691088420127387,2.845670227216383,2.978152845732008,2.942,3,False
1472,1.6706713924294585,2.8428124436751614,2.973004544422139,2.944,3,False
1473,1.6722373349415327,2.8399449593294666,2.967839667978628,2.946,3,False
1474,1.673806666387546,2.83706785932395,2.9626583640799207,2.948,3,False
1475,1.675379383606083,2.834181228803257,2.9574607804044546,2.95,3,False
1476,1.676955483435729,2.831285152912039,2.9522470646306753,2.952,3,False
1477,1.6785349627150672,2.8283797167949403,2.9470173644370212,2.954,3,False
1478,1.6801178182826828,2.825465005596612,2.9417718275019364,2.956,3,False
1479,1.6817040469771605,2.8225411044617,2.9365106015038593,2.958,3,False
1480,1.6832936456370842,2.8196080985348537,2.931233834121233,2.96,3,False
1481,1.6848866111010394,2.816666072960721,2.9259416730324985,2.962,3,False
1482,1.6864829402076094,2.8137151128839517,2.9206342659161,2.964,3,False
1483,1.6880826297953795,2.81075530344919,2.915311760450474,2.966,3,False
1484,1.689685676702934,2.807786729801088,2.9099743043140665,2.968,3,False
1485,1.6912920777688574,2.8048094770842913,2.9046220451853153,2.97,3,False
1486,1.692901829831734,2.8018236304434483,2.899255130742665,2.972,3,True
1487,1.694514929730149,2.7988292750232087,2.8938737086645547,2.974,3,False
1488,1.6961313743026862,2.7958264959682197,2.8884779266294287,2.976,3,False
1489,1.6977511603879307,2.7928153784231284,2.883067932315724,2.978,3,False
1490,1.699374284824466,2.7897960075325834,2.877643873401886,2.98,3,False
1491,1.701000744450878,2.7867684684412337,2.872205897566354,2.982,3,False
1492,1.70263053610575,2.7837328462937267,2.8667541524875713,2.984,3,False
1493,1.7042636566276672,2.7806892262347116,2.8612887858439784,2.986,3,False
1494,1.7059001028552139,2.777637693408835,2.855809945314017,2.988,3,False
1495,1.7075398716269747,2.7745783329607465,2.8503177785761267,2.99,3,False
1496,1.7091829597815336,2.7715112300350913,2.8448124333087508,2.992,3,False
1497,1.7108293641574763,2.768436469776522,2.839294057190332,2.994,3,False
1498,1.7124790815933864,2.765354137329684,2.8337627978993107,2.996,3,False
1499,1.714132108927848,2.7622643178392243,2.8282188031141255,2.998,3,False
1500,1.7157884429994463,2.7591670964497927,2.8226622205132212,3.0,3,False
1501,1.7174480806467665,2.7560625583060374,2.817093197775039,3.0020000000000002,3,False
1502,1.7191110187083916,2.7529507885526074,2.8115118825780203,3.004,3,False
1503,1.7207772540229074,2.7498318723341484,2.8059184226006044,3.0060000000000002,3,False
1504,1.7224467834288972,2.7467058947953094,2.8003129655212353,3.008,3,False
1505,1.724119603764946,2.7435729410807386,2.7946956590183527,3.0100000000000002,3,False
1506,1.7257957118696388,2.740433096335086,2.789066650770401,3.012,3,False
1507,1.72747510458156,2.737286445702997,2.783426088455817,3.0140000000000002,3,False
1508,1.729157778739293,2.7341330743291206,2.777774119753046,3.016,3,False
1509,1.7308437311814242,2.7309730673581045,2.7721108923405278,3.0180000000000002,3,False
1510,1.7325329587465372,2.7278065099346,2.7664365538967064,3.02,3,False
1511,1.7342254582732157,2.724633487203251,2.7607512521000186,3.0220000000000002,3,True
1512,1.7359212266000452,2.7214540843087067,2.7550551346289094,3.024,3,False
1513,1.7376202605656095,2.718268386395615,2.749348349161817,3.0260000000000002,3,False
1514,1.7393225570084943,2.715076478608627,2.743631043377189,3.028,3,False
1515,1.7410281127672826,2.711878446092388,2.73790336495346,3.0300000000000002,3,False
1516,1.7427369246805597,2.708674373991546,2.7321654615690756,3.032,3,False
1517,1.7444489895869109,2.7054643474507505,2.726417480902476,3.0340000000000003,3,False
1518,1.7461643043249189,2.7022484516146488,2.7206595706321033,3.036,3,False
1519,1.7478828657331702,2.6990267716278886,2.7148918784363976,3.0380000000000003,3,False
1520,1.7496046706502475,2.6957993926351196,2.7091145519938027,3.04,3,False
1521,1.7513297159147365,2.692566399780988,2.7033277389827566,3.0420000000000003,3,False
1522,1.753057998365221,2.6893278782101437,2.697531587081704,3.044,3,False
1523,1.7547895148402863,2.686083913067234,2.6917262439690846,3.0460000000000003,3,False
1524,1.756524262178516,2.682834589496906,2.6859118573233407,3.048,3,False
1525,1.7582622372184955,2.6795799926438093,2.6800885748229137,3.0500000000000003,3,False
1526,1.760003436798808,2.6763202076525907,2.674256544146244,3.052,3,False
1527,1.7617478577580399,2.6730553196678994,2.6684159129717733,3.0540000000000003,3,False
1528,1.7634954969347743,2.6697854138343846,2.6625668289779454,3.056,3,False
1529,1.7652463511675964,2.666510575296692,2.6567094398431994,3.0580000000000003,3,False
1530,1.76700041729509,2.663230889199471,2.6508438932459772,3.06,3,False
1531,1.7687576921558401,2.65994644068737,2.6449703368647204,3.0620000000000003,3,False
1532,1.7705181725884311,2.6566573149050368,2.6390889183778716,3.064,3,False
1533,1.7722818554314477,2.6533635969971177,2.6331997854638685,3.0660000000000003,3,False
1534,1.774048737523474,2.650065372108263,2.6273030858011577,3.068,3,False
1535,1.7758188157030956,2.646762725383121,2.6213989670681768,3.0700000000000003,3,False
1536,1.7775920868088952,2.643455741966339,2.61548757694337,3.072,3,True
1537,1.7793685476794578,2.6401445070025646,2.6095690631051767,3.074,3,False
1538,1.7811481951533699,2.6368291056364472,2.6036435732320387,3.076,3,False
1539,1.7829310260692137,2.6335096230126336,2.5977112550023986,3.078,3,False
1540,1.7847170372655752,2.630186144275773,2.5917722560946963,3.08,3,False
1541,1.7865062255810373,2.6268587545705127,2.5858267241873762,3.082,3,False
1542,1.7882985878541862,2.623527539041501,2.579874806958875,3.084,3,False
1543,1.790094120923605,2.620192582833387,2.573916652087639,3.086,3,False
1544,1.7918928216278798,2.616853971090818,2.5679524072521054,3.088,3,False
1545,1.793694686805593,2.6135117889584407,2.561982220130719,3.09,3,False
1546,1.7954997132953312,2.6101661215809058,2.5560062384019187,3.092,3,False
1547,1.7973078979356776,2.60681705410286,2.550024609744149,3.094,3,False
1548,1.7991192375652174,2.603464671668952,2.5440374818358484,3.096,3,False
1549,1.8009337290225345,2.6001090594238288,2.538045002355461,3.098,3,False
1550,1.8027513691462136,2.59675030251214,2.532047318981425,3.1,3,False
1551,1.8045721547748395,2.5933884860785335,2.526044579392186,3.102,3,False
1552,1.8063960827469971,2.590023695267656,2.5200369312661812,3.104,3,False
1553,1.8082231499012698,2.586656015224157,2.5140245222818556,3.106,3,False
1554,1.810053353076243,2.583285531092683,2.508007500117647,3.108,3,False
1555,1.8118866891105005,2.5799123280178855,2.5019860124520017,3.11,3,False
1556,1.8137231548426271,2.576536491144408,2.4959602069633555,3.112,3,False
1557,1.8155627471112081,2.573158105616903,2.4899302313301566,3.114,3,False
1558,1.817405462754827,2.5697772565800165,2.4838962332308396,3.116,3,False
1559,1.8192512986120684,2.566394029178397,2.47785836034385,3.118,3,False
1560,1.8211002515215176,2.563008508556691,2.4718167603476275,3.12,3,False
1561,1.822952318321758,2.559620779859549,2.4657715809206167,3.122,3,True
1562,1.8248074958513751,2.556230928231618,2.459722969741255,3.124,3,False
1563,1.8266657809489524,2.5528390388175457,2.4536710744879864,3.126,3,False
1564,1.8285271704530757,2.5494451967619813,2.4476160428392504,3.128,3,False
1565,1.830391661202328,2.5460494872095722,2.4415580224734907,3.13,3,False
1566,1.8322592500352954,2.5426519953049667,2.4354971610691476,3.132,3,False
1567,1.8341299337905612,2.5392528061928137,2.4294336063046633,3.134,3,False
1568,1.8360037093067108,2.5358520050177584,2.4233675058584767,3.136,3,False
1569,1.8378805734223274,2.5324496769244536,2.4172990074090337,3.138,3,False
1570,1.8397605229759972,2.5290459070575437,2.4112282586347713,3.14,3,False
1571,1.8416435548063033,2.5256407805616776,2.405155407214134,3.142,3,False
1572,1.843529665751831,2.522234382581504,2.3990806008255614,3.144,3,False
1573,1.8454188526511643,2.5188267982616708,2.393003987147497,3.146,3,False
1574,1.8473111123428887,2.5154181127468265,2.38692571385838,3.148,3,False
1575,1.8492064416655873,2.512008411181619,2.3808459286366532,3.15,3,False
1576,1.8511048374578456,2.5085977787106954,2.374764779160757,3.152,3,False
1577,1.8530062965582477,2.5051863004787056,2.3686824131091355,3.154,3,False
1578,1.8549108158053789,2.5017740616302966,2.362598978160227,3.156,3,False
1579,1.8568183920378223,2.498361147310117,2.3565146219924746,3.158,3,False
1580,1.8587290220941635,2.494947642662814,2.3504294922843187,3.16,3,False
1581,1.8606427028129864,2.4915336328330366,2.344343736714203,3.162,3,False
1582,1.8625594310328761,2.4881192029654327,2.338257502960566,3.164,3,False
1583,1.8644792035924163,2.48470443820465,2.3321709387018514,3.166,3,False
1584,1.866402017330193,2.4812894236953373,2.3260841916164994,3.168,3,False
1585,1.8683278690847882,2.477874244582142,2.3199974093829527,3.17,3,False
1586,1.8702567556947893,2.4744589860097137,2.313910739679651,3.172,3,True
1587,1.8721886739987792,2.4710437331226998,2.3078243301850394,3.174,3,False
1588,1.8741236208353425,2.4676285710657466,2.3017383285775534,3.176,3,False
1589,1.8760615930430642,2.4642135849835047,2.29565288253564,3.178,3,False
1590,1.8780025874605277,2.4607988600206205,2.289568139737737,3.18,3,False
1591,1.8799466009263186,2.4573844813217436,2.2834842478622894,3.182,3,False
1592,1.8818936302790215,2.4539705340315203,2.2774013545877345,3.184,3,False
1593,1.88384367235722,2.4505571032946007,2.2713196075925173,3.186,3,False
1594,1.8857967239994995,2.4471442742556313,2.2652391545550765,3.188,3,False
1595,1.8877527820444433,2.4437321320592607,2.2591601431538555,3.19,3,False
1596,1.889711843330638,2.4403207618501384,2.2530827210672952,3.192,3,False
1597,1.891673904696666,2.436910248772911,2.247007035973838,3.194,3,False
1598,1.893638962981113,2.433500677972226,2.240933235551923,3.196,3,False
1599,1.8956070150225632,2.4300921345927335,2.2348614674799947,3.198,3,False
1600,1.8975780576596009,2.4266847037790797,2.2287918794364905,3.2,3,False
1601,1.899552087730811,2.4232784706759145,2.2227246190998566,3.202,3,False
1602,1.9015291020747775,2.419873520427885,2.2166598341485306,3.204,3,False
1603,1.9035090975300855,2.416469938179639,2.2105976722609566,3.206,3,False
1604,1.9054920709353194,2.413067809075825,2.2045382811155747,3.208,3,False
1605,1.9074780191290628,2.4096672182610916,2.1984818083908273,3.21,3,False
1606,1.9094669389499017,2.4062682508800863,2.192428401765154,3.212,3,False
1607,1.91145882723642,2.4028709920774576,2.1863782089169987,3.214,3,False
1608,1.9134536808272016,2.3994755269978536,2.1803313775248006,3.216,3,False
1609,1.915451496560831,2.3960819407859217,2.1742880552670028,3.218,3,False
1610,1.9174522712758941,2.39269031858631,2.168248389822046,3.22,3,False
1611,1.9194560018109739,2.3893007455436686,2.1622125288683725,3.222,3,False
1612,1.9214626850046566,2.3859133068026432,2.156180620084422,3.224,3,False
1613,1.9234723176955242,2.382528087507884,2.1501528111486383,3.226,3,False
1614,1.9254848967221636,2.3791451728040367,2.14412924973946,3.228,3,False
1615,1.9275004189231577,2.375764647835751,2.1381100835353326,3.23,3,False
1616,1.9295188811370922,2.3723865977476755,2.132095460214693,3.232,3,False
1617,1.931540280202551,2.369011107684457,2.1260855274559867,3.234,3,False
1618,1.9335646129581185,2.365638262790744,2.1200804329376517,3.236,3,False
1619,1.9355918762423794,2.3622681482111854,2.114080324338132,3.238,3,False
1620,1.9376220668939186,2.358900849090429,2.1080853493358673,3.24,3,False
1621,1.9396551817513197,2.3555364505731218,2.1020956556093013,3.242,3,False
1622,1.941691217653168,2.352175037803913,2.0961113908368723,3.244,3,False
1623,1.9437301714380473,2.3488166959274515,2.090132702697025,3.246,3,False
1624,1.9457720399445433,2.3454615100883824,2.0841597388681983,3.248,3,False
1625,1.9478168200112391,2.3421095654313575,2.078192647028836,3.25,3,False
1626,1.9498645084767203,2.3387609471010222,2.072231574857377,3.2520000000000002,3,False
1627,1.9519151021795706,2.335415740242027,2.066276670032266,3.254,3,False
1628,1.9539685979583754,2.332074029999018,2.060328080231941,3.2560000000000002,3,False
1629,1.9560249926517184,2.3287359015166436,2.054385953134846,3.258,3,False
1630,1.9580842830981848,2.3254014399395526,2.0484504364194196,3.2600000000000002,3,False
1631,1.960146466136358,2.3220707304123924,2.0425216777641073,3.262,3,False
1632,1.962211538604824,2.318743858079812,2.036599824847347,3.2640000000000002,3,False
1633,1.9642794973421658,2.3154209080864585,2.0306850253475828,3.266,3,False
1634,1.9663503391869694,2.3121019655769817,2.024777426943254,3.2680000000000002,3,False
1635,1.9684240609778179,2.3087871156960276,2.0188771773128042,3.27,3,False
1636,1.9705006595532968,2.3054764435882453,2.012984424134672,3.2720000000000002,3,False
1637,1.9725801317519907,2.3021700343982845,2.0070993150873027,3.274,3,False
1638,1.9746624744124834,2.29886797327079,2.001221997849134,3.2760000000000002,3,False
1639,1.9767476843733596,2.295570345350413,1.9953526200986103,3.278,3,False
1640,1.978835758473204,2.292277235781799,1.9894913295141698,3.2800000000000002,3,False
1641,1.9809266935506007,2.2889887297095974,1.9836382737742575,3.282,3,False
1642,1.9830204864441352,2.2857049122784567,1.9777936005573122,3.2840000000000003,3,False
1643,1.9851171339923908,2.2824258686330254,1.9719574575417775,3.286,3,False
1644,1.987216633033953,2.2791516839179495,1.9661299924060929,3.2880000000000003,3,False
1645,1.9893189804074058,2.27588244327788,1.9603113528287022,3.29,3,False
1646,1.9914241729513336,2.272618231857462,1.954501686488044,3.2920000000000003,3,False
1647,1.993532207504321,2.269359134801346,1.948701141062562,3.294,3,False
1648,1.995643080904953,2.2661052372541794,1.9429098642306966,3.2960000000000003,3,False
1649,1.9977567899918136,2.26285662436061,1.93712800367089,3.298,3,False
1650,1.9998733316034878,2.2596133812652854,1.931355707061582,3.3000000000000003,3,False
1651,2.0019927025785584,2.2563755931128546,1.9255931220812164,3.302,3,False
1652,2.0041148997556126,2.2531433450479654,1.9198403964082331,3.3040000000000003,3,False
1653,2.0062399199732326,2.2499167222152665,1.9140976777210743,3.306,3,False
1654,2.008367760070005,2.246695809759405,1.90836511369818,3.3080000000000003,3,False
1655,2.0104984168845124,2.24348069282503,1.902642852017994,3.31,3,False
1656,2.0126318872553406,2.240271456556789,1.896931040358956,3.3120000000000003,3,False
1657,2.014768168021073,2.237068186099331,1.8912298263995095,3.314,3,False
1658,2.016907256020296,2.233870966597302,1.8855393578180935,3.3160000000000003,3,False
1659,2.0190491480915913,2.2306798831953527,1.8798597822931504,3.318,3,False
1660,2.021193841073546,2.2274950210381297,1.8741912475031217,3.3200000000000003,3,False
1661,2.0233413318047426,2.2243164652702805,1.8685339011264497,3.322,3,False
1662,2.0254916171237674,2.221144301036455,1.8628878908415734,3.3240000000000003,3,False
1663,2.0276446938692034,2.217978613481301,1.8572533643269373,3.326,3,False
1664,2.0298005588796366,2.214819487749465,1.8516304692609813,3.3280000000000003,3,False
1665,2.03195920899365,2.2116670089855974,1.8460193533221476,3.33,3,False
1666,2.0341206410498294,2.2085212623343446,1.8404201641888773,3.332,3,False
1667,2.0362848518867587,2.2053823329403546,1.8348330495396101,3.334,3,False
1668,2.038451838343022,2.202250305948277,1.8292581570527906,3.336,3,False
1669,2.0406215972572044,2.199125266502758,1.8236956344068576,3.338,3,False
1670,2.04279412546789,2.1960072997484485,1.8181456292802551,3.34,3,False
1671,2.044969419813664,2.1928964908299937,1.8126082893514217,3.342,3,False
1672,2.04714747713311,2.189792924892043,1.8070837622988012,3.344,3,False
1673,2.049328294264814,2.1866966870792446,1.801572195800834,3.346,3,False
1674,2.0515118680473585,2.183607862536247,1.7960737375359623,3.348,3,False
1675,2.0536981953193294,2.1805265364076973,1.790588535182626,3.35,3,False
1676,2.055887272919311,2.177452793838244,1.7851167364192686,3.352,3,False
1677,2.0580790976858876,2.174386719972536,1.77965848892433,3.354,3,False
1678,2.0602736664576433,2.17132839995522,1.7742139403762525,3.356,3,False
1679,2.062470976073164,2.168277918930945,1.7687832384534765,3.358,3,False
1680,2.064671023371032,2.1652353620443594,1.7633665308344453,3.36,3,False
1681,2.0668738051898337,2.16220081444011,1.757963965197598,3.362,3,False
1682,2.0690793183681526,2.159174361262847,1.7525756892213795,3.364,3,False
1683,2.071287559744575,2.1561560876572163,1.7472018505842275,3.366,3,False
1684,2.0734985261576826,2.153146078767868,1.7418425969645863,3.368,3,False
1685,2.075712214446062,2.150144419739448,1.7364980760408946,3.37,3,False
1686,2.0779286214482964,2.1471511957166065,1.7311684354915973,3.372,3,False
1687,2.0801477440029714,2.1441664918439907,1.7258538229951328,3.374,3,False
1688,2.082369578948671,2.1411903932662493,1.7205543862299444,3.376,3,False
1689,2.0845941231239795,2.138222985128029,1.7152702728744718,3.378,3,False
1690,2.086821373367482,2.1352643525739796,1.710001630607159,3.38,3,False
1691,2.089051326517763,2.132314580748748,1.704748607106445,3.382,3,False
1692,2.091283979413406,2.1293737547969838,1.6995113500507744,3.384,3,False
1693,2.093519328892997,2.1264419598633326,1.6942900071185838,3.386,3,False
1694,2.095757371795119,2.1235192810924453,1.6890847259883195,3.388,3,False
1695,2.097998104958358,2.1206058036289677,1.68389565433842,3.39,3,False
1696,2.1002415252212967,2.1177016126175494,1.6787229398473285,3.392,3,False
1697,2.1024876294225217,2.1148067932028383,1.6735667301934847,3.394,3,False
1698,2.104736414400615,2.111921430529482,1.668427173055332,3.396,3,False
1699,2.1069878769941646,2.109045609742129,1.6633044161113095,3.398,3,False
1700,2.1092420140417514,2.1061794159854275,1.6581986070398624,3.4,3,False
1701,2.1114988223819626,2.1033229344040247,1.6531098935194275,3.402,3,False
1702,2.1137582988533805,2.1004762501425702,1.6480384232284506,3.404,3,False
1703,2.1160204402945912,2.0976394483457104,1.6429843438453684,3.406,3,False
1704,2.118285243544179,2.0948126141580956,1.637947803048628,3.408,3,False
1705,2.120552705440729,2.091995832724373,1.6329289485166665,3.41,3,False
1706,2.122822822822823,2.08918918918919,1.627927927927928,3.412,3,False
1707,2.1250955925290484,2.0863927686971944,1.6229448889608518,3.414,3,False
1708,2.1273710113979885,2.0836066563930355,1.6179799792938805,3.416,3,False
1709,2.129649076268228,2.0808309374213607,1.6130333466054552,3.418,3,False
1710,2.131929783978351,2.078065696926819,1.6081051385740188,3.42,3,False
1711,2.134213131366944,2.0753110200540577,1.6031955028780098,3.422,3,False
1712,2.136499115272588,2.072566991947725,1.5983045871958734,3.424,3,False
1713,2.1387877325338702,2.069833697752469,1.5934325392060478,3.426,3,False
1714,2.1410789799893744,2.0671112226129384,1.588579506586976,3.428,3,False
1715,2.1433728544776853,2.0643996516737806,1.5837456370171,3.43,3,False
1716,2.1456693528373862,2.0616990700796443,1.5789310781748604,3.432,3,False
1717,2.1479684719070633,2.0590095629751763,1.5741359777386972,3.434,3,False
1718,2.1502702085253005,2.0563312155050273,1.5693604833870558,3.436,3,False
1719,2.1525745595306818,2.053664112813843,1.5646047427983738,3.438,3,False
1720,2.1548815217617925,2.051008340046273,1.5598689036510947,3.44,3,False
1721,2.1571910920572166,2.048363982346964,1.5551531136236587,3.442,3,False
1722,2.1595032672555385,2.045731124860565,1.550457520394509,3.444,3,False
1723,2.1618180441953436,2.0431098527317237,1.5457822716420853,3.446,3,False
1724,2.1641354197152145,2.0405002511050894,1.541127515044831,3.448,3,False
1725,2.1664553906537383,2.0379024051253087,1.5364933982811848,3.45,3,False
1726,2.1687779538494976,2.0353163999370314,1.5318800690295913,3.452,3,False
1727,2.1711031061410777,2.032742320684903,1.527287674968489,3.454,3,False
1728,2.1734308443670622,2.0301802525135746,1.522716363776322,3.456,3,False
1729,2.175761165366037,2.027630280567692,1.5181662831315297,3.458,3,False
1730,2.1780940659765857,2.0250924899919047,1.5136375807125548,3.46,3,False
1731,2.1804295430372935,2.0225669659308605,1.5091304041978384,3.462,3,False
1732,2.182767593386744,2.0200537935292076,1.5046449012658225,3.464,3,False
1733,2.185108213863522,2.017553057931593,1.500181219594947,3.466,3,False
1734,2.187451401306212,2.0150648442826666,1.4957395068636554,3.468,3,False
1735,2.1897971525533997,2.012589237727075,1.4913199107503874,3.47,3,False
1736,2.1921454644436675,2.0101263234094673,1.4869225789335856,3.472,3,False
1737,2.1944963338156014,2.007676186474491,1.4825476590916908,3.474,3,False
1738,2.1968497575077857,2.005238912066795,1.4781952989031453,3.476,3,False
1739,2.199205732358805,2.002814585331026,1.4738656460463893,3.478,3,False
1740,2.2015642552072427,2.0004032914118337,1.4695588481998656,3.48,3,False
1741,2.203925322891685,1.9980051154538656,1.4652750530420147,3.482,3,False
1742,2.2062889322507147,1.99562014260177,1.4610144082512788,3.484,3,False
1743,2.208655080122918,1.993248458000194,1.4567770615060982,3.486,3,False
1744,2.2110237633468777,1.990890146793787,1.452563160484916,3.488,3,False
1745,2.2133949787611797,1.9885452941271962,1.4483728528661723,3.49,3,False
1746,2.2157687232044077,1.9862139851450709,1.4442062863283098,3.492,3,False
1747,2.218144993515147,1.9838963049920573,1.4400636085497682,3.494,3,False
1748,2.220523786531981,1.9815923388128056,1.4359449672089908,3.496,3,False
1749,2.222905099093496,1.9793021717519625,1.4318505099844179,3.498,3,False
1750,2.225288928038274,1.9770258889541767,1.4277803845544912,3.5,3,False
1751,2.227675270204902,1.9747635755640962,1.4237347385976526,3.5020000000000002,3,False
1752,2.230064122431962,1.9725153167263696,1.4197137197923433,3.504,3,False
1753,2.232455481558041,1.9702811975856436,1.4157174758170048,3.5060000000000002,3,False
1754,2.234849344421722,1.9680613032865684,1.4117461543500784,3.508,3,False
1755,2.2372457078615904,1.96585571897379,1.4077999030700052,3.5100000000000002,3,False
1756,2.239644568716229,1.963664529791958,1.403878869655228,3.512,3,False
1757,2.2420459238242247,1.9614878208857194,1.399983201784186,3.5140000000000002,3,False
1758,2.24444977002416,1.9593256773997239,1.3961130471353238,3.516,3,False
1759,2.246856104154621,1.9571781844786176,1.39226855338708,3.5180000000000002,3,False
1760,2.249264923054191,1.9550454272670512,1.388449868217898,3.52,3,False
1761,2.251676223561455,1.9529274909096694,1.384657139306217,3.5220000000000002,3,False
1762,2.2540900025149977,1.9508244605511238,1.380890514330482,3.524,3,False
1763,2.2565062567534033,1.94873642133606,1.3771501409691305,3.5260000000000002,3,False
1764,2.258924983115256,1.9466634584091276,1.373436166900607,3.528,3,False
1765,2.2613461784391413,1.9446056569149732,1.369748739803351,3.5300000000000002,3,False
1766,2.2637698395636425,1.942563101998247,1.3660880073558062,3.532,3,False
1767,2.266195963327345,1.9405358788035953,1.362454117236411,3.5340000000000003,3,False
1768,2.2686245465688337,1.9385240724756674,1.3588472171236097,3.536,3,False
1769,2.2710555861266917,1.9365277681591107,1.3552674546958416,3.5380000000000003,3,False
1770,2.2734890788395044,1.9345470509985732,1.3517149776315502,3.54,3,False
1771,2.275925021545856,1.9325820061387038,1.348189933609175,3.5420000000000003,3,False
1772,2.278363411084331,1.93063271872415,1.3446924703071592,3.544,3,False
1773,2.2808042442935155,1.92869927389956,1.3412227354039423,3.5460000000000003,3,False
1774,2.283247518011991,1.9267817568095822,1.337780876577968,3.548,3,False
1775,2.2856932290783445,1.9248802525988644,1.3343670415076758,3.5500000000000003,3,False
1776,2.2881413743311594,1.9229948464120552,1.3309813778715092,3.552,3,False
1777,2.2905919506090204,1.9211256233938017,1.327624033347907,3.5540000000000003,3,False
1778,2.293044954750512,1.9192726686887536,1.3242951556153133,3.556,3,False
1779,2.2955003835942187,1.917436067441557,1.320994892352168,3.5580000000000003,3,False
1780,2.2979582339787252,1.915615904796862,1.3177233912369133,3.56,3,False
1781,2.300418502742616,1.913812265899315,1.3144807999479897,3.5620000000000003,3,False
1782,2.302881186724475,1.9120252358935659,1.3112672661638403,3.564,3,False
1783,2.3053462827628883,1.910254899924261,1.3080829375629048,3.5660000000000003,3,False
1784,2.3078137876964377,1.9085013431360496,1.304927961823626,3.568,3,False
1785,2.3102836983637105,1.9067646506735798,1.3018024866244442,3.5700000000000003,3,False
1786,2.3127560116032897,1.905044907681499,1.298706659643802,3.572,3,False
1787,2.31523072425376,1.903342199304456,1.2956406285601405,3.5740000000000003,3,False
1788,2.3177078331537064,1.901656610687099,1.292604541051901,3.576,3,False
1789,2.3201873351417133,1.899988226974075,1.2895985447975242,3.5780000000000003,3,False
1790,2.3226692270563647,1.8983371333100334,1.2866227874754532,3.58,3,False
1791,2.3251535057362456,1.8967034148396218,1.283677416764128,3.5820000000000003,3,False
1792,2.327640168019939,1.8950871567074878,1.2807625803419913,3.584,3,False
1793,2.330129210746032,1.8934884440582809,1.2778784258874838,3.586,3,False
1794,2.332620630753108,1.891907362036648,1.275025101079047,3.588,3,False
1795,2.335114424879751,1.8903439957872377,1.2722027535951224,3.59,3,False
1796,2.3376105899645454,1.8887984304546974,1.2694115311141512,3.592,3,False
1797,2.3401091228460764,1.8872707511836766,1.2666515813145762,3.594,3,False
1798,2.3426100203629288,1.885761043118822,1.263923051874837,3.596,3,False
1799,2.345113279353686,1.8842693914047826,1.261226090473376,3.598,3,False
1800,2.3476188966569334,1.882795881186206,1.2585608447886347,3.6,3,False
1801,2.350126869111255,1.8813405976077409,1.2559274624990548,3.602,3,False
1802,2.352637193555236,1.879903625814035,1.2533260912830766,3.604,3,False
1803,2.3551498668274595,1.8784850509497366,1.2507568788191437,3.606,3,False
1804,2.3576648857665115,1.8770849581594935,1.2482199727856953,3.608,3,False
1805,2.360182247210976,1.8757034325879545,1.2457155208611743,3.61,3,False
1806,2.3627019479994384,1.874340559379767,1.2432436707240213,3.612,3,False
1807,2.3652239849704806,1.872996423679579,1.2408045700526786,3.614,3,False
1808,2.3677483549626896,1.8716711106320396,1.2383983665255867,3.616,3,False
1809,2.3702750548146487,1.870364705381796,1.2360252078211884,3.618,3,False
1810,2.372804081364943,1.8690772930734965,1.2336852416179234,3.62,3,False
1811,2.375335431452157,1.8678089588517897,1.231378615594235,3.622,3,False
1812,2.377869101914875,1.8665597878613234,1.229105477428563,3.624,3,False
1813,2.3804050895916813,1.8653298652467454,1.2268659747993502,3.626,3,False
1814,2.3829433913211604,1.8641192761527037,1.2246602553850368,3.628,3,False
1815,2.385484003941898,1.862928105723848,1.2224884668640659,3.63,3,False
1816,2.3880269242924768,1.861756439104824,1.2203507569148773,3.632,3,False
1817,2.3905721492114824,1.8606043614402819,1.2182472732159138,3.634,3,False
1818,2.3931196755375,1.8594719578748689,1.216178163445616,3.636,3,False
1819,2.3956695001091117,1.8583593135532328,1.2141435752824261,3.638,3,False
1820,2.398221619764905,1.8572665136200224,1.212143656404784,3.64,3,False
1821,2.400776031343461,1.8561936432198853,1.2101785544911334,3.642,3,False
1822,2.4033327316833684,1.8551407874974704,1.208248417219914,3.644,3,False
1823,2.4058917176232075,1.8541080315974248,1.2063533922695684,3.646,3,False
1824,2.408452986001566,1.8530954606643966,1.204493627318537,3.648,3,False
1825,2.411016533657027,1.8521031598430355,1.2026692700452628,3.65,3,False
1826,2.413582357428175,1.8511312142779879,1.2008804681281853,3.652,3,False
1827,2.4161504541535943,1.8501797091139025,1.1991273692457471,3.654,3,False
1828,2.4187208206718704,1.8492487294954274,1.1974101210763899,3.656,3,False
1829,2.421293453821587,1.8483383605672112,1.1957288712985545,3.658,3,False
1830,2.423868350441329,1.8474486874739011,1.194083767590683,3.66,3,False
1831,2.4264455073696802,1.846579795360146,1.1924749576312164,3.662,3,False
1832,2.4290249214452264,1.8457317693705937,1.190902589098596,3.664,3,False
1833,2.4316065895065506,1.844904694649892,1.189366809671264,3.666,3,False
1834,2.4341905083922386,1.8440986563426898,1.1878677670276612,3.668,3,False
1835,2.436776674940874,1.8433137395936345,1.1864056088462296,3.67,3,False
1836,2.4393650859910423,1.8425500295473747,1.1849804828054098,3.672,3,False
1837,2.441955738381327,1.8418076113485582,1.1835925365836442,3.674,3,False
1838,2.444548628950313,1.841086570141833,1.1822419178593735,3.676,3,False
1839,2.447143754536584,1.8403869910718473,1.18092877431104,3.678,3,False
1840,2.4497411119787267,1.8397089592832498,1.1796532536170847,3.68,3,False
1841,2.4523406981153233,1.8390525599206884,1.1784155034559491,3.682,3,False
1842,2.4549425097849604,1.8384178781288105,1.177215671506074,3.684,3,False
1843,2.4575465438262203,1.8378049990522647,1.176053905445902,3.686,3,False
1844,2.4601527970776886,1.837214007835699,1.174930352953874,3.688,3,False
1845,2.46276126637795,1.8366449896237622,1.1738451617084318,3.69,3,False
1846,2.4653719485655894,1.8360980295611018,1.1727984793880162,3.692,3,False
1847,2.46798484047919,1.835573212792366,1.17179045367107,3.694,3,False
1848,2.4705999389573376,1.8350706244622024,1.1708212322360323,3.696,3,False
1849,2.473217240838615,1.8345903497152598,1.1698909627613472,3.698,3,False
1850,2.4758367429616097,1.8341324736961866,1.1689997929254545,3.7,3,False
1851,2.4784584421649027,1.8336970815496296,1.1681478704067958,3.702,3,False
1852,2.4810823352870806,1.8332842584202382,1.1673353428838134,3.704,3,False
1853,2.483708419166728,1.8328940894526604,1.1665623580349482,3.706,3,False
1854,2.4863366906424287,1.8325266597915437,1.1658290635386415,3.708,3,False
1855,2.488967146552767,1.8321820545815366,1.1651356070733352,3.71,3,False
1856,2.491599783736328,1.8318603589672873,1.1644821363174707,3.712,3,False
1857,2.494234599031696,1.8315616580934433,1.1638687989494891,3.714,3,False
1858,2.4968715892774567,1.8312860371046535,1.163295742647832,3.716,3,False
1859,2.4995107513121915,1.8310335811455656,1.1627631150909412,3.718,3,False
1860,2.5021520819744887,1.8308043753608279,1.1622710639572578,3.72,3,False
1861,2.504795578102929,1.8305985048950881,1.1618197369252232,3.722,3,False
1862,2.5074412365361,1.8304160548929949,1.1614092816732795,3.724,3,False
1863,2.5100890541125844,1.830257110499196,1.1610398458798674,3.726,3,False
1864,2.512739027670969,1.8301217568583397,1.1607115772234287,3.728,3,False
1865,2.5153911540498353,1.8300100791150742,1.160424623382405,3.73,3,False
1866,2.5180454300877697,1.8299221624140478,1.1601791320352373,3.732,3,False
1867,2.5207018526233558,1.829858091899908,1.1599752508603678,3.734,3,False
1868,2.5233604184951792,1.829817952717303,1.1598131275362373,3.736,3,False
1869,2.526021124541823,1.8298018300108816,1.1596929097412878,3.738,3,False
1870,2.5286839676018737,1.8298098089252912,1.1596147451539598,3.74,3,False
1871,2.5313489445139132,1.8298419746051802,1.1595787814526957,3.742,3,False
1872,2.5340160521165283,1.829898412195197,1.159585166315937,3.744,3,False
1873,2.536685287248302,1.8299792068399894,1.1596340474221252,3.746,3,False
1874,2.53935664674782,1.830084443684205,1.1597255724497009,3.748,3,False
1875,2.542030127453666,1.8302142078724932,1.1598598890771064,3.75,3,False
1876,2.544705726204425,1.8303685845495012,1.1600371449827827,3.7520000000000002,3,False
1877,2.5473834398386805,1.830547658859877,1.160257487845171,3.754,3,False
1878,2.550063265195018,1.830751515948269,1.1605210653427136,3.7560000000000002,3,False
1879,2.5527451991120214,1.8309802409593252,1.1608280251538516,3.758,3,False
1880,2.5554292384282764,1.8312339190376943,1.1611785149570264,3.7600000000000002,3,False
1881,2.5581153799823664,1.8315126353280238,1.1615726824306791,3.762,3,False
1882,2.5608036206128766,1.8318164749749621,1.1620106752532524,3.7640000000000002,3,False
1883,2.5634939571583906,1.8321455231231571,1.1624926411031864,3.766,3,False
1884,2.566186386457493,1.8324998649172568,1.1630187276589234,3.7680000000000002,3,False
1885,2.5688809053487693,1.8328795855019102,1.1635890825989041,3.77,3,False
1886,2.571577510670804,1.8332847700217643,1.1642038536015706,3.7720000000000002,3,False
1887,2.5742761992621803,1.8337155036214676,1.1648631883453642,3.774,3,False
1888,2.5769769679614836,1.834171871445668,1.1655672345087265,3.7760000000000002,3,False
1889,2.5796798136072985,1.834653958639015,1.1663161397700987,3.778,3,False
1890,2.582384733038209,1.8351618503461546,1.1671100518079225,3.7800000000000002,3,False
1891,2.585091723092799,1.835695631711736,1.1679491183006387,3.782,3,False
1892,2.5878007806096557,1.8362553878804078,1.1688334869266899,3.7840000000000003,3,False
1893,2.5905119024273606,1.8368412039968174,1.1697633053645164,3.786,3,False
1894,2.5932250853845003,1.8374531652056127,1.170738721292561,3.7880000000000003,3,False
1895,2.595940326319657,1.8380913566514425,1.1717598823892639,3.79,3,False
1896,2.5986576220714186,1.838755863478955,1.1728269363330674,3.7920000000000003,3,False
1897,2.6013769694783666,1.8394467708327975,1.1739400308024124,3.794,3,False
1898,2.6040983653790875,1.840164163857619,1.1750993134757413,3.7960000000000003,3,False
1899,2.6068218066121633,1.8409081276980663,1.1763049320314936,3.798,3,False
1900,2.609547290016181,1.8416787474987892,1.1775570341481132,3.8000000000000003,3,False
1901,2.6122748124297237,1.8424761084044348,1.1788557675040394,3.802,3,False
1902,2.6150043706913775,1.8433002955596514,1.1802012797777153,3.8040000000000003,3,False
1903,2.617735961639725,1.8441513941090872,1.1815937186475818,3.806,3,False
1904,2.620469582113352,1.8450294891973904,1.18303323179208,3.8080000000000003,3,False
1905,2.623205228950842,1.8459346659692089,1.1845199668896518,3.81,3,False
1906,2.62594289899078,1.8468670095691904,1.1860540716187384,3.8120000000000003,3,False
1907,2.628682589071751,1.8478266051419843,1.1876356936577812,3.814,3,False
1908,2.631424296032339,1.8488135378322377,1.1892649806852225,3.8160000000000003,3,False
1909,2.6341680167111283,1.8498278927845984,1.1909420803795028,3.818,3,False
1910,2.6369137479467044,1.8508697551437154,1.1926671404190636,3.8200000000000003,3,False
1911,2.63966148657765,1.8519392100542365,1.1944403084823467,3.822,3,False
1912,2.642411229442552,1.8530363426608103,1.196261732247794,3.8240000000000003,3,False
1913,2.6451629733799926,1.8541612381080839,1.198131559393846,3.826,3,False
1914,2.6479167152285585,1.855313981540706,1.200049937598945,3.8280000000000003,3,False
1915,2.650672451826832,1.8564946581033248,1.202017014541532,3.83,3,False
1916,2.6534301800134,1.8577033529405886,1.204032937900049,3.8320000000000003,3,False
1917,2.6561898966268442,1.8589401511971446,1.2060978553529362,3.834,3,False
1918,2.6589515985057517,1.8602051380176419,1.2082119145786365,3.8360000000000003,3,False
1919,2.6617152824887045,1.8614983985467277,1.2103752632555902,3.838,3,False
1920,2.664480945414289,1.8628200179290508,1.2125880490622394,3.84,3,False
1921,2.66724858412109,1.8641700813092594,1.2148504196770258,3.842,3,False
1922,2.6700181954476907,1.8655486738320013,1.2171625227783907,3.844,3,False
1923,2.672789776232676,1.8669558806419249,1.2195245060447752,3.846,3,False
1924,2.675563323314631,1.8683917868836781,1.221936517154621,3.848,3,False
1925,2.67833883353214,1.8698564777019089,1.2243987037863704,3.85,3,False
1926,2.6811163037237864,1.8713500382412653,1.2269112136184628,3.852,3,False
1927,2.6838957307281563,1.8728725536463962,1.2294741943293417,3.854,3,False
1928,2.6866771113838332,1.8744241090619487,1.232087793597447,3.856,3,False
1929,2.689460442529403,1.8760047896325718,1.2347521591012218,3.858,3,False
1930,2.692245721003448,1.877614680502913,1.237467438519106,3.86,3,False
1931,2.695032943644554,1.879253866817621,1.2402337795295426,3.862,3,False
1932,2.697822107291305,1.8809224337213428,1.2430513298109713,3.864,3,False
1933,2.7006132087822867,1.882620466358728,1.2459202370418354,3.866,3,False
1934,2.7034062449560823,1.8843480498744236,1.2488406489005746,3.868,3,False
1935,2.7062012126512767,1.8861052694130782,1.251812713065632,3.87,3,False
1936,2.708998108706454,1.8878922101193396,1.254836577215447,3.872,3,False
1937,2.7117969299602,1.8897089571378567,1.2579123890284638,3.874,3,False
1938,2.714597673251098,1.8915555956132764,1.2610402961831215,3.876,3,False
1939,2.717400335417733,1.8934322106902481,1.264220446357863,3.878,3,False
1940,2.72020491329869,1.895338887513419,1.2674529872311289,3.88,3,False
1941,2.723011403732553,1.8972757112274374,1.2707380664813612,3.882,3,False
1942,2.725819803557905,1.8992427669769514,1.274075831787001,3.884,3,False
1943,2.728630109613334,1.90124013990661,1.2774664308264905,3.886,3,False
1944,2.7314423187374213,1.9032679151610599,1.2809100112782703,3.888,3,False
1945,2.734256427768752,1.9053261778849502,1.2844067208207819,3.89,3,False
1946,2.737072433545912,1.907415013222928,1.2879567071324667,3.892,3,False
1947,2.7398903329074855,1.9095345063196432,1.2915601178917675,3.894,3,False
1948,2.742710122692056,1.9116847423197423,1.295217100777124,3.896,3,False
1949,2.7455317997382087,1.9138658063678737,1.2989278034669791,3.898,3,False
1950,2.7483553608845277,1.916077783608686,1.3026923736397729,3.9,3,False
1951,2.751180802969597,1.9183207591868272,1.306510958973948,3.902,3,False
1952,2.754008122832003,1.9205948182469448,1.310383707147945,3.904,3,False
1953,2.75683731731033,1.9229000459336885,1.3143107658402067,3.906,3,False
1954,2.7596683832431594,1.9252365273917043,1.3182922827291725,3.908,3,False
1955,2.7625013174690793,1.927604347765642,1.3223284054932862,3.91,3,False
1956,2.765336116826672,1.9300035922001484,1.326419281810987,3.912,3,False
1957,2.768172778154524,1.932434345839873,1.3305650593607183,3.914,3,False
1958,2.771011298291217,1.9348966938294625,1.3347658858209202,3.916,3,False
1959,2.7738516740753383,1.9373907213135664,1.339021908870035,3.918,3,False
1960,2.776693902345471,1.9399165134368315,1.3433332761865031,3.92,3,False
1961,2.7795379799402005,1.9424741553439073,1.3477001354487683,3.922,3,False
1962,2.7823839036981095,1.9450637321794406,1.352122634335269,3.924,3,False
1963,2.785231670457784,1.9476853290880805,1.356600920524449,3.926,3,False
1964,2.7880812770578087,1.9503390312144742,1.3611351416947481,3.928,3,False
1965,2.7909327203367678,1.953024923703271,1.3657254455246095,3.93,3,False
1966,2.7937859971332446,1.9557430916991176,1.3703719796924727,3.932,3,False
1967,2.7966411042858255,1.9584936203466632,1.375074891876781,3.934,3,False
1968,2.799498038633094,1.9612765947905557,1.3798343297559748,3.936,3,False
1969,2.802356797013635,1.9640921001754437,1.3846504410084968,3.938,3,False
1970,2.8052173762660324,1.9669402216459735,1.389523373312786,3.94,3,False
1971,2.8080797732288714,1.9698210443467954,1.3944532743472866,3.942,3,False
1972,2.810943984740735,1.9727346534225554,1.3994402917904374,3.944,3,False
1973,2.8138100076402104,1.9756811340179041,1.404484573320683,3.946,3,False
1974,2.8166778387658793,1.9786605712774872,1.4095862666164614,3.948,3,False
1975,2.819547474956329,1.981673050345955,1.4147455193562175,3.95,3,False
1976,2.822418913050141,1.9847186563679529,1.4199624792183896,3.952,3,False
1977,2.8252921498859025,1.987797474488132,1.4252372938814217,3.954,3,False
1978,2.8281671823021965,1.9909095898511389,1.4305701110237539,3.956,3,False
1979,2.831044007137608,1.9940550876016219,1.4359610783238281,3.958,3,False
1980,2.833922621230721,1.9972340528842283,1.4414103434600851,3.96,3,False
1981,2.8368030214201214,2.000446570843608,1.4469180541109685,3.962,3,False
1982,2.839685204544392,2.003692726624408,1.4524843579549165,3.964,3,False
1983,2.842569167442117,2.006972605371276,1.4581094026703731,3.966,3,False
1984,2.8454549069518835,2.010286292228861,1.4637933359357787,3.968,3,False
1985,2.8483424199122735,2.013633872341811,1.4695363054295754,3.97,3,False
1986,2.8512317031618726,2.017015430854773,1.475338458830203,3.972,3,False
1987,2.854122753539266,2.0204310529123966,1.4811999438161056,3.974,3,False
1988,2.8570155678830362,2.0238808236593293,1.4871209080657226,3.976,3,False
1989,2.85991014303177,2.02736482824022,1.493101499257497,3.978,3,False
1990,2.8628064758240495,2.0308831517997143,1.499141865069868,3.98,3,False
1991,2.865704563098461,2.0344358794824635,1.5052421531812792,3.982,3,False
1992,2.868604401693589,2.038023096433114,1.5114025112701712,3.984,3,False
1993,2.8715059884480176,2.0416448877963145,1.5176230870149863,3.986,3,False
1994,2.8744093202003302,2.0453013387167114,1.5239040280941638,3.988,3,False
1995,2.8773143937891135,2.0489925343389563,1.5302454821861482,3.99,3,False
1996,2.8802212060529495,2.052718559807693,1.5366475969693778,3.992,3,False
1997,2.883129753830426,2.0564795002675744,1.5431105201222977,3.994,3,False
1998,2.886040033960124,2.0602754408632444,1.5496343993233457,3.996,3,False
1999,2.8889520432806304,2.0641064667393536,1.556219382250966,3.998,3,False
2000,2.891865778630529,2.0679726630405484,1.5628656165835975,4.0,3,False
2001,2.894781236848403,2.0718741149114783,1.5695732499996835,4.002,3,False
2002,2.8976984147728397,2.075810907496792,1.576342430177668,4.0040000000000004,3,False
2003,2.9006173092424206,2.0797831259411357,1.5831733047959862,4.006,3,False
2004,2.9035379170957323,2.0837908553891573,1.5900660215330829,4.008,3,False
2005,2.906460235171358,2.087834180985507,1.5970207280673998,4.01,3,False
2006,2.909384260307885,2.091913187874834,1.6040375720773818,4.0120000000000005,3,False
2007,2.9123099893438944,2.0960279612017816,1.6111167012414631,4.014,3,False
2008,2.9152374191179717,2.1001785861110016,1.618258263238089,4.016,3,False
2009,2.918166546468701,2.1043651477471403,1.6254624057457001,4.018,3,False
2010,2.921097368234669,2.1085877312548487,1.6327292764427423,4.0200000000000005,3,False
2011,2.9240298812544583,2.1128464217787717,1.6400590230076502,4.022,3,False
2012,2.926964082366653,2.117141304463558,1.6474517931188677,4.024,3,False
2013,2.9298999684098384,2.1214724644538565,1.6549077344548373,4.026,3,False
2014,2.9328375362226007,2.125839986894317,1.6624269946940031,4.0280000000000005,3,False
2015,2.935776782643522,2.1302439569295846,1.670009721514801,4.03,3,False
2016,2.9387177045111867,2.134684459704308,1.6776560625956742,4.032,3,False
2017,2.94166029866418,2.139161580363136,1.6853661656150654,4.034,3,False
2018,2.9446045619410888,2.1436754040507187,1.6931401782514186,4.0360000000000005,3,False
2019,2.9475504911804937,2.1482260159117,1.7009782481831697,4.038,3,False
2020,2.950498083220981,2.1528135010907303,1.7088805230887623,4.04,3,False
2021,2.953447334901135,2.157437944732458,1.7168471506466383,4.042,3,False
2022,2.956398243059542,2.162099431981532,1.7248782785352423,4.0440000000000005,3,False
2023,2.959350804534783,2.1667980479825975,1.7329740544330097,4.046,3,False
2024,2.9623050161654443,2.1715338778803046,1.7411346260183844,4.048,3,False
2025,2.9652608747901112,2.176307006819301,1.749360140969809,4.05,3,False
2026,2.9682183772473687,2.1811175199442374,1.7576507469657283,4.0520000000000005,3,False
2027,2.9711775203757984,2.1859655023997573,1.7660065916845753,4.054,3,False
2028,2.974138301013986,2.1908510393305103,1.7744278228047963,4.056,3,False
2029,2.9771007160005176,2.195774215881146,1.7829145880048323,4.058,3,False
2030,2.9800647621739778,2.200735117196314,1.7914670349631292,4.0600000000000005,3,False
2031,2.983030436372948,2.205733828420658,1.8000853113581199,4.062,3,False
2032,2.9859977354360154,2.210770434698828,1.808769564868251,4.064,3,False
2033,2.9889666562017627,2.2158450211754723,1.8175199431719617,4.066,3,False
2034,2.991937195508778,2.2209576729952416,1.8263365939477,4.0680000000000005,3,False
2035,2.994909350195641,2.2261084753027793,1.8352196648738976,4.07,3,False
2036,2.9978831171009386,2.231297513242735,1.8441693036290006,4.072,3,False
2037,3.000858493063256,2.2365248719597584,1.853185657891451,4.074,3,False
2038,3.003835474921178,2.241790636598499,1.8622688753396934,4.0760000000000005,3,False
2039,3.0068140595132857,2.2470948923036,1.8714191036521615,4.078,3,False
2040,3.009794243678167,2.2524377242197127,1.8806364905073014,4.08,3,False
2041,3.0127760242544057,2.257819217491485,1.8899211835835537,4.082,3,False
2042,3.0157593980805864,2.263239457263567,1.8992733305593648,4.0840000000000005,3,False
2043,3.0187443619952923,2.2686985286806016,1.9086930791131662,4.086,3,False
2044,3.021730912837109,2.2741965168872404,1.918180576923406,4.088,3,False
2045,3.0247190474446195,2.2797335070281304,1.9277359716685236,4.09,3,False
2046,3.027708762656412,2.285309584247923,1.9373594110269656,4.0920000000000005,3,False
2047,3.030700055311067,2.290924833691262,1.947051042677165,4.094,3,False
2048,3.0336929222471714,2.296579340502797,1.9568110142975679,4.096,3,False
2049,3.036687360303308,2.3022731898271758,1.9666394735666146,4.098,3,False
2050,3.039683366318063,2.3080064668090468,1.976536568162748,4.1,3,False
2051,3.0426809371300205,2.3137792565930613,1.9865024457644123,4.102,3,False
2052,3.045680069577764,2.319591644323862,1.9965372540500415,4.104,3,False
2053,3.0486807604998787,2.325443715146099,2.006641140698081,4.106,3,False
2054,3.051683006734949,2.331335554204421,2.016814253386972,4.108,3,False
2055,3.0546868051215603,2.3372672466434787,2.027056739795161,4.11,3,False
2056,3.057692152498296,2.343238877607915,2.0373687476010804,4.112,3,False
2057,3.0606990457037404,2.3492505322423805,2.047750424483176,4.114,3,False
2058,3.063707481576479,2.355302295691523,2.0582019181198885,4.116,3,False
2059,3.066717456955096,2.361394253099994,2.068723376189665,4.118,3,False
2060,3.0697289686781755,2.3675264896124353,2.0793149463709373,4.12,3,False
2061,3.072742013584302,2.3736990903734996,2.089976776342153,4.122,3,False
2062,3.07575658851206,2.3799121405278325,2.100709013781751,4.124,3,False
2063,3.078772690300036,2.3861657252200863,2.1115118063681786,4.126,3,False
2064,3.0817903157868116,2.3924599295949034,2.122385301779868,4.128,3,False
2065,3.0848094618109725,2.3987948387969356,2.1333296476952666,4.13,3,False
2066,3.087830125211103,2.4051705379708292,2.144344991792813,4.132,3,False
2067,3.0908523028257893,2.411587112261236,2.1554314817509557,4.134,3,False
2068,3.093875991493613,2.4180446468127985,2.166589265248126,4.136,3,False
2069,3.0969011880531596,2.4245432267701674,2.1778184899627693,4.138,3,False
2070,3.0999278893430144,2.431082937277991,2.189119303573328,4.14,3,False
2071,3.102956092201764,2.4376638634809216,2.2004918537582494,4.142,3,False
2072,3.1059857934679878,2.4442860905235992,2.2119362881959628,4.144,3,False
2073,3.1090169899802733,2.450949703550676,2.2234527545649163,4.146,3,False
2074,3.112049678577204,2.4576547877067996,2.235041400543551,4.148,3,False
2075,3.1150838560973684,2.464401428136623,2.2467023738103133,4.15,3,False
2076,3.118119519379345,2.4711897099847855,2.2584358220436345,4.152,3,False
2077,3.1211566652617218,2.4780197183959403,2.2702418929219617,4.154,3,False
2078,3.1241952905830814,2.484891538514734,2.2821207341237346,4.156,3,False
2079,3.1272353921820124,2.4918052554858194,2.2940724933274024,4.158,3,False
2080,3.130276966897094,2.498760954453837,2.306097318211394,4.16,3,False
2081,3.133320011566913,2.5057587205634393,2.3181953564541575,4.162,3,False
2082,3.1363645230300548,2.5127986389592736,2.3303667557341337,4.164,3,False
2083,3.139410498125104,2.5198807947859914,2.3426116637297696,4.166,3,False
2084,3.142457933690643,2.5270052731882338,2.3549302281194953,4.168,3,False
2085,3.1455068265652573,2.534172159310653,2.367322596581759,4.17,3,False
2086,3.1485571735875313,2.541381538297897,2.3797889167950004,4.172,3,False
2087,3.151608971596052,2.5486334952946175,2.3923293364376685,4.174,3,False
2088,3.1546622174294,2.5559281154454543,2.404944003188192,4.176,3,False
2089,3.157716907926161,2.5632654838950604,2.4176330647250177,4.178,3,False
2090,3.1607730399249214,2.5706456857880844,2.4303966687265897,4.18,3,False
2091,3.163830610264265,2.578068806269177,2.4432349628713528,4.182,3,False
2092,3.1668896157827744,2.5855349304829787,2.456148094837738,4.184,3,False
2093,3.169950053319035,2.593044143574142,2.469136212304191,4.186,3,False
2094,3.173011919711633,2.600596530687315,2.4821994629491555,4.188,3,False
2095,3.176075211799153,2.6081921769671506,2.4953379944510776,4.19,3,False
2096,3.179139926420176,2.615831167558287,2.5085519544883867,4.192,3,False
2097,3.1822060604132876,2.6235135876053763,2.5218414907395306,4.194,3,False
2098,3.185273610617075,2.63123952225307,2.535206750882951,4.196,3,False
2099,3.1883425738701225,2.639009056646016,2.5486478825970953,4.198,3,False
2100,3.1914129470110106,2.646822275928857,2.562165033560392,4.2,3,False
2101,3.1944847268783274,2.6546792652462443,2.5757583514512903,4.202,3,False
2102,3.197557910310656,2.662580109742826,2.58942798394823,4.204,3,False
2103,3.200632494146583,2.670524894563254,2.60317407872966,4.206,3,False
2104,3.2037084752246896,2.678513704852169,2.6169967834740087,4.208,3,False
2105,3.2067858503835627,2.6865466257542234,2.6308962458597236,4.21,3,False
2106,3.2098646164617852,2.694623742414065,2.6448726135652465,4.212,3,False
2107,3.2129447702979443,2.7027451399763445,2.658926034269026,4.214,3,False
2108,3.216026308730621,2.7109109035857037,2.673056655649489,4.216,3,False
2109,3.219109228598402,2.719121118386795,2.6872646253850854,4.218,3,False
2110,3.2221935267398703,2.727375869524265,2.7015500911542545,4.22,3,False
2111,3.225279199993614,2.7356752421427664,2.7159132006354465,4.222,3,False
2112,3.228366245198213,2.744019321386939,2.730354101507088,4.224,3,False
2113,3.231454659192254,2.7524081924014365,2.744872941447628,4.226,3,False
2114,3.2345444388143214,2.760841940330906,2.7594698681355077,4.228,3,False
2115,3.2376355809030004,2.7693206503199987,2.774145029249175,4.23,3,False
2116,3.240728082296874,2.777844407513356,2.7888985724670587,4.232,3,False
2117,3.243821939834528,2.7864132970556295,2.8037306454676063,4.234,3,False
2118,3.246917150354546,2.795027404091468,2.81864139592926,4.236,3,False
2119,3.250013710695515,2.8036868137655224,2.8336309715304666,4.238,3,False
2120,3.2531116176960144,2.812391611222433,2.8486995199496548,4.24,3,False
2121,3.2562108681946325,2.8211418816068528,2.8638471888652735,4.242,3,False
2122,3.2593114590299535,2.8299377100634295,2.879074125955764,4.244,3,False
2123,3.262413387040562,2.8387791817368146,2.8943804788995733,4.246,3,False
2124,3.265516649065042,2.84766638177165,2.909766395375131,4.248,3,False
2125,3.2686212419419762,2.856599395312586,2.9252320230608837,4.25,3,False
2126,3.2717271625099524,2.865578307504271,2.940777509635275,4.252,3,False
2127,3.2748344076075537,2.8746032034913576,2.9564030027767507,4.2540000000000004,3,False
2128,3.277942974073364,2.883674168418486,2.97210865016374,4.256,3,False
2129,3.2810528587459684,2.892791287430308,2.9878945994746915,4.258,3,False
2130,3.2841640584639507,2.9019546456714713,3.0037609983880453,4.26,3,False
2131,3.287276570065898,2.9111643282866293,3.0197079945822516,4.2620000000000005,3,False
2132,3.290390390390391,2.9204204204204207,3.035735735735736,4.264,3,False
0,2.7810810810810813,0.12882882882882885,3.0309309309309316,0.0,4,False
1,2.7878960138565736,0.12786059047320023,3.0207212835192796,0.002,4,False
2,2.794677381053618,0.12691482080221922,3.0105501238895664,0.004,4,False
3,2.8014252507106803,0.12599146968942543,3.0004173870988655,0.006,4,False
4,2.8081396908662284,0.12509048700835868,2.990323008204253,0.008,4,False
5,2.814820769558732,0.12421182263255867,2.9802669222628073,0.01,4,False
6,2.821468554826655,0.12335542643556505,2.970249064331601,0.012,4,False
7,2.8280831147084675,0.12252124829091764,2.9602693694677122,0.014,4,False
8,2.834664517242637,0.12170923807215613,2.9503277727282176,0.016,4,False
9,2.841212830467629,0.12091934565282024,2.9404242091701898,0.018000000000000002,4,False
10,2.847728122421914,0.12015152090644972,2.9305586138507085,0.02,4,False
11,2.854210461143957,0.11940571370658425,2.920730921826848,0.022,4,False
12,2.8606599146722282,0.11868187392676363,2.9109410681556844,0.024,4,False
13,2.867076551045193,0.11797995144052753,2.9011889878942942,0.026000000000000002,4,False
14,2.87346043830132,0.11729989612141568,2.891474616099752,0.028,4,False
15,2.879811644479076,0.11664165784296782,2.8817978878291353,0.03,4,False
16,2.886130237616929,0.11600518647872365,2.8721587381395186,0.032,4,False
17,2.8924162857533475,0.11539043190222295,2.8625571020879805,0.034,4,False
18,2.898669856926797,0.11479734398700536,2.852992914731593,0.036000000000000004,4,False
19,2.9048910191757473,0.11422587260661068,2.843466111127435,0.038,4,False
20,2.9110798405386644,0.11367596763457864,2.833976626332582,0.04,4,False
21,2.917236389054017,0.11314757894444892,2.8245243954041106,0.042,4,False
22,2.923360732760273,0.11264065640976127,2.815109353399095,0.044,4,False
23,2.929452939695897,0.1121551499040554,2.8057314353746117,0.046,4,False
24,2.9355130778993592,0.111691009300871,2.796390576387737,0.048,4,False
25,2.941541215409128,0.11124818447374792,2.7870867114955478,0.05,4,False
26,2.947537420263668,0.11082662529622574,2.777819775755117,0.052000000000000005,4,False
27,2.953501760501449,0.11042628164184429,2.768589704223525,0.054,4,False
28,2.9594343041609386,0.11004710338414324,2.7593964319578443,0.056,4,False
29,2.965335119280604,0.10968904039666236,2.750239894015153,0.058,4,False
30,2.9712042738989113,0.10935204255294131,2.7411200254525254,0.06,4,False
31,2.97704183605433,0.10903605972651986,2.732036761327038,0.062,4,False
32,2.9828478737853272,0.10874104179093776,2.7229900366957676,0.064,4,False
33,2.9886224551303697,0.10846693861973468,2.713979786615789,0.066,4,False
34,2.9943656481279266,0.10821370008645043,2.7050059461441798,0.068,4,False
35,3.0000775208164634,0.1079812760646246,2.6960684503380135,0.07,4,True
36,3.005758141234449,0.10776961642779703,2.687167234254368,0.07200000000000001,4,False
37,3.0114075774203513,0.10757867104950739,2.678302232950319,0.074,4,False
38,3.0170258974126374,0.10740838980329542,2.669473381482941,0.076,4,False
39,3.022613169249775,0.10725872256270089,2.6606806149093125,0.078,4,False
40,3.02816946097023,0.10712961920126345,2.651923868286508,0.08,4,False
41,3.0336948406124735,0.10702102959252287,2.6432030766716035,0.082,4,False
42,3.03918937621497,0.10693290361001886,2.6345181751216753,0.084,4,False
43,3.0446531358161883,0.10686519112729115,2.6258690986937987,0.08600000000000001,4,False
44,3.0500861874545957,0.1068178420178795,2.617255782445051,0.088,4,False
45,3.05548859916866,0.10679080615532356,2.608678161432506,0.09,4,False
46,3.0608604389968495,0.10678403341316316,2.6001361707132427,0.092,4,False
47,3.0662017749776287,0.10679747366493789,2.591629745344333,0.094,4,False
48,3.07151267514947,0.10683107678418763,2.583158820382858,0.096,4,False
49,3.0767932075508373,0.106884792644452,2.574723330885889,0.098,4,False
50,3.082043440220198,0.10695857111927069,2.5663232119105035,0.1,4,False
51,3.0872634411960234,0.10705236208218356,2.5579583985137795,0.10200000000000001,4,False
52,3.092453278516778,0.10716611540673027,2.54962882575279,0.10400000000000001,4,False
53,3.0976130202209293,0.10729978096645053,2.541334428684613,0.106,4,False
54,3.1027427343469456,0.10745330863488406,2.533075142366324,0.108,4,False
55,3.1078424889332945,0.10762664828557059,2.5248509018549976,0.11,4,False
56,3.112912352018444,0.10781974979204988,2.5166616422077115,0.112,4,False
57,3.1179523916408605,0.10803256302786161,2.508507298481541,0.114,4,False
58,3.122962675839014,0.10826503786654555,2.5003878057335633,0.116,4,False
59,3.127943272651368,0.10851712418164139,2.492303099020852,0.11800000000000001,4,False
60,3.1328942501163937,0.10878877184668889,2.484253113400485,0.12,4,True
61,3.1378156762725586,0.10907993073522777,2.476237783929538,0.122,4,False
62,3.1427076191583265,0.10939055072079767,2.4682570456650845,0.124,4,False
63,3.14757014681217,0.10972058167693848,2.4603108336642046,0.126,4,False
64,3.1524033272725527,0.11006997347718976,2.4523990829839706,0.128,4,False
65,3.157207228577945,0.11043867599509134,2.4445217286814613,0.13,4,False
66,3.161981918766811,0.11082663910418288,2.43667870581375,0.132,4,False
67,3.1667274658776225,0.11123381267800421,2.428869949437916,0.134,4,False
68,3.1714439379488435,0.11166014659009489,2.421095394611031,0.136,4,False
69,3.1761314030189456,0.11210559071399484,2.4133549763901754,0.138,4,False
70,3.1807899291263912,0.1125700949232436,2.405648629832422,0.14,4,False
71,3.1854195843096527,0.11305360909138104,2.3979762899948485,0.14200000000000002,4,False
72,3.1900204366071927,0.11355608309194677,2.3903378919345286,0.14400000000000002,4,False
73,3.1945925540574853,0.11407746679848066,2.382733370708543,0.146,4,False
74,3.1991360046989934,0.1146177100845223,2.375162661373963,0.148,4,False
75,3.203650856570184,0.11517676282361144,2.3676256989878657,0.15,4,False
76,3.2081371777095278,0.11575457488928788,2.360122418607328,0.152,4,False
77,3.2125950361554896,0.11635109615509127,2.352652755289425,0.154,4,False
78,3.2170244999465396,0.11696627649456139,2.3452166440912343,0.156,4,False
79,3.221425637121144,0.11760006578123791,2.3378140200698296,0.158,4,False
80,3.225798515717769,0.1182524138886606,2.330444818282288,0.16,4,False
81,3.2301432037748845,0.11892327069036916,2.323108973785686,0.162,4,False
82,3.2344597693309574,0.11961258605990335,2.315806421637099,0.164,4,False
83,3.2387482804244536,0.1203203098708028,2.3085370968936014,0.166,4,False
84,3.2430088050938437,0.12104639199660737,2.3013009346122724,0.168,4,False
85,3.2472414113775923,0.12179078231085669,2.2940978698501846,0.17,4,True
86,3.2514461673141697,0.12255343068709056,2.2869278376644178,0.17200000000000001,4,False
87,3.2556231409420415,0.12333428699884863,2.2797907731120444,0.17400000000000002,4,False
88,3.2597724002996755,0.12413330111967066,2.2726866112501423,0.176,4,False
89,3.2638940134255403,0.12495042292309638,2.2656152871357866,0.178,4,False
90,3.2679880483581027,0.12578560228266553,2.2585767358260544,0.18,4,False
91,3.27205457313583,0.12663878907191778,2.2515708923780204,0.182,4,False
92,3.2760936557971907,0.12750993316439294,2.2445976918487607,0.184,4,False
93,3.2801053643806513,0.1283989844336306,2.2376570692953517,0.186,4,False
94,3.2840897669246814,0.1293058927531707,2.2307489597748704,0.188,4,False
95,3.2880469314677456,0.13023060799655276,2.223873298344391,0.19,4,False
96,3.291976926048313,0.13117308003731656,2.2170300200609905,0.192,4,False
97,3.2958798187048526,0.13213325874900192,2.210219059981744,0.194,4,False
98,3.2997556774758294,0.13311109400514848,2.203440353163728,0.196,4,False
99,3.303604570399713,0.13410653567929595,2.1966938346640195,0.198,4,False
100,3.3074265655149695,0.13511953364498414,2.1899794395396923,0.2,4,False
101,3.3112217308600673,0.13615003777575266,2.183297102847824,0.202,4,False
102,3.314990134473473,0.13719799794514134,2.1766467596454904,0.20400000000000001,4,False
103,3.3187318443936564,0.13826336402668984,2.1700283449897677,0.20600000000000002,4,False
104,3.322446928659082,0.13934608589393793,2.16344179393773,0.20800000000000002,4,False
105,3.3261354553082203,0.1404461134204253,2.1568870415464554,0.21,4,False
106,3.3297974923795373,0.14156339647969174,2.150364022873019,0.212,4,False
107,3.3334331079115005,0.14269788494527683,2.1438726729744966,0.214,4,False
108,3.3370423699425777,0.14384952869072046,2.1374129269079645,0.216,4,False
109,3.3406253465112377,0.14501827758956232,2.1309847197304994,0.218,4,False
110,3.3441821056559458,0.14620408151534206,2.1245879864991757,0.22,4,True
111,3.347712715415172,0.14740689034159946,2.1182226622710707,0.222,4,False
112,3.3512172438273806,0.14862665394187424,2.1118886821032588,0.224,4,False
113,3.3546957589310438,0.14986332218970613,2.105585981052818,0.226,4,False
114,3.358148328764624,0.15111684495863484,2.0993144941768227,0.228,4,False
115,3.3615750213665936,0.1523871721222001,2.09307415653235,0.23,4,False
116,3.3649759047754166,0.1536742535539416,2.0868649031764748,0.232,4,False
117,3.3683510470295634,0.15497803912739921,2.0806866691662744,0.234,4,False
118,3.3717005161674987,0.15629847871611247,2.0745393895588236,0.23600000000000002,4,False
119,3.375024380227692,0.15763552219362117,2.0684229994111982,0.23800000000000002,4,False
120,3.37832270724861,0.15898911943346505,2.062337433780475,0.24,4,False
121,3.3815955652687206,0.16035922030918393,2.05628262772373,0.242,4,False
122,3.3848430223264914,0.16174577469431736,2.0502585162980385,0.244,4,False
123,3.3880651464603906,0.1631487324624052,2.044265034560477,0.246,4,False
124,3.3912620057088847,0.1645680434869871,2.038302117568121,0.248,4,False
125,3.394433668110442,0.1660036576416028,2.0323697003780476,0.25,4,False
126,3.3975802017035295,0.167455524799792,2.026467718047331,0.252,4,False
127,3.400701674526615,0.16892359483509453,2.0205961056330484,0.254,4,False
128,3.4037981546181673,0.17040781762105003,2.0147547981922758,0.256,4,False
129,3.4068697100166516,0.1719081430311982,2.0089437307820885,0.258,4,False
130,3.4099164087605374,0.17342452093907892,2.003162838459563,0.26,4,False
131,3.4129383188882914,0.1749569012182317,1.997412056281775,0.262,4,False
132,3.415935508438382,0.1765052337421964,1.991691319305801,0.264,4,False
133,3.4189080454492746,0.17806946838451274,1.986000562588716,0.266,4,False
134,3.4218559979594385,0.17964955501872037,1.9803397211875966,0.268,4,False
135,3.424779434007343,0.1812454435183591,1.9747087301595192,0.27,4,True
136,3.427678421631453,0.18285708375696866,1.9691075245615586,0.272,4,False
137,3.4305530288702353,0.18448442560808867,1.9635360394507915,0.274,4,False
138,3.433403323762161,0.18612741894525897,1.9579942098842944,0.276,4,False
139,3.436229374345695,0.18778601364201922,1.9524819709191423,0.278,4,False
140,3.4390312486593055,0.18946015957190915,1.9469992576124113,0.28,4,False
141,3.4418090147414597,0.1911498066084685,1.9415460050211775,0.28200000000000003,4,False
142,3.444562740630626,0.19285490462523705,1.9361221482025177,0.28400000000000003,4,False
143,3.4472924943652723,0.19457540349575445,1.9307276222135072,0.28600000000000003,4,False
144,3.4499983439838653,0.19631125309356043,1.9253623621112212,0.28800000000000003,4,False
145,3.4526803575248723,0.1980624032921947,1.9200263029527367,0.29,4,False
146,3.4553386030267608,0.19982880396519706,1.9147193797951294,0.292,4,False
147,3.457973148528,0.20161040498610724,1.9094415276954755,0.294,4,False
148,3.4605840620670563,0.20340715622846484,1.9041926817108505,0.296,4,False
149,3.4631714116823966,0.20521900756580969,1.8989727768983302,0.298,4,False
150,3.4657352654124907,0.2070459088716816,1.8937817483149917,0.3,4,False
151,3.4682756912958035,0.20888781001962006,1.8886195310179104,0.302,4,False
152,3.470792757370805,0.21074466088316499,1.8834860600641616,0.304,4,False
153,3.47328653167596,0.212616411335856,1.8783812705108214,0.306,4,False
154,3.475757082249738,0.21450301125123286,1.873305097414967,0.308,4,False
155,3.478204477130607,0.21640441050283535,1.8682574758336727,0.31,4,False
156,3.480628784357034,0.21832055896420313,1.863238340824016,0.312,4,False
157,3.4830300719674865,0.22025140650887598,1.8582476274430724,0.314,4,False
158,3.485408408000431,0.22219690301039355,1.853285270747917,0.316,4,False
159,3.4877638604943364,0.2241569983422956,1.8483512057956266,0.318,4,False
160,3.49009649748767,0.22613164237812186,1.843445367643277,0.32,4,True
161,3.4924063870188986,0.2281207849914121,1.8385676913479443,0.322,4,False
162,3.4946935971264916,0.23012437605570593,1.8337181119667039,0.324,4,False
163,3.496958195848915,0.23214236544454317,1.8288965645566329,0.326,4,False
164,3.4992002512246367,0.23417470303146354,1.8241029841748062,0.328,4,False
165,3.5014198312921243,0.23622133869000675,1.8193373058782996,0.33,4,False
166,3.503617004089846,0.23828222229371246,1.8145994647241903,0.332,4,False
167,3.505791837656269,0.2403573037161206,1.8098893957695537,0.334,4,False
168,3.507944400029861,0.24244653283077067,1.805207034071465,0.336,4,False
169,3.5100747592490884,0.24454985951120245,1.8005523146870015,0.338,4,False
170,3.5121829833524205,0.24666723363095572,1.7959251726732384,0.34,4,False
171,3.5142691403783237,0.24879860506357024,1.7913255430872517,0.342,4,False
172,3.5163332983652658,0.2509439236825856,1.7867533609861173,0.34400000000000003,4,False
173,3.518375525351714,0.25310313936154166,1.7822085614269114,0.34600000000000003,4,False
174,3.5203958893761373,0.25527620197397805,1.77769107946671,0.34800000000000003,4,False
175,3.5223944584770024,0.25746306139343456,1.7732008501625889,0.35000000000000003,4,False
176,3.5243713006927773,0.2596636674934509,1.768737808571625,0.352,4,False
177,3.5263264840619275,0.2618779701475667,1.7643018897508917,0.354,4,False
178,3.528260076622924,0.26410591922932186,1.7598930287574683,0.356,4,False
179,3.530172146414231,0.26634746461225595,1.7555111606484275,0.358,4,False
180,3.5320627614743185,0.26860255616990886,1.7511562204808486,0.36,4,False
181,3.533931989841652,0.2708711437758201,1.7468281433118045,0.362,4,False
182,3.5357798995547034,0.2731531773035297,1.7425268641983738,0.364,4,False
183,3.5376065586519334,0.275448606626577,1.73825231819763,0.366,4,False
184,3.5394120351718166,0.27775738161850216,1.7340044403666517,0.368,4,False
185,3.541196397152815,0.2800794521528445,1.7297831657625122,0.37,4,True
186,3.542959712633402,0.282414768103144,1.72558842944229,0.372,4,False
187,3.544702049652037,0.28476327934294016,1.7214201664630586,0.374,4,False
188,3.546423476247196,0.287124935745773,1.7172783118818962,0.376,4,False
189,3.54812406045734,0.28949968718518193,1.7131628007558766,0.378,4,False
190,3.5498038703209422,0.291887483534707,1.7090735681420788,0.38,4,False
191,3.551462973876464,0.29428827466788776,1.7050105490975749,0.382,4,False
192,3.5531014391623796,0.2967020104582639,1.7009736786794447,0.384,4,False
193,3.554719334217151,0.29912864077937523,1.6969628919447606,0.386,4,False
194,3.556316727079251,0.3015681155047614,1.692978123950602,0.388,4,False
195,3.5578936857871413,0.3040203845079623,1.6890193097540416,0.39,4,False
196,3.5594502783792956,0.3064853976625174,1.6850863844121589,0.392,4,False
197,3.560986572894175,0.30896310484196654,1.681179282982026,0.394,4,False
198,3.5625026373702533,0.3114534559198497,1.6772979405207222,0.396,4,False
199,3.5639985398459926,0.31395640076970605,1.6734422920853211,0.398,4,False
200,3.5654743483598663,0.31647188926507586,1.6696122727329006,0.4,4,False
201,3.566930130950335,0.3189998712794985,1.665807817520535,0.402,4,False
202,3.5683659556558736,0.32154029668651396,1.6620288615053023,0.404,4,False
203,3.569781890514944,0.3240931153596618,1.6582753397442753,0.406,4,False
204,3.5711780035660174,0.32665827717248175,1.6545471872945332,0.40800000000000003,4,False
205,3.572554362847557,0.32923573199851347,1.6508443392131493,0.41000000000000003,4,False
206,3.573911036398037,0.33182542971129697,1.6471667305572029,0.41200000000000003,4,False
207,3.5752480922559178,0.33442732018437166,1.6435142963837663,0.41400000000000003,4,False
208,3.5765655984596743,0.3370413532912775,1.639886971749918,0.41600000000000004,4,False
209,3.577863623047766,0.33966747890555393,1.6362846917127327,0.418,4,False
210,3.5791422340586676,0.342305646900741,1.632707391329287,0.42,4,True
211,3.580401499530843,0.3449558071503783,1.629155005656657,0.422,4,False
212,3.5816414875027602,0.3476179095280054,1.6256274697519175,0.424,4,False
213,3.582862266012887,0.3502919039071623,1.622124718672146,0.426,4,False
214,3.584063903099692,0.35297774016138866,1.6186466874744176,0.428,4,False
215,3.585246466801641,0.35567536816422407,1.6151933112158083,0.43,4,False
216,3.586410025157203,0.3583847377892083,1.6117645249533945,0.432,4,False
217,3.587554646204844,0.3611057989098811,1.6083602637442513,0.434,4,False
218,3.5886803979830333,0.36383850139978224,1.6049804626454556,0.436,4,False
219,3.5897873485302365,0.3665827951324514,1.601625056714083,0.438,4,False
220,3.5908755658849247,0.36933862998142825,1.59829398100721,0.44,4,False
221,3.5919451180855617,0.3721059558202527,1.5949871705819112,0.442,4,False
222,3.5929960731706174,0.3748847225224642,1.5917045604952642,0.444,4,False
223,3.5940284991785583,0.37767487996160276,1.588446085804344,0.446,4,False
224,3.5950424641478524,0.38047637801120787,1.5852116815662267,0.448,4,False
225,3.596038036116967,0.3832891665448195,1.5820012828379884,0.45,4,False
226,3.5970152831243696,0.3861131954359772,1.578814824676705,0.452,4,False
227,3.597974273208528,0.3889484145582206,1.5756522421394528,0.454,4,False
228,3.59891507440791,0.39179477378508976,1.572513470283307,0.456,4,False
229,3.599837754760983,0.3946522229901241,1.5693984441653446,0.458,4,False
230,3.6007423823062137,0.3975207120468634,1.5663070988426409,0.46,4,False
231,3.601629025082071,0.40040019082884737,1.5632393693722713,0.462,4,False
232,3.6024977511270215,0.40329060920961596,1.5601951908113134,0.464,4,False
233,3.6033486284795346,0.4061919170627087,1.557174498216842,0.466,4,False
234,3.604181725178076,0.40910406426166535,1.5541772266459333,0.468,4,False
235,3.604997109261113,0.4120270006800256,1.551203311155663,0.47000000000000003,4,True
236,3.6057948487671143,0.4149606761913292,1.5482526868031072,0.47200000000000003,4,False
237,3.606575011734547,0.4179050406691159,1.5453252886453426,0.47400000000000003,4,False
238,3.607337666201879,0.42086004398692545,1.5424210517394443,0.47600000000000003,4,False
239,3.608082880207578,0.4238256360182975,1.5395399111424886,0.47800000000000004,4,False
240,3.608810721790111,0.4268017666367717,1.5366818019115511,0.48,4,False
241,3.609521258987946,0.4297883857158882,1.5338466591037088,0.482,4,False
242,3.6102145598395503,0.43278544312918626,1.5310344177760369,0.484,4,False
243,3.610890692383392,0.43579288875020566,1.5282450129856113,0.486,4,False
244,3.6115497246579378,0.4388106724524863,1.5254783797895077,0.488,4,False
245,3.612191724701656,0.44183874410956797,1.5227344532448033,0.49,4,False
246,3.612816760553014,0.44487705359499014,1.520013168408573,0.492,4,False
247,3.613424900250478,0.4479255507822926,1.5173144603378925,0.494,4,False
248,3.6140162118325185,0.45098418554501524,1.514638264089839,0.496,4,False
249,3.614590763337601,0.45405290775669754,1.5119845147214872,0.498,4,False
250,3.615148622804194,0.4571316672908796,1.5093531472899144,0.5,4,False
251,3.615689858270764,0.46022041402110075,1.5067440968521955,0.502,4,False
252,3.61621453777578,0.4633190978209008,1.5041572984654064,0.504,4,False
253,3.616722729357708,0.4664276685638196,1.5015926871866243,0.506,4,False
254,3.6172145010550163,0.46954607612339694,1.499050198072924,0.508,4,False
255,3.6176899209061726,0.4726742703731724,1.496529766181382,0.51,4,False
256,3.6181490569496453,0.47581220118668577,1.4940313265690741,0.512,4,False
257,3.618591977223901,0.47895981843747665,1.491554814293076,0.514,4,False
258,3.6190187497674056,0.4821170719990848,1.4891001644104638,0.516,4,False
259,3.6194294426186286,0.48528391174505003,1.4866673119783138,0.518,4,False
260,3.619824123816039,0.4884602875489122,1.4842561920537016,0.52,4,True
261,3.6202028613981025,0.49164614928421063,1.4818667396937035,0.522,4,False
262,3.620565723403287,0.4948414468244855,1.4794988899553954,0.524,4,False
263,3.620912777870059,0.4980461300432763,1.4771525778958532,0.526,4,False
264,3.6212440928368883,0.5012601488141226,1.474827738572153,0.528,4,False
265,3.62155973634224,0.5044834530105645,1.4725243070413707,0.53,4,False
266,3.6218597764245843,0.5077159925061415,1.4702422183605819,0.532,4,False
267,3.622144281122387,0.5109577171743934,1.4679814075868631,0.534,4,False
268,3.6224133184741163,0.5142085768888598,1.4657418097772899,0.536,4,False
269,3.6226669565182394,0.5174685215230806,1.4635233599889383,0.538,4,False
270,3.6229052632932235,0.5207375009505953,1.461325993278885,0.54,4,False
271,3.6231283068375375,0.5240154650449439,1.459149644704205,0.542,4,False
272,3.623336155189648,0.527302363679666,1.456994249321975,0.544,4,False
273,3.6235288763880233,0.5305981467283012,1.4548597421892704,0.546,4,False
274,3.6237065384711293,0.5339027640643895,1.4527460583631673,0.548,4,False
275,3.623869209477435,0.5372161655614702,1.4506531329007415,0.55,4,False
276,3.6240169574454084,0.5405383010930835,1.4485809008590695,0.552,4,False
277,3.624149850413517,0.5438691205327688,1.4465292972952268,0.554,4,False
278,3.6242679564202263,0.5472085737540661,1.4444982572662897,0.556,4,False
279,3.6243713435040057,0.5505566106305148,1.442487715829334,0.558,4,False
280,3.6244600797033226,0.5539131810356549,1.440497608041436,0.56,4,False
281,3.6245342330566452,0.5572782348430261,1.4385278689596717,0.562,4,False
282,3.62459387160244,0.5606517219261676,1.436578433641116,0.5640000000000001,4,False
283,3.6246390633791754,0.5640335921586201,1.4346492371428463,0.5660000000000001,4,False
284,3.624669876425317,0.5674237954139226,1.4327402145219374,0.5680000000000001,4,False
285,3.6246863787793346,0.570822281565615,1.4308513008354662,0.5700000000000001,4,True
286,3.624688638479695,0.5742290004872371,1.4289824311405082,0.5720000000000001,4,False
287,3.624676723564866,0.5776439020523285,1.4271335404941392,0.5740000000000001,4,False
288,3.624650702073314,0.581066936134429,1.4253045639534354,0.5760000000000001,4,False
289,3.6246106420435096,0.5844980526070782,1.423495436575473,0.578,4,False
290,3.6245566115139156,0.5879372013438161,1.4217060934173273,0.58,4,False
291,3.6244886785230044,0.5913843322181824,1.4199364695360757,0.582,4,False
292,3.62440691110924,0.5948393951037165,1.418186499988792,0.584,4,False
293,3.6243113773110935,0.5983023398739585,1.4164561198325545,0.586,4,False
294,3.624202145167028,0.6017731164024479,1.414745264124437,0.588,4,False
295,3.6240792827155155,0.6052516745627246,1.4130538679215172,0.59,4,False
296,3.6239428579950195,0.6087379642283278,1.4113818662808697,0.592,4,False
297,3.6237929390440113,0.6122319352727981,1.409729194259572,0.594,4,False
298,3.6236295939009557,0.6157335375696743,1.4080957869146984,0.596,4,False
299,3.623452890604323,0.6192427209924971,1.4064815793033265,0.598,4,False
300,3.6232628971925784,0.6227594354148053,1.4048865064825309,0.6,4,False
301,3.623059681704191,0.6262836307101393,1.4033105035093887,0.602,4,False
302,3.6228433121776256,0.6298152567520383,1.4017535054409744,0.604,4,False
303,3.622613856651354,0.6333542634140426,1.4002154473343662,0.606,4,False
304,3.62237138316384,0.6369006005696913,1.398696264246637,0.608,4,False
305,3.6221159597535535,0.6404542180925247,1.397195891234866,0.61,4,False
306,3.62184765445896,0.6440150658560819,1.3957142633561266,0.612,4,False
307,3.621566535318531,0.6475830937339034,1.3942513156674972,0.614,4,False
308,3.621272670370729,0.6511582515995282,1.3928069832260512,0.616,4,False
309,3.6209661276540257,0.6547404893264968,1.3913812010888669,0.618,4,False
310,3.6206469752068857,0.6583297567883479,1.389973904313018,0.62,4,True
311,3.6203152810677808,0.6619260038586222,1.388585027955583,0.622,4,False
312,3.6199711132751715,0.6655291804108587,1.387214507073635,0.624,4,False
313,3.619614539867533,0.6691392363185976,1.3858622767242528,0.626,4,False
314,3.619245628883328,0.6727561214553786,1.38452827196451,0.628,4,False
315,3.6188644483610264,0.676379785694741,1.383212427851485,0.63,4,False
316,3.618471066339093,0.680010178910225,1.3819146794422508,0.632,4,False
317,3.6180655508559996,0.6836472509753702,1.3806349617938867,0.634,4,False
318,3.617647969950209,0.687290951763716,1.3793732099634652,0.636,4,False
319,3.6172183916601943,0.6909412311488027,1.3781293590080657,0.638,4,False
320,3.616776884024417,0.6945980390041695,1.376903343984761,0.64,4,False
321,3.6163235150813504,0.6982613252033565,1.37569509995063,0.642,4,False
322,3.6158583528694574,0.7019310396199032,1.374504561962746,0.644,4,False
323,3.6153814654272094,0.7056071321273496,1.3733316650781877,0.646,4,False
324,3.61489292079307,0.7092895525992349,1.372176344354028,0.648,4,False
325,3.6143927870055097,0.7129782509090993,1.3710385348473455,0.65,4,False
326,3.6138811321029953,0.7166731769304824,1.3699181716152142,0.652,4,False
327,3.613358024123995,0.7203742805369239,1.3688151897147123,0.654,4,False
328,3.6128235311069745,0.7240815116019634,1.367729524202913,0.656,4,False
329,3.612277721090405,0.7277948199991411,1.3666611101368955,0.658,4,False
330,3.6117206621127482,0.731514155601996,1.3656098825737322,0.66,4,False
331,3.611152422212479,0.7352394682840684,1.3645757765705027,0.662,4,False
332,3.610573069428057,0.7389707079188977,1.3635587271842797,0.664,4,False
333,3.6099826717979577,0.7427078243800239,1.3625586694721417,0.666,4,False
334,3.6093812973606427,0.7464507675409867,1.3615755384911625,0.668,4,False
335,3.608769014154584,0.7501994872753255,1.3606092692984202,0.67,4,True
336,3.608145890218243,0.7539539334565799,1.359659796950989,0.672,4,False
337,3.6075119935900952,0.7577140559582908,1.3587270565059464,0.674,4,False
338,3.606867392308601,0.7614798046539963,1.3578109830203666,0.676,4,False
339,3.6062121544122343,0.7652511294172373,1.3569115115513277,0.678,4,False
340,3.605546347939456,0.7690279801215528,1.3560285771559035,0.68,4,False
341,3.604870040928741,0.7728103066404833,1.3551621148911723,0.682,4,False
342,3.60418330141855,0.7765980588475679,1.354312059814207,0.684,4,False
343,3.6034861974473564,0.7803911866163465,1.353478346982087,0.686,4,False
344,3.6027787970536225,0.7841896398203588,1.3526609114518857,0.6880000000000001,4,False
345,3.60206116827582,0.7879933683331446,1.3518596882806806,0.6900000000000001,4,False
346,3.6013333791524147,0.7918023220282437,1.3510746125255464,0.6920000000000001,4,False
347,3.6005954977218746,0.7956164507791957,1.3503056192435605,0.6940000000000001,4,False
348,3.599847592022666,0.7994357044595404,1.3495526434917975,0.6960000000000001,4,False
349,3.5990897300932594,0.8032600329428173,1.348815620327335,0.6980000000000001,4,False
350,3.598321979972118,0.8070893861025662,1.3480944848072467,0.7000000000000001,4,False
351,3.5975444096977145,0.810923713812327,1.3473891719886106,0.7020000000000001,4,False
352,3.596757087308512,0.8147629659456392,1.3466996169285015,0.704,4,False
353,3.5959600808429806,0.8186070923760428,1.346025754683996,0.706,4,False
354,3.5951534583395874,0.8224560429770774,1.3453675203121698,0.708,4,False
355,3.5943372878367996,0.826309767622283,1.344724848870099,0.71,4,False
356,3.5935116373730853,0.8301682161851988,1.3440976754148592,0.712,4,False
357,3.5926765749869114,0.8340313385393647,1.3434859350035273,0.714,4,False
358,3.591832168716746,0.8378990845583206,1.3428895626931783,0.716,4,False
359,3.590978486601057,0.8417714041156061,1.3423084935408882,0.718,4,False
360,3.5901155966783103,0.845648247084761,1.3417426626037336,0.72,4,True
361,3.5892435669869753,0.8495295633393251,1.3411920049387902,0.722,4,False
362,3.5883624655655195,0.8534153027528377,1.340656455603134,0.724,4,False
363,3.587472360452409,0.857305415198839,1.3401359496538403,0.726,4,False
364,3.5865733196861123,0.8611998505508686,1.3396304221479864,0.728,4,False
365,3.5856654113050976,0.8650985586824661,1.339139808142647,0.73,4,False
366,3.584748703347832,0.8690014894671713,1.338664042694899,0.732,4,False
367,3.5838232638527825,0.8729085927785238,1.3382030608618178,0.734,4,False
368,3.582889160858417,0.8768198184900639,1.33775679770048,0.736,4,False
369,3.581946462403204,0.8807351164753303,1.3373251882679607,0.738,4,False
370,3.58099523652561,0.8846544366078638,1.3369081676213366,0.74,4,False
371,3.5800355512641016,0.8885777287612032,1.3365056708176826,0.742,4,False
372,3.579067474657149,0.8925049428088891,1.3361176329140763,0.744,4,False
373,3.578091074743217,0.8964360286244604,1.3357439889675922,0.746,4,False
374,3.5771064195607756,0.9003709360814575,1.3353846740353073,0.748,4,False
375,3.5761135771482913,0.9043096150534196,1.335039623174297,0.75,4,False
376,3.5751126155442323,0.9082520154138868,1.3347087714416377,0.752,4,False
377,3.5741036027870643,0.9121980870363987,1.334392053894405,0.754,4,False
378,3.5730866069152567,0.9161477797944947,1.3340894055896746,0.756,4,False
379,3.5720616959672764,0.9201010435617154,1.3338007615845233,0.758,4,False
380,3.571028937981592,0.9240578282115995,1.3335260569360265,0.76,4,False
381,3.56998840099667,0.9280180836176877,1.3332652267012606,0.762,4,False
382,3.5689401530509772,0.9319817596535188,1.3330182059373008,0.764,4,False
383,3.5678842621829827,0.935948806192633,1.3327849297012238,0.766,4,False
384,3.566820796431154,0.9399191731085699,1.332565333050105,0.768,4,False
385,3.5657498238339573,0.9438928102748695,1.332359351041021,0.77,4,True
386,3.5646714124298615,0.947869667565071,1.3321669187310472,0.772,4,False
387,3.5635856302573337,0.9518496948527146,1.3319879711772602,0.774,4,False
388,3.562492545354842,0.9558328420113399,1.3318224434367352,0.776,4,False
389,3.5613922257608532,0.9598190589144868,1.3316702705665489,0.778,4,False
390,3.5602847395138353,0.9638082954356948,1.3315313876237769,0.78,4,False
391,3.5591701546522554,0.9678005014485035,1.331405729665495,0.782,4,False
392,3.5580485392145826,0.9717956268264525,1.3312932317487796,0.784,4,False
393,3.5569199612392817,0.975793621443082,1.3311938289307064,0.786,4,False
394,3.5557844887648224,0.9797944351719317,1.3311074562683514,0.788,4,False
395,3.5546421898296723,0.9837980178865409,1.3310340488187904,0.79,4,False
396,3.5534931324722985,0.9878043194604499,1.3309735416391,0.792,4,False
397,3.5523373847311683,0.9918132897671977,1.3309258697863555,0.794,4,False
398,3.551175014644749,0.9958248786803245,1.3308909683176333,0.796,4,False
399,3.5500060902515087,0.9998390360733701,1.3308687722900088,0.798,4,False
400,3.548830679589916,1.0038557118198743,1.3308592167605586,0.8,4,False
401,3.5476488506984367,1.0078748557933763,1.3308622367863585,0.802,4,False
402,3.546460671615539,1.0118964178674164,1.3308777674244845,0.804,4,False
403,3.5452662103796917,1.0159203479155334,1.330905743732012,0.806,4,False
404,3.5440655350293606,1.0199465958112686,1.3309461007660182,0.808,4,False
405,3.5428587136030134,1.0239751114281601,1.330998773583578,0.81,4,False
406,3.5416458141391196,1.0280058446397486,1.3310636972417675,0.812,4,False
407,3.5404269046761434,1.0320387453195736,1.3311408067976631,0.8140000000000001,4,False
408,3.5392020532525565,1.0360737633411747,1.3312300373083406,0.8160000000000001,4,False
409,3.5379713279068223,1.0401108485780917,1.3313313238308755,0.8180000000000001,4,False
410,3.5367347966774116,1.0441499509038643,1.3314446014223442,0.8200000000000001,4,True
411,3.535492527602791,1.0481910201920326,1.3315698051398233,0.8220000000000001,4,False
412,3.534244588721427,1.0522340063161353,1.3317068700403876,0.8240000000000001,4,False
413,3.532991048071788,1.0562788591497134,1.3318557311811134,0.8260000000000001,4,False
414,3.531731973692343,1.0603255285663056,1.3320163236190772,0.8280000000000001,4,False
415,3.5304674336215567,1.0643739644394525,1.3321885824113546,0.8300000000000001,4,False
416,3.5291974958979,1.0684241166426933,1.3323724426150219,0.8320000000000001,4,False
417,3.5279222285598366,1.0724759350495674,1.3325678392871545,0.834,4,False
418,3.5266416996458374,1.076529369533615,1.3327747074848286,0.836,4,False
419,3.5253559771943683,1.0805843699683764,1.3329929822651205,0.838,4,False
420,3.524065129243898,1.0846408862273904,1.3332225986851056,0.84,4,False
421,3.522769223832893,1.0886988681841967,1.3334634918018604,0.842,4,False
422,3.521468328999822,1.0927582657123358,1.333715596672461,0.844,4,False
423,3.5201625127831497,1.0968190286853465,1.333978848353982,0.846,4,False
424,3.518851843221347,1.1008811069767694,1.334253181903501,0.848,4,False
425,3.5175363883528807,1.1049444504601436,1.3345385323780934,0.85,4,False
426,3.516216216216217,1.1090090090090094,1.3348348348348353,0.852,4,False
427,3.5148913948498253,1.1130747324969055,1.335142024330802,0.854,4,False
428,3.5135619922921726,1.117141570797373,1.3354600359230706,0.856,4,False
429,3.5122280765817253,1.1212094737839504,1.335788804668716,0.858,4,False
430,3.5108897157569534,1.1252783913301785,1.3361282656248148,0.86,4,False
431,3.509546977856321,1.1293482733095956,1.3364783538484426,0.862,4,False
432,3.5081999309182983,1.1334190695957433,1.3368390043966758,0.864,4,False
433,3.5068486429813515,1.1374907300621595,1.3372101523265898,0.866,4,False
434,3.50549318208395,1.1415632045823854,1.3375917326952613,0.868,4,False
435,3.5041336162645598,1.1456364430299597,1.3379836805597658,0.87,4,True
436,3.5027700135616495,1.1497103952784224,1.3383859309771793,0.872,4,False
437,3.501402442013686,1.153785011201314,1.338798419004578,0.874,4,False
438,3.5000309696591367,1.1578602406721727,1.3392210796990376,0.876,4,False
439,3.4986556645364693,1.1619360335645397,1.339653848117634,0.878,4,False
440,3.497276594684152,1.166012339751954,1.3400966593174435,0.88,4,False
441,3.4958938281406513,1.1700891091079553,1.3405494483555418,0.882,4,False
442,3.4945074329444363,1.1741662915060833,1.3410121502890053,0.884,4,False
443,3.493117477133972,1.1782438368198775,1.3414847001749088,0.886,4,False
444,3.4917240287477287,1.182321694922879,1.3419670330703302,0.888,4,False
445,3.4903271558241724,1.1863998156886262,1.3424590840323438,0.89,4,False
446,3.4889269264017724,1.190478148990659,1.3429607881180263,0.892,4,False
447,3.487523408518994,1.1945566447025173,1.3434720803844538,0.894,4,False
448,3.4861166702143067,1.198635252697741,1.3439928958887017,0.896,4,False
449,3.484706779526176,1.2027139228498696,1.3445231696878468,0.898,4,False
450,3.4832938044930724,1.2067926050324425,1.3450628368389637,0.9,4,False
451,3.4818778131534605,1.2108712491190001,1.3456118323991297,0.902,4,False
452,3.4804588735458104,1.214949804983082,1.3461700914254204,0.904,4,False
453,3.479037053708586,1.219028222498227,1.3467375489749114,0.906,4,False
454,3.4776124216802597,1.2231064515379761,1.347314140104679,0.908,4,False
455,3.4761850454992955,1.2271844419758686,1.3478997998717994,0.91,4,False
456,3.474754993204163,1.231262143685444,1.3484944633333484,0.912,4,False
457,3.4733223328333285,1.2353395065402422,1.3490980655464015,0.914,4,False
458,3.47188713242526,1.239416480413803,1.3497105415680353,0.916,4,False
459,3.4704494600184246,1.2434930151796653,1.3503318264553252,0.918,4,False
460,3.469009383651292,1.2475690607113703,1.350961855265348,0.92,4,True
461,3.4675669713623263,1.2516445668824567,1.3516005630551784,0.922,4,False
462,3.4661222911899983,1.2557194835664642,1.3522478848818937,0.924,4,False
463,3.4646754111727724,1.259793760636933,1.3529037558025692,0.926,4,False
464,3.4632263993491197,1.2638673479674025,1.3535681108742805,0.928,4,False
465,3.461775323757505,1.2679401954314127,1.3542408851541046,0.93,4,False
466,3.4603222524363986,1.2720122529025035,1.354922013699117,0.932,4,False
467,3.4588672534242644,1.2760834702542136,1.3556114315663932,0.934,4,False
468,3.4574103947595733,1.2801537973600843,1.3563090738130101,0.936,4,False
469,3.455951744480791,1.2842231840936535,1.3570148754960425,0.9380000000000001,4,False
470,3.4544913706263856,1.2882915803284625,1.3577287716725674,0.9400000000000001,4,False
471,3.4530293412348243,1.2923589359380498,1.35845069739966,0.9420000000000001,4,False
472,3.451565724344576,1.2964252007959562,1.3591805877343968,0.9440000000000001,4,False
473,3.450100587994107,1.3004903247757211,1.3599183777338537,0.9460000000000001,4,False
474,3.448634000221886,1.3045542577508837,1.3606640024551067,0.9480000000000001,4,False
475,3.4471660290663784,1.3086169495949844,1.3614173969552315,0.9500000000000001,4,False
476,3.4456967425660543,1.3126783501815629,1.3621784962913044,0.9520000000000001,4,False
477,3.444226208759379,1.3167384093841583,1.3629472355204009,0.9540000000000001,4,False
478,3.442754495684823,1.3207970770763104,1.3637235496995976,0.9560000000000001,4,False
479,3.4412816713808505,1.3248543031315594,1.3645073738859699,0.9580000000000001,4,False
480,3.4398078038859317,1.3289100374234448,1.3652986431365943,0.96,4,False
481,3.438332961238533,1.3329642298255062,1.3660972925085462,0.962,4,False
482,3.4368572114771228,1.3370168302112841,1.3669032570589024,0.964,4,False
483,3.435380622640167,1.3410677884543172,1.3677164718447374,0.966,4,False
484,3.4339032627661346,1.3451170544281459,1.368536871923129,0.968,4,False
485,3.4324251998934923,1.349164578006309,1.369364392351152,0.97,4,True
486,3.4309465020607086,1.3532103090623475,1.3701989681858824,0.972,4,False
487,3.4294672373062505,1.3572541974698005,1.3710405344843966,0.974,4,False
488,3.4279874736685865,1.3612961931022074,1.3718890263037704,0.976,4,False
489,3.426507279186182,1.3653362458331086,1.3727443787010798,0.978,4,False
490,3.425026721897507,1.3693743055360434,1.3736065267334008,0.98,4,False
491,3.4235458698410275,1.3734103220845513,1.374475405457809,0.982,4,False
492,3.4220647910552127,1.3774442453521727,1.3753509499313814,0.984,4,False
493,3.420583553578528,1.3814760252124474,1.3762330952111927,0.986,4,False
494,3.4191022254494423,1.385505611538914,1.3771217763543195,0.988,4,False
495,3.4176208747064227,1.389532954205113,1.3780169284178376,0.99,4,False
496,3.416139569387937,1.393558003084584,1.3789184864588229,0.992,4,False
497,3.414658377532454,1.3975807080508669,1.379826385534352,0.994,4,False
498,3.4131773671784393,1.4016010189775014,1.3807405607015004,0.996,4,False
499,3.4116966063643615,1.4056188857380267,1.3816609470173438,0.998,4,False
500,3.4102161631286876,1.4096342582059838,1.3825874795389588,1.0,4,False
501,3.4087361055098855,1.4136470862549109,1.3835200933234209,1.002,4,False
502,3.4072565015464233,1.4176573197583484,1.3844587234278063,1.004,4,False
503,3.4057774192767676,1.4216649085898365,1.3854033049091905,1.006,4,False
504,3.4042989267393864,1.4256698026229142,1.3863537728246502,1.008,4,False
505,3.4028210919727475,1.4296719517311214,1.3873100622312609,1.01,4,False
506,3.4013439830153187,1.4336713057879977,1.3882721081860987,1.012,4,False
507,3.399867667905567,1.437667814667083,1.3892398457462394,1.014,4,False
508,3.39839221468196,1.4416614282419178,1.3902132099687596,1.016,4,False
509,3.396917691382965,1.4456520963860404,1.3911921359107344,1.018,4,False
510,3.3954441660470507,1.4496397689729912,1.3921765586292403,1.02,4,True
511,3.3939717067126836,1.4536243958763102,1.393166413181353,1.022,4,False
512,3.392500381418332,1.457605926969537,1.394161634624149,1.024,4,False
513,3.3910302582024636,1.4615843121262109,1.3951621580147036,1.026,4,False
514,3.389561405103544,1.4655595012198719,1.3961679184100935,1.028,4,False
515,3.388093890160043,1.4695314441240594,1.3971788508673937,1.03,4,False
516,3.3866277814104278,1.473500090712314,1.398194890443681,1.032,4,False
517,3.3851631468931647,1.477465390858175,1.3992159721960309,1.034,4,False
518,3.3837000546467237,1.4814272944351818,1.4002420311815196,1.036,4,False
519,3.3822385727095705,1.485385751316874,1.401273002457223,1.038,4,False
520,3.3807787691201736,1.4893407113767922,1.4023088210802175,1.04,4,False
521,3.379320711916998,1.4932921244884754,1.4033494221075782,1.042,4,False
522,3.3778644691385153,1.4972399405254635,1.4043947405963817,1.044,4,False
523,3.3764101088231913,1.5011841093612959,1.4054447116037037,1.046,4,False
524,3.3749576990094923,1.5051245808695133,1.4064992701866208,1.048,4,False
525,3.373507307735887,1.5090613049236543,1.4075583514022079,1.05,4,False
526,3.372059003040843,1.5129942313972589,1.4086218903075416,1.052,4,False
527,3.3706128529628274,1.5169233101638675,1.4096898219596978,1.054,4,False
528,3.3691689255403094,1.5208484910970195,1.4107620814157527,1.056,4,False
529,3.3677272888117544,1.5247697240702542,1.4118386037327821,1.058,4,False
530,3.3662880108156314,1.5286869589571117,1.4129193239678617,1.06,4,False
531,3.3648511595904074,1.5326001456311318,1.4140041771780678,1.062,4,False
532,3.3634168031745504,1.5365092339658537,1.4150930984204761,1.064,4,False
533,3.3619850096065274,1.540414173834818,1.4161860227521632,1.066,4,False
534,3.360555846924806,1.5443149151115634,1.4172828852302042,1.068,4,False
535,3.3591293831678537,1.5482114076696298,1.418383620911675,1.07,4,True
536,3.3577056863741395,1.5521036013825584,1.4194881648536533,1.072,4,False
537,3.3562848245821293,1.5559914461238873,1.4205964521132128,1.074,4,False
538,3.354866865830292,1.559874891767157,1.421708417747431,1.076,4,False
539,3.353451878157094,1.5637538881859063,1.422823996813383,1.078,4,False
540,3.352039929601003,1.5676283852536763,1.4239431243681455,1.08,4,False
541,3.350631088200487,1.5714983328440055,1.4250657354687941,1.082,4,False
542,3.349225421994013,1.5753636808304339,1.4261917651724048,1.084,4,False
543,3.347822999020049,1.5792243790865017,1.4273211485360529,1.086,4,False
544,3.346423887317064,1.5830803774857487,1.4284538206168158,1.088,4,False
545,3.345028154923523,1.586931625901714,1.4295897164717684,1.09,4,False
546,3.343635869877895,1.5907780742079376,1.430728771157987,1.092,4,False
547,3.3422471002186476,1.594619672277959,1.4318709197325474,1.094,4,False
548,3.3408619139842486,1.598456369985319,1.4330160972525259,1.096,4,False
549,3.339480379213165,1.6022881172035564,1.4341642387749984,1.098,4,False
550,3.3381025639438633,1.6061148638062102,1.4353152793570407,1.1,4,False
551,3.336728536214814,1.6099365596668216,1.4364691540557288,1.102,4,False
552,3.335358364064481,1.6137531546589299,1.4376257979281386,1.104,4,False
553,3.3339921155313346,1.6175645986560738,1.438785146031346,1.106,4,False
554,3.332629858653842,1.6213708415317944,1.4399471334224279,1.108,4,False
555,3.331271661470471,1.6251718331596308,1.4411116951584586,1.11,4,False
556,3.3299175920196866,1.6289675234131227,1.4422787662965155,1.112,4,False
557,3.3285677183399596,1.63275786216581,1.4434482818936742,1.114,4,False
558,3.3272221084697566,1.6365427992912325,1.4446201770070104,1.116,4,False
559,3.325880830447544,1.640322284662929,1.4457943866935998,1.118,4,False
560,3.3245439523117906,1.6440962681544407,1.4469708460105193,1.12,4,True
561,3.3232115421009634,1.6478646996393065,1.4481494900148442,1.122,4,False
562,3.3218836678535313,1.6516275289910662,1.4493302537636505,1.124,4,False
563,3.3205603976079594,1.6553847060832594,1.4505130723140143,1.1260000000000001,4,False
564,3.3192417994027172,1.6591361807894263,1.4516978807230116,1.1280000000000001,4,False
565,3.317927941276272,1.6628819029831061,1.4528846140477185,1.1300000000000001,4,False
566,3.3166188912670904,1.6666218225378389,1.4540732073452107,1.1320000000000001,4,False
567,3.3153147174136413,1.6703558893271637,1.4552635956725641,1.1340000000000001,4,False
568,3.314015487754392,1.674084053224622,1.4564557140868553,1.1360000000000001,4,False
569,3.3127212703278093,1.6778062641037512,1.4576494976451595,1.1380000000000001,4,False
570,3.3114321331723615,1.6815224718380928,1.4588448814045532,1.1400000000000001,4,False
571,3.3101481443265155,1.6852326263011856,1.4600418004221118,1.1420000000000001,4,False
572,3.308869371828739,1.6889366773665695,1.4612401897549119,1.1440000000000001,4,False
573,3.3075958837175,1.6926345749077842,1.462439984460029,1.1460000000000001,4,False
574,3.3063277480312667,1.6963262687983702,1.4636411195945398,1.1480000000000001,4,False
575,3.3050650328085047,1.7000117089118656,1.4648435302155192,1.1500000000000001,4,False
576,3.303807806087684,1.7036908451218116,1.4660471513800437,1.1520000000000001,4,False
577,3.3025561359072713,1.7073636273017476,1.46725191814519,1.154,4,False
578,3.3013100903057326,1.711030005325213,1.468457765568033,1.156,4,False
579,3.300069737321537,1.7146899290657476,1.469664628705649,1.158,4,False
580,3.2988351449931526,1.718343348396892,1.4708724426151143,1.16,4,False
581,3.297606381359045,1.721990213192184,1.4720811423535038,1.162,4,False
582,3.296383514457683,1.7256304733251648,1.473290662977895,1.164,4,False
583,3.295166612327535,1.729264078669374,1.474500939545363,1.166,4,False
584,3.293955743007067,1.7328909790983509,1.4757119071129838,1.168,4,False
585,3.2927509745347474,1.7365111244856357,1.4769235007378336,1.17,4,True
586,3.2915523749490436,1.7401244647047678,1.4781356554769882,1.172,4,False
587,3.2903600122884242,1.743730949629287,1.4793483063875237,1.174,4,False
588,3.2891739545913548,1.7473305291327328,1.4805613885265159,1.176,4,False
589,3.287994269896304,1.7509231530886453,1.4817748369510408,1.178,4,False
590,3.2868210262417397,1.7545087713705638,1.4829885867181747,1.18,4,False
591,3.2856542916661295,1.7580873338520284,1.484202572884993,1.182,4,False
592,3.2844941342079395,1.761658790406579,1.4854167305085717,1.184,4,False
593,3.2833406219056385,1.7652230909077546,1.4866309946459877,1.186,4,False
594,3.282193822797695,1.7687801852290956,1.4878453003543162,1.188,4,False
595,3.281053804922575,1.772330023244142,1.4890595826906334,1.19,4,False
596,3.2799206363187468,1.7758725548264322,1.4902737767120149,1.192,4,False
597,3.2787943850246775,1.7794077298495072,1.4914878174755368,1.194,4,False
598,3.2776751190788347,1.7829354981869059,1.4927016400382755,1.196,4,False
599,3.2765629065196866,1.7864558097121686,1.4939151794573065,1.198,4,False
600,3.2754578153857015,1.7899686142988351,1.4951283707897063,1.2,4,False
601,3.274359913715344,1.7934738618204442,1.4963411490925502,1.202,4,False
602,3.2732692695470846,1.796971502150537,1.4975534494229146,1.204,4,False
603,3.27218595091939,1.800461485162652,1.4987652068378756,1.206,4,False
604,3.271110025870727,1.8039437607303295,1.4999763563945083,1.208,4,False
605,3.270041562439564,1.8074182787271087,1.5011868331498897,1.21,4,False
606,3.268980628664369,1.810884989026531,1.502396572161096,1.212,4,False
607,3.2679272925836087,1.8143438415021342,1.5036055084852018,1.214,4,False
608,3.2668816222357506,1.8177947860274586,1.5048135771792839,1.216,4,False
609,3.265843685659263,1.8212377724760442,1.5060207133004184,1.218,4,False
610,3.2648135508926126,1.8246727507214306,1.507226851905681,1.22,4,True
611,3.2637912859742673,1.8280996706371573,1.5084319280521477,1.222,4,False
612,3.2627769589426947,1.831518482096764,1.5096358767968943,1.224,4,False
613,3.261770637836364,1.8349291349737913,1.5108386331969976,1.226,4,False
614,3.2607723906937407,1.8383315791417782,1.5120401323095332,1.228,4,False
615,3.2597822855532925,1.8417257644742644,1.5132403091915763,1.23,4,False
616,3.2588003904534877,1.845111640844789,1.514439098900203,1.232,4,False
617,3.257826773432794,1.8484891581268934,1.5156364364924901,1.234,4,False
618,3.256861502529677,1.851858266194116,1.5168322570255133,1.236,4,False
619,3.255904645782607,1.8552189149199967,1.518026495556348,1.238,4,False
620,3.2549562712300513,1.8585710541780758,1.5192190871420708,1.24,4,False
621,3.254016446910476,1.8619146338418933,1.5204099668397582,1.242,4,False
622,3.253085240862349,1.8652496037849868,1.5215990697064847,1.244,4,False
623,3.252162721124138,1.8685759138808984,1.5227863307993268,1.246,4,False
624,3.2512489557343116,1.8718935140031667,1.5239716851753609,1.248,4,False
625,3.2503440127313366,1.8752023540253318,1.5251550678916632,1.25,4,False
626,3.2494479601536796,1.8785023838209336,1.526336414005309,1.252,4,False
627,3.2485608660398095,1.8817935532635106,1.527515658573374,1.254,4,False
628,3.247682798428194,1.8850758122266043,1.5286927366529355,1.256,4,False
629,3.2468138253573,1.8883491105837533,1.5298675833010682,1.258,4,False
630,3.245954014865594,1.8916133982084973,1.5310401335748482,1.26,4,False
631,3.2451034349915457,1.8948686249743765,1.5322103225313524,1.262,4,False
632,3.2442621537736223,1.8981147407549308,1.533378085227656,1.264,4,False
633,3.2434302392502903,1.9013516954236993,1.534543356720835,1.266,4,False
634,3.242607759460018,1.9045794388542217,1.5357060720679654,1.268,4,False
635,3.2417947824412727,1.9077979209200384,1.5368661663261232,1.27,4,True
636,3.2409913762325218,1.9110070914946886,1.538023574552385,1.272,4,False
637,3.2401976088722346,1.9142069004517122,1.5391782318038256,1.274,4,False
638,3.239413548398876,1.9173972976646492,1.5403300731375222,1.276,4,False
639,3.2386392628509144,1.9205782330070382,1.54147903361055,1.278,4,False
640,3.2378748202668186,1.9237496563524206,1.5426250482799846,1.28,4,False
641,3.237120288685055,1.9269115175743345,1.543768052202903,1.282,4,False
642,3.2363757361440917,1.9300637665463212,1.5449079804363806,1.284,4,False
643,3.235641230682396,1.933206353141919,1.5460447680374936,1.286,4,False
644,3.2349168403384354,1.9363392272346682,1.5471783500633174,1.288,4,False
645,3.234202633150679,1.9394623386981091,1.5483086615709287,1.29,4,False
646,3.2334986771575918,1.9425756374057808,1.5494356376174034,1.292,4,False
647,3.2328050403976425,1.9456790732312228,1.5505592132598167,1.294,4,False
648,3.2321217909093,1.9487725960479756,1.5516793235552457,1.296,4,False
649,3.2314489967310296,1.9518561557295782,1.552795903560765,1.298,4,False
650,3.2307867259013,1.9549297021495706,1.553908888333452,1.3,4,False
651,3.230135046458579,1.9579931851814922,1.555018212930382,1.302,4,False
652,3.2294940264413334,1.9610465546988836,1.556123812408631,1.304,4,False
653,3.228863733888033,1.9640897605752843,1.557225621825275,1.306,4,False
654,3.2282442368371425,1.9671227526842328,1.5583235762373895,1.308,4,False
655,3.2276356033271307,1.9701454808992702,1.5594176107020514,1.31,4,False
656,3.2270379013964647,1.9731578950939357,1.560507660276336,1.312,4,False
657,3.2264511990836127,1.976159945141769,1.5615936600173193,1.314,4,False
658,3.2258755644270427,1.97915158091631,1.5626755449820777,1.316,4,False
659,3.225311065465222,1.9821327522910988,1.5637532502276872,1.318,4,False
660,3.224757770236616,1.9851034091396738,1.5648267108112228,1.32,4,True
661,3.2242157467796955,1.988063501335576,1.5658958617897614,1.322,4,False
662,3.223685063132927,1.9910129787523447,1.5669606382203791,1.324,4,False
663,3.2231657873347768,1.9939517912635194,1.5680209751601508,1.326,4,False
664,3.2226579874237142,1.9968798887426407,1.5690768076661539,1.328,4,False
665,3.222161731438206,1.9997972210632473,1.5701280707954632,1.33,4,False
666,3.2216770874167193,2.0027037380988792,1.5711746996051552,1.332,4,False
667,3.2212041233977224,2.0055993897230766,1.5722166291523059,1.334,4,False
668,3.2207429074196825,2.008484125809378,1.5732537944939908,1.336,4,False
669,3.220293507521066,2.011357896231324,1.5742861306872857,1.338,4,False
670,3.2198559917403444,2.014220650862456,1.5753135727892689,1.34,4,False
671,3.219430428115982,2.017072339576311,1.5763360558570132,1.342,4,False
672,3.2190168846864453,2.019912912246429,1.5773535149475961,1.344,4,False
673,3.218615429490206,2.022742318746352,1.578365885118094,1.346,4,False
674,3.218226130565728,2.025560508949617,1.5793731014255818,1.348,4,False
675,3.21784905595148,2.028367432729765,1.580375098927136,1.35,4,False
676,3.2174842736859306,2.0311630399603366,1.5813718126798326,1.352,4,False
677,3.2171318518075456,2.0339472805148695,1.5823631777407468,1.354,4,False
678,3.216791858354794,2.0367201042669056,1.5833491291669566,1.356,4,False
679,3.2164643613661426,2.0394814610899825,1.5843296020155353,1.358,4,False
680,3.2161494288800596,2.0422313008576416,1.585304531343561,1.36,4,False
681,3.2158471289350126,2.044969573443422,1.5862738522081088,1.362,4,False
682,3.2155575295694687,2.0476962287208633,1.587237499666255,1.364,4,False
683,3.2152806988218954,2.0504112165635053,1.588195408775075,1.366,4,False
684,3.2150167047307603,2.053114486844888,1.5891475145916452,1.368,4,False
685,3.2147656153345316,2.055805989438551,1.5900937521730418,1.37,4,True
686,3.214527498671676,2.0584856742180335,1.59103405657634,1.372,4,False
687,3.214302422780662,2.061153491056876,1.5919683628586163,1.374,4,False
688,3.214090455699956,2.0638093898286174,1.5928966060769465,1.3760000000000001,4,False
689,3.2138916654680263,2.066453320406798,1.5938187212884067,1.3780000000000001,4,False
690,3.213706120123341,2.069085232664958,1.5947346435500733,1.3800000000000001,4,False
691,3.2135338877043664,2.0717050764766363,1.5956443079190208,1.3820000000000001,4,False
692,3.2133750362495714,2.0743128017153722,1.5965476494523272,1.3840000000000001,4,False
693,3.2132296337974235,2.076908358254707,1.5974446032070673,1.3860000000000001,4,False
694,3.2130977483863887,2.0794916959681795,1.598335104240317,1.3880000000000001,4,False
695,3.212979448054935,2.0820627647293293,1.5992190876091523,1.3900000000000001,4,False
696,3.212874800841533,2.0846215144116966,1.60009648837065,1.3920000000000001,4,False
697,3.2127838747846464,2.08716789488882,1.6009672415818847,1.3940000000000001,4,False
698,3.212706737922744,2.0897018560342406,1.6018312822999334,1.3960000000000001,4,False
699,3.212643458294294,2.0922233477214967,1.6026885455818716,1.3980000000000001,4,False
700,3.2125941039377635,2.0947323198241294,1.603538966484776,1.4000000000000001,4,False
701,3.21255874289162,2.0972287222156787,1.6043824800657216,1.4020000000000001,4,False
702,3.2125374431943317,2.099712504769683,1.6052190213817847,1.4040000000000001,4,False
703,3.2125302728843654,2.102183617359682,1.6060485254900418,1.4060000000000001,4,False
704,3.2125373000001893,2.1046420098592167,1.606870927447568,1.408,4,False
705,3.2125585925802707,2.1070876321418255,1.6076861623114396,1.41,4,False
706,3.2125942186630767,2.1095204340810496,1.6084941651387337,1.412,4,False
707,3.212644246287076,2.111940365550427,1.6092948709865245,1.414,4,False
708,3.212708743490735,2.1143473764234986,1.6100882149118882,1.416,4,False
709,3.2127877783125216,2.116741416573804,1.610874131971902,1.418,4,False
710,3.2128814187909054,2.1191224358748837,1.6116525572236415,1.42,4,True
711,3.21298973296435,2.1214903842002752,1.612423425724182,1.422,4,False
712,3.2131127888713253,2.1238452114235193,1.6131866725305992,1.424,4,False
713,3.2132506545502997,2.1261868674181565,1.6139422326999704,1.426,4,False
714,3.2134033980397403,2.1285153020577257,1.614690041289371,1.428,4,False
715,3.2135710873781127,2.130830465215767,1.6154300333558766,1.43,4,False
716,3.2137537906038856,2.133132306765819,1.6161621439565632,1.432,4,False
717,3.2139515757555284,2.135420776581425,1.6168863081485074,1.434,4,False
718,3.2141645108715062,2.13769582453612,1.6176024609887847,1.436,4,False
719,3.214392663990288,2.1399574005034467,1.6183105375344708,1.438,4,False
720,3.2146361031503408,2.1422054543569438,1.6190104728426422,1.44,4,False
721,3.214894896390133,2.1444399359701505,1.6197022019703744,1.442,4,False
722,3.215169111748131,2.146660795216609,1.6203856599747437,1.444,4,False
723,3.215458817262803,2.1488679819698557,1.6210607819128267,1.446,4,False
724,3.2157640809726153,2.151061446103432,1.6217275028416975,1.448,4,False
725,3.2160849709160377,2.1532411374908778,1.6223857578184344,1.45,4,False
726,3.2164215551315367,2.1554070060057327,1.6230354819001114,1.452,4,False
727,3.2167739016575796,2.1575590015215367,1.6236766101438056,1.454,4,False
728,3.2171420785326346,2.159697073911828,1.6243090776065927,1.456,4,False
729,3.217526153795169,2.1618211730501486,1.6249328193455488,1.458,4,False
730,3.21792619548365,2.1639312488100373,1.62554777041775,1.46,4,False
731,3.218342271636545,2.1660272510650325,1.6261538658802712,1.462,4,False
732,3.2187744502923232,2.168109129688675,1.6267510407901897,1.464,4,False
733,3.2192227994894504,2.170176834554505,1.6273392302045806,1.466,4,False
734,3.2196873872663945,2.172230315536062,1.6279183691805204,1.468,4,False
735,3.220168281661624,2.174269522506885,1.6284883927750848,1.47,4,True
736,3.2206655507136057,2.176294405340515,1.6290492360453497,1.472,4,False
737,3.2211792624608075,2.1783049139104897,1.6296008340483916,1.474,4,False
738,3.2217094849416963,2.180300998090351,1.6301431218412858,1.476,4,False
739,3.2222562861947406,2.1822826077536375,1.6306760344811089,1.478,4,False
740,3.2228197342584077,2.184249692773889,1.6311995070249363,1.48,4,False
741,3.223399897171165,2.186202203024645,1.631713474529844,1.482,4,False
742,3.22399684297148,2.188140088379446,1.6322178720529086,1.484,4,False
743,3.2246106396978202,2.1900632987118316,1.6327126346512053,1.486,4,False
744,3.225241355388654,2.1919717838953408,1.633197697381811,1.488,4,False
745,3.2258890580824477,2.193865493803514,1.6336729953018003,1.49,4,False
746,3.2265538158176694,2.1957443783098896,1.63413846346825,1.492,4,False
747,3.2272356966327873,2.19760838728801,1.634594036938237,1.494,4,False
748,3.2279347685662687,2.1994574706114123,1.6350396507688352,1.496,4,False
749,3.228651099656581,2.2012915781536373,1.6354752400171222,1.498,4,False
750,3.2293847579421913,2.2031106597882246,1.6359007397401735,1.5,4,False
751,3.230135811461568,2.204914665388715,1.6363160849950649,1.502,4,False
752,3.230904328253178,2.2067035448286463,1.636721210838873,1.504,4,False
753,3.2316903763554894,2.2084772479815595,1.6371160523286727,1.506,4,False
754,3.232494023806969,2.2102357247209934,1.6375005445215403,1.508,4,False
755,3.2333153386460856,2.211978924920489,1.6378746224745526,1.51,4,False
756,3.234154388911305,2.2137067984535848,1.6382382212447846,1.512,4,False
757,3.2350112426410975,2.215419295193821,1.638591275889313,1.514,4,False
758,3.235885967873928,2.217116365014738,1.6389337214652129,1.516,4,False
759,3.2367786326482664,2.218797957789875,1.6392654930295616,1.518,4,False
760,3.2376893050025775,2.2204640233927715,1.639586525639434,1.52,4,True
761,3.2386180529753306,2.222114511696967,1.639896754351906,1.522,4,False
762,3.239564944604994,2.2237493725760014,1.6401961142240542,1.524,4,False
763,3.240530047930034,2.2253685559034153,1.6404845403129542,1.526,4,False
764,3.241513430988918,2.226972011552747,1.6407619676756822,1.528,4,False
765,3.242515161820114,2.2285596893975366,1.6410283313693133,1.53,4,False
766,3.2435353084620906,2.2301315393113255,1.641283566450925,1.532,4,False
767,3.2445739389533133,2.2316875111676513,1.6415276079775927,1.534,4,False
768,3.2456311213322513,2.233227554840055,1.6417603910063914,1.536,4,False
769,3.2467069236373725,2.234751620202075,1.6419818505943984,1.538,4,False
770,3.247801413907143,2.236259657127253,1.6421919217986891,1.54,4,False
771,3.2489146601800316,2.2377516154891275,1.6423905396763396,1.542,4,False
772,3.2500467304945047,2.2392274451612373,1.6425776392844247,1.544,4,False
773,3.25119769288903,2.240687096017124,1.642753155680022,1.546,4,False
774,3.2523676154020764,2.2421305179303257,1.642917023920207,1.548,4,False
775,3.2535565660721106,2.243557660774384,1.6430691790620557,1.55,4,False
776,3.2547646129376004,2.2449684744228366,1.6432095561626436,1.552,4,False
777,3.2559918240370127,2.2463629087492247,1.6433380902790473,1.554,4,False
778,3.257238267408817,2.247740913627088,1.6434547164683426,1.556,4,False
779,3.2585040110914774,2.249102438929965,1.6435593697876045,1.558,4,False
780,3.259789123123465,2.2504474345313965,1.6436519852939109,1.56,4,False
781,3.261093671543245,2.2517758503049206,1.6437324980443355,1.562,4,False
782,3.2624177243892873,2.25308763612408,1.6438008430959568,1.564,4,False
783,3.263761349700057,2.254382741862412,1.6438569555058486,1.566,4,False
784,3.2651246155140226,2.255661117393457,1.643900770331088,1.568,4,False
785,3.2665075898696516,2.2569227125907543,1.64393222262875,1.57,4,True
786,3.267910340805413,2.2581674773278455,1.643951247455912,1.572,4,False
787,3.2693329363597723,2.2593953614782674,1.6439577798696492,1.574,4,False
788,3.270775444571199,2.260606314915562,1.6439517549270375,1.576,4,False
789,3.272237933478159,2.2618002875132683,1.6439331076851527,1.578,4,False
790,3.2737204711191197,2.262977229144926,1.643901773201071,1.58,4,False
791,3.2752231255325506,2.264137089684075,1.643857686531869,1.582,4,False
792,3.2767459647569175,2.2652798190042547,1.643800782734621,1.584,4,False
793,3.2782890568306895,2.266405366979005,1.6437309968664056,1.586,4,False
794,3.2798524697923317,2.267513683481865,1.643648263984296,1.588,4,False
795,3.281436271680315,2.2686047183863765,1.6435525191453701,1.59,4,False
796,3.2830405305331047,2.269678421566076,1.6434436974067026,1.592,4,False
797,3.284665314389169,2.2707347428945055,1.6433217338253703,1.594,4,False
798,3.2863106912869755,2.271773632245205,1.643186563458449,1.596,4,False
799,3.287976729264991,2.272795039491713,1.643038121363014,1.598,4,False
800,3.289663496361684,2.2737989145075685,1.6428763425961421,1.6,4,False
801,3.2913710606155226,2.274785207166314,1.6427011622149097,1.602,4,False
802,3.2930994900649737,2.2757538673414874,1.6425125152763917,1.604,4,False
803,3.2948488527485043,2.2767048449066283,1.6423103368376644,1.606,4,False
804,3.296619216704583,2.2776380897352766,1.6420945619558038,1.608,4,False
805,3.298410649971676,2.2785535517009725,1.6418651256878858,1.61,4,False
806,3.3002232205882516,2.279451180677255,1.6416219630909867,1.612,4,False
807,3.3020569965927784,2.2803309265376646,1.641365009222182,1.614,4,False
808,3.303912046023723,2.2811927391557405,1.6410941991385486,1.616,4,False
809,3.3057884369195536,2.282036568405023,1.6408094678971614,1.618,4,False
810,3.3076862373187366,2.282862364159051,1.640510750555097,1.62,4,True
811,3.3096055152597397,2.2836700762913646,1.6401979821694304,1.622,4,False
812,3.311546338781032,2.2844596546755036,1.6398710977972388,1.624,4,False
813,3.31350877592108,2.285231049185008,1.6395300324955981,1.6260000000000001,4,False
814,3.3154928947183495,2.285984209693416,1.639174721321583,1.6280000000000001,4,False
815,3.317498763211312,2.2867190860742705,1.638805099332271,1.6300000000000001,4,False
816,3.3195264494384324,2.2874356282011075,1.6384211015847374,1.6320000000000001,4,False
817,3.321576021438179,2.28813378594747,1.6380226631360575,1.6340000000000001,4,False
818,3.323647547249019,2.2888135091868955,1.6376097190433083,1.6360000000000001,4,False
819,3.3257410949094206,2.289474747792924,1.6371822043635658,1.6380000000000001,4,False
820,3.3278567324578505,2.2901174516390963,1.6367400541539052,1.6400000000000001,4,False
821,3.329994527932778,2.2907415705989513,1.6362832034714032,1.6420000000000001,4,False
822,3.3321545493726683,2.2913470545460286,1.6358115873731351,1.6440000000000001,4,False
823,3.3343368648159917,2.2919338533538696,1.635325140916178,1.6460000000000001,4,False
824,3.336541542301212,2.2925019168960112,1.634823799157606,1.6480000000000001,4,False
825,3.3387686498668,2.2930511950459946,1.6343074971544964,1.6500000000000001,4,False
826,3.341018255551222,2.2935816376773603,1.633776169963925,1.6520000000000001,4,False
827,3.3432904273929465,2.2940931946636467,1.633229752642968,1.6540000000000001,4,False
828,3.34558523343044,2.2945858158783943,1.6326681802487009,1.6560000000000001,4,False
829,3.3479027417021707,2.2950594511951428,1.6320913878381997,1.6580000000000001,4,False
830,3.350243020246606,2.295514050487432,1.6314993104685407,1.6600000000000001,4,False
831,3.352606137102214,2.2959495636288003,1.6308918831967998,1.6620000000000001,4,False
832,3.354992160307461,2.296365940492789,1.6302690410800527,1.6640000000000001,4,False
833,3.357401157900815,2.2967631309529377,1.6296307191753756,1.666,4,False
834,3.359833197920744,2.297141084882785,1.6289768525398438,1.668,4,False
835,3.362288348405716,2.2974997521558724,1.6283073762305347,1.67,4,True
836,3.364766677394198,2.297839082645738,1.6276222253045232,1.672,4,False
837,3.3672682529246574,2.298159026225922,1.6269213348188856,1.674,4,False
838,3.3697931430355625,2.2984595327699644,1.6262046398306975,1.676,4,False
839,3.3723414157653804,2.298740552151405,1.6254720753970358,1.678,4,False
840,3.3749131391525777,2.2990020342437827,1.624723576574975,1.68,4,False
841,3.3775083812356237,2.2992439289206374,1.6239590784215923,1.682,4,False
842,3.3801272100529856,2.2994661860555103,1.6231785159939633,1.684,4,False
843,3.3827696936431297,2.29966875552194,1.6223818243491637,1.686,4,False
844,3.3854359000445253,2.2998515871934666,1.6215689385442702,1.688,4,False
845,3.3881258972956383,2.300014630943628,1.6207397936363577,1.69,4,False
846,3.3908397534349373,2.3001578366459663,1.619894324682503,1.692,4,False
847,3.3935775365008904,2.3002811541740207,1.6190324667397817,1.694,4,False
848,3.3963393145319634,2.3003845334013304,1.6181541548652703,1.696,4,False
849,3.3991251555666264,2.3004679242014348,1.6172593241160444,1.698,4,False
850,3.4019351276433447,2.3005312764478747,1.6163479095491795,1.7,4,False
851,3.404769298800586,2.3005745400141895,1.6154198462217524,1.702,4,False
852,3.4076277370768193,2.300597664773918,1.6144750691908385,1.704,4,False
853,3.410510510510511,2.3006006006006006,1.613513513513514,1.706,4,False
854,3.413417650348271,2.300583314973197,1.6125351385006657,1.708,4,False
855,3.416349040669267,2.3005458457923376,1.6115400004784235,1.71,4,False
856,3.419304528760812,2.300488248564077,1.6105281800267282,1.712,4,False
857,3.4222839619102174,2.3004105787944655,1.6094997577255201,1.714,4,False
858,3.4252871874047903,2.3003128919895546,1.6084548141547401,1.716,4,False
859,3.4283140525318463,2.300195243655399,1.6073934298943295,1.718,4,False
860,3.4313644045786944,2.3000576892980473,1.606315685524228,1.72,4,True
861,3.434438090832646,2.2999002844235537,1.6052216616243777,1.722,4,False
862,3.4375349585810104,2.299723084537969,1.6041114387747175,1.724,4,False
863,3.440654855111101,2.2995261451473445,1.6029850975551896,1.726,4,False
864,3.443797627710229,2.299309521757735,1.601842718545735,1.728,4,False
865,3.446963123665702,2.299073269875188,1.6006843823262924,1.73,4,False
866,3.450151190264833,2.2988174450057595,1.5995101694768044,1.732,4,False
867,3.4533616747949334,2.2985421026554986,1.5983201605772113,1.734,4,False
868,3.4565944245433147,2.2982472983304594,1.5971144362074536,1.736,4,False
869,3.4598492867972857,2.297933087536692,1.5958930769474715,1.738,4,False
870,3.463126108844158,2.297599525780249,1.5946561633772063,1.74,4,False
871,3.4664247379712445,2.2972466685671837,1.5934037760765993,1.742,4,False
872,3.4697450214658545,2.2968745714035452,1.5921359956255903,1.744,4,False
873,3.473086806615299,2.2964832897953875,1.5908529026041198,1.746,4,False
874,3.4764499407068894,2.296072879248762,1.5895545775921296,1.748,4,False
875,3.4798342710279364,2.2956433952697197,1.5882411011695596,1.75,4,False
876,3.4832396448657508,2.295194893364314,1.5869125539163507,1.752,4,False
877,3.4866659095076433,2.2947274290385966,1.5855690164124439,1.754,4,False
878,3.490112912240926,2.294241057798618,1.5842105692377795,1.756,4,False
879,3.4935805003529095,2.293735835150432,1.5828372929722987,1.758,4,False
880,3.497068521130904,2.2932118166000888,1.581449268195942,1.76,4,False
881,3.5005768218622215,2.2926690576536415,1.58004657548865,1.762,4,False
882,3.504105249834172,2.292107613817142,1.5786292954303638,1.764,4,False
883,3.507653652334067,2.2915275405966415,1.5771975086010233,1.766,4,False
884,3.511221876649217,2.290928893498193,1.5757512955805701,1.768,4,False
885,3.5148097700669343,2.2903117280278464,1.5742907369489443,1.77,4,True
886,3.5184171798745276,2.289676099691656,1.5728159132860868,1.772,4,False
887,3.52204395335931,2.2890220639956715,1.5713269051719387,1.774,4,False
888,3.5256899378085906,2.288349676445947,1.5698237931864403,1.776,4,False
889,3.5293549805096824,2.2876589925485327,1.5683066579095322,1.778,4,False
890,3.533038928749894,2.2869500678094807,1.566775579921155,1.78,4,False
891,3.5367416298165395,2.2862229577348443,1.5652306398012508,1.782,4,False
892,3.540462930996927,2.2854777178306733,1.563671918129759,1.784,4,False
893,3.5442026795783685,2.284714403603022,1.5620994954866199,1.786,4,False
894,3.5479607228481753,2.283933070557941,1.5605134524517756,1.788,4,False
895,3.551736908093659,2.283133774201482,1.5589138696051659,1.79,4,False
896,3.5555310826021276,2.2823165700396966,1.557300827526732,1.792,4,False
897,3.5593430936608956,2.281481513578638,1.555674406796414,1.794,4,False
898,3.5631727885572717,2.280628660324357,1.5540346879941533,1.796,4,False
899,3.5670200145785675,2.2797580657829073,1.5523817516998906,1.798,4,False
900,3.570884619012095,2.278869785460339,1.5507156784935663,1.8,4,False
901,3.5747664491451627,2.277963874862703,1.5490365489551203,1.802,4,False
902,3.578665352265083,2.2770403894960536,1.5473444436644948,1.804,4,False
903,3.5825811756591674,2.276099384866442,1.5456394432016298,1.806,4,False
904,3.5865137666147278,2.2751409164799203,1.5439216281464665,1.808,4,False
905,3.590462972419073,2.2741650398425395,1.5421910790789448,1.81,4,False
906,3.594428640359515,2.2731718104603513,1.5404478765790062,1.812,4,False
907,3.598410617723363,2.2721612838394094,1.5386921012265904,1.814,4,False
908,3.602408751797931,2.2711335154857655,1.53692383360164,1.816,4,False
909,3.6064228898705277,2.270088560905469,1.5351431542840936,1.818,4,False
910,3.6104528792284656,2.2690264756045755,1.5333501438538935,1.82,4,True
911,3.6144985671590537,2.267947315089133,1.531544882890979,1.822,4,False
912,3.6185598009496056,2.2668511348651963,1.5297274519752924,1.824,4,False
913,3.6226364278874295,2.2657379904388164,1.5278979316867727,1.826,4,False
914,3.6267282952598374,2.2646079373160437,1.5260564026053618,1.828,4,False
915,3.6308352503541412,2.263461031002934,1.5242029453110006,1.83,4,False
916,3.634957140457652,2.2622973270055358,1.5223376403836295,1.832,4,False
917,3.639093812857679,2.2611168808299014,1.5204605684031884,1.834,4,False
918,3.643245114841533,2.259919747982083,1.5185718099496186,1.836,4,False
919,3.647410893696528,2.258705983968134,1.5166714456028616,1.838,4,False
920,3.6515909967099724,2.257475644294105,1.5147595559428573,1.84,4,False
921,3.6557852711691763,2.256228784466048,1.5128362215495461,1.842,4,False
922,3.6599935643614545,2.2549654599900144,1.5109015230028697,1.844,4,False
923,3.664215723574115,2.2536857263720567,1.5089555408827682,1.846,4,False
924,3.6684515960944686,2.252389639118227,1.5069983557691824,1.848,4,False
925,3.672701029209828,2.251077253734578,1.5050300482420529,1.85,4,False
926,3.6769638702075023,2.2497486257271593,1.5030506988813206,1.852,4,False
927,3.6812399663748034,2.2484038106020243,1.5010603882669262,1.854,4,False
928,3.685529164999043,2.2470428638652256,1.4990591969788105,1.856,4,False
929,3.6898313133675305,2.245665841022814,1.4970472055969144,1.858,4,False
930,3.6941462587675775,2.2442727975808405,1.495024494701177,1.86,4,False
931,3.698473848486496,2.24286378904536,1.4929911448715423,1.862,4,False
932,3.702813929811596,2.241438870922422,1.490947236687948,1.864,4,False
933,3.7071663500301875,2.239998098718078,1.4888928507303354,1.866,4,False
934,3.7115309564295833,2.238541527938382,1.4868280675786463,1.868,4,False
935,3.7159075962970944,2.2370692140893857,1.4847529678128217,1.87,4,True
936,3.720296116920029,2.2355812126771384,1.4826676320128003,1.872,4,False
937,3.724696365585702,2.2340775792076943,1.4805721407585244,1.874,4,False
938,3.7291081895814213,2.2325583691871054,1.478466574629934,1.8760000000000001,4,False
939,3.7335314361945,2.2310236381214232,1.4763510142069705,1.8780000000000001,4,False
940,3.737965952712246,2.229473441516699,1.4742255400695745,1.8800000000000001,4,False
941,3.7424115864219734,2.2279078348789847,1.4720902327976857,1.8820000000000001,4,False
942,3.746868184610991,2.2263268737143322,1.4699451729712454,1.8840000000000001,4,False
943,3.7513355945666125,2.224730613528795,1.4677904411701954,1.8860000000000001,4,False
944,3.755813663576147,2.2231191098284246,1.4656261179744756,1.8880000000000001,4,False
945,3.760302238926905,2.22149241811927,1.4634522839640256,1.8900000000000001,4,False
946,3.7648011679061972,2.2198505939073865,1.4612690197187876,1.8920000000000001,4,False
947,3.7693102978013364,2.218193692698825,1.4590764058187018,1.8940000000000001,4,False
948,3.7738294758996327,2.216521769999637,1.4568745228437094,1.8960000000000001,4,False
949,3.778358549488397,2.214834881315875,1.4546634513737509,1.8980000000000001,4,False
950,3.7828973658549407,2.2131330821535906,1.4524432719887663,1.9000000000000001,4,False
951,3.787445772286573,2.211416428018835,1.450214065268697,1.9020000000000001,4,False
952,3.7920036160706063,2.209684974417661,1.4479759117934838,1.9040000000000001,4,False
953,3.7965707444943524,2.2079387768561207,1.4457288921430669,1.9060000000000001,4,False
954,3.8011470048451206,2.2061778908402654,1.443473086897387,1.9080000000000001,4,False
955,3.8057322444102226,2.2044023718761463,1.4412085766363856,1.9100000000000001,4,False
956,3.81032631047697,2.2026122754698183,1.4389354419400036,1.9120000000000001,4,False
957,3.8149290503326725,2.20080765712733,1.43665376338818,1.9140000000000001,4,False
958,3.8195403112646416,2.1989885723547338,1.4343636215608566,1.9160000000000001,4,False
959,3.824159940560188,2.197155076658084,1.4320650970379745,1.9180000000000001,4,False
960,3.8287877855066235,2.1953072255434303,1.4297582703994747,1.92,4,True
961,3.8334236933912575,2.1934450745168244,1.427443222225296,1.922,4,False
962,3.838067511501403,2.19156867908432,1.4251200330953813,1.924,4,False
963,3.84271908712437,2.189678094751968,1.4227887835896698,1.926,4,False
964,3.847378267547469,2.18777337702582,1.420449554288103,1.928,4,False
965,3.852044900058012,2.185854581411929,1.4181024257706218,1.93,4,False
966,3.8567188319433092,2.1839217634163455,1.4157474786171662,1.932,4,False
967,3.8613999104906704,2.1819749785451212,1.4133847934076773,1.934,4,False
968,3.86608798298741,2.1800142823043105,1.4110144507220956,1.936,4,False
969,3.870782896720834,2.178039730199963,1.4086365311403617,1.938,4,False
970,3.8754844989782593,2.1760513777381316,1.4062511152424175,1.94,4,False
971,3.880192637046992,2.1740492804248674,1.4038582836082023,1.942,4,False
972,3.8849071582143457,2.172033493766224,1.4014581168176579,1.944,4,False
973,3.8896279097676305,2.1700040732682515,1.399050695450724,1.946,4,False
974,3.8943547389941564,2.167961074437002,1.396636100087342,1.948,4,False
975,3.8990874931812365,2.165904552778529,1.3942144113074522,1.95,4,False
976,3.9038260196161794,2.1638345637988827,1.391785709690996,1.952,4,False
977,3.908570165586298,2.1617511630041157,1.3893500758179134,1.954,4,False
978,3.9133197783789013,2.15965440590028,1.386907590268145,1.956,4,False
979,3.9180747052813025,2.1575443479934266,1.384458333621632,1.958,4,False
980,3.9228347935808126,2.1554210447896094,1.382002386458316,1.96,4,False
981,3.927599890564739,2.1532845517948775,1.379539829358136,1.962,4,False
982,3.932369843520398,2.151134924515287,1.3770707429010338,1.964,4,False
983,3.9371444997350955,2.148972218456885,1.3745952076669492,1.966,4,False
984,3.941923706496145,2.146796489125726,1.3721133042358236,1.968,4,False
985,3.9467073110908584,2.144607792027862,1.3696251131875983,1.97,4,True
986,3.9514951608065445,2.1424061826693443,1.3671307151022125,1.972,4,False
987,3.956287102930514,2.1401917165562243,1.364630190559608,1.974,4,False
988,3.9610829847500804,2.137964449194555,1.3621236201397253,1.976,4,False
989,3.9658826535525544,2.1357244360903893,1.359611084422506,1.978,4,False
990,3.970685956625244,2.133471732749776,1.3570926639878886,1.98,4,False
991,3.975492741255462,2.1312063946787685,1.3545684394158155,1.982,4,False
992,3.9803028547305206,2.1289284773834196,1.3520384912862273,1.984,4,False
993,3.9851161443377294,2.1266380363697817,1.349502900179065,1.986,4,False
994,3.9899324573643997,2.124335127143904,1.3469617466742683,1.988,4,False
995,3.9947516410978405,2.12201980521184,1.344415111351778,1.99,4,False
996,3.9995735428253667,2.119692126079643,1.3418630747915357,1.992,4,False
997,4.0043980098342855,2.1173521452533626,1.3393057175734817,1.994,4,False
998,4.009224889411911,2.1149999182390515,1.3367431202775562,1.996,4,False
999,4.0140540288455515,2.112635500542762,1.3341753634837008,1.998,4,False
1000,4.018885275422519,2.110258947670545,1.331602527771856,2.0,4,False
1001,4.023718476430126,2.107870315128454,1.3290246937219614,2.0020000000000002,4,False
1002,4.02855347915568,2.1054696584225403,1.32644194191396,2.004,4,False
1003,4.033390130886496,2.103057033058855,1.3238543529277904,2.0060000000000002,4,False
1004,4.038228278909882,2.100632494543451,1.3212620073433947,2.008,4,False
1005,4.04306777051315,2.09819609838238,1.3186649857407124,2.0100000000000002,4,False
1006,4.047908452983611,2.0957479000816934,1.3160633686996852,2.012,4,False
1007,4.052750173608576,2.0932879551474435,1.3134572368002533,2.0140000000000002,4,False
1008,4.057592779675354,2.090816319085682,1.3108466706223576,2.016,4,False
1009,4.06243611847126,2.0883330474024606,1.3082317507459384,2.0180000000000002,4,False
1010,4.067280037283601,2.0858381956038325,1.3056125577509377,2.02,4,True
1011,4.072124383399692,2.0833318191958483,1.3029891722172944,2.0220000000000002,4,False
1012,4.076969004106839,2.0808139736845606,1.3003616747249511,2.024,4,False
1013,4.081813746692358,2.0782847145760206,1.2977301458538466,2.0260000000000002,4,False
1014,4.086658458443557,2.075744097376281,1.2950946661839238,2.028,4,False
1015,4.091502986647748,2.073192177591393,1.292455316295121,2.0300000000000002,4,False
1016,4.096347178592239,2.070629010727409,1.2898121767673807,2.032,4,False
1017,4.101190881564345,2.0680546522903804,1.2871653281806426,2.0340000000000003,4,False
1018,4.106033942851377,2.06546915778636,1.2845148511148485,2.036,4,False
1019,4.110876209740642,2.0628725827213996,1.2818608261499382,2.0380000000000003,4,False
1020,4.115717529519454,2.06026498260155,1.279203333865853,2.04,4,False
1021,4.1205577494751235,2.057646412932864,1.2765424548425326,2.0420000000000003,4,False
1022,4.125396716894962,2.055016929221394,1.2738782696599193,2.044,4,False
1023,4.13023427906628,2.0523765869731903,1.2712108588979527,2.0460000000000003,4,False
1024,4.135070283276386,2.0497254416943065,1.2685403031365736,2.048,4,False
1025,4.1399045768125955,2.0470635488907942,1.265866682955724,2.05,4,False
1026,4.144737006962215,2.044390964068703,1.2631900789353416,2.052,4,False
1027,4.149567421012559,2.0417077427340886,1.2605105716553706,2.054,4,False
1028,4.154395666250938,2.0390139403930005,1.2578282416957498,2.056,4,False
1029,4.159221589964661,2.0363096125514915,1.2551431696364204,2.058,4,False
1030,4.16404503944104,2.033594814715612,1.2524554360573223,2.06,4,False
1031,4.168865861967386,2.0308696023914163,1.2497651215383974,2.062,4,False
1032,4.173683904831011,2.0281340310849547,1.247072306659586,2.064,4,False
1033,4.178499015319223,2.0253881563022795,1.2443770720008287,2.066,4,False
1034,4.183311040719337,2.022632033549442,1.2416794981420662,2.068,4,False
1035,4.1881198283186585,2.0198657183324955,1.2389796656632397,2.07,4,True
1036,4.192925225404505,2.017089266157491,1.2362776551442887,2.072,4,False
1037,4.197727079264182,2.014302732530481,1.2335735471651559,2.074,4,False
1038,4.2025252371850055,2.0115061729575157,1.2308674223057798,2.076,4,False
1039,4.20731954645428,2.0086996429446495,1.228159361146103,2.078,4,False
1040,4.212109854359322,2.005883197997932,1.2254494442660646,2.08,4,False
1041,4.216896008187441,2.003056893623418,1.222737752245607,2.082,4,False
1042,4.221677855225948,2.0002207853271563,1.2200243656646692,2.084,4,False
1043,4.226455242762153,1.9973749286152005,1.2173093651031939,2.086,4,False
1044,4.231228018083368,1.9945193789936018,1.2145928311411194,2.088,4,False
1045,4.235996028476901,1.9916541919684128,1.2118748443583889,2.09,4,False
1046,4.240759121230069,1.9887794230456848,1.209155485334941,2.092,4,False
1047,4.245517143630177,1.9858951277314707,1.206434834650718,2.094,4,False
1048,4.250269942964539,1.9830013615318212,1.2037129728856593,2.096,4,False
1049,4.255017366520464,1.9800981799527886,1.200989980619707,2.098,4,False
1050,4.259759261585267,1.9771856385004247,1.1982659384328005,2.1,4,False
1051,4.264495475446254,1.9742637926807827,1.1955409269048818,2.102,4,False
1052,4.269225855390739,1.9713326979999122,1.19281502661589,2.104,4,False
1053,4.273950248706033,1.9683924099638674,1.1900883181457678,2.106,4,False
1054,4.278668502679444,1.9654429840786982,1.187360882074454,2.108,4,False
1055,4.283380464598286,1.9624844758504585,1.1846327989818908,2.11,4,False
1056,4.288085981749871,1.959516940785199,1.181904149448018,2.112,4,False
1057,4.2927849014215065,1.9565404343889718,1.179175014052777,2.114,4,False
1058,4.297477070900505,1.9535550121678282,1.1764454733761076,2.116,4,False
1059,4.302162337474177,1.950560729627822,1.1737156079979514,2.118,4,False
1060,4.306840548429834,1.9475576422750025,1.1709854984982486,2.12,4,True
1061,4.311511551054788,1.944545805615424,1.168255225456941,2.122,4,False
1062,4.316175192636347,1.941525275155137,1.1655248694539675,2.124,4,False
1063,4.320831320461825,1.9384961064001947,1.1627945110692703,2.126,4,False
1064,4.325479781818532,1.9354583548566469,1.1600642308827895,2.128,4,False
1065,4.330120423993778,1.932412076030547,1.1573341094744654,2.13,4,False
1066,4.334753094274876,1.9293573254279466,1.1546042274242396,2.132,4,False
1067,4.339377639949134,1.9262941585548987,1.151874665312053,2.134,4,False
1068,4.343993908303866,1.923222630917453,1.149145503717845,2.136,4,False
1069,4.348601746626379,1.9201427980216632,1.1464168232215572,2.138,4,False
1070,4.353201002203989,1.9170547153735802,1.1436887044031303,2.14,4,False
1071,4.357791522324004,1.9139584384792567,1.1409612278425048,2.142,4,False
1072,4.362373154273736,1.9108540228447441,1.1382344741196215,2.144,4,False
1073,4.366945745340494,1.9077415239760944,1.1355085238144214,2.146,4,False
1074,4.3715091428115915,1.9046209973793597,1.1327834575068447,2.148,4,False
1075,4.376063193974337,1.9014924985605919,1.130059355776833,2.15,4,False
1076,4.380607746116046,1.8983560830258426,1.1273362992043259,2.152,4,False
1077,4.385142646524023,1.8952118062811645,1.124614368369265,2.154,4,False
1078,4.389667742485584,1.8920597238326073,1.1218936438515899,2.156,4,False
1079,4.394182881288038,1.8888998911862265,1.119174206231243,2.158,4,False
1080,4.398687910218695,1.885732363848071,1.1164561360881633,2.16,4,False
1081,4.403182676564868,1.8825571973241944,1.1137395140022934,2.162,4,False
1082,4.4076670276138685,1.8793744471206473,1.1110244205535718,2.164,4,False
1083,4.412140810653004,1.8761841687434828,1.1083109363219412,2.166,4,False
1084,4.4166038729695885,1.8729864176987516,1.1055991418873403,2.168,4,False
1085,4.421056061850931,1.8697812494925075,1.1028891178297127,2.17,4,True
1086,4.425497224584345,1.8665687196308,1.1001809447289963,2.172,4,False
1087,4.429927208457138,1.863348883619683,1.097474703165133,2.174,4,False
1088,4.434345860756625,1.8601217969652073,1.0947704737180635,2.176,4,False
1089,4.438753028770114,1.8568875151734259,1.0920683369677289,2.178,4,False
1090,4.443148559784916,1.8536460937503885,1.089368373494069,2.18,4,False
1091,4.4475323010883425,1.85039758820215,1.0866706638770254,2.182,4,False
1092,4.451904099967706,1.8471420540347594,1.0839752886965377,2.184,4,False
1093,4.456263803710316,1.8438795467542715,1.0812823285325486,2.186,4,False
1094,4.460611259603484,1.8406101218667361,1.0785918639649965,2.188,4,False
1095,4.464946314934519,1.837333834878206,1.0759039755738236,2.19,4,False
1096,4.469268816990735,1.8340507412947324,1.07321874393897,2.192,4,False
1097,4.473578613059442,1.8307608966223685,1.0705362496403772,2.194,4,False
1098,4.47787555042795,1.8274643563671644,1.0678565732579848,2.196,4,False
1099,4.482159476383569,1.8241611760351735,1.0651797953717344,2.198,4,False
1100,4.4864302382136145,1.820851411132447,1.062505996561566,2.2,4,False
1101,4.490687683205392,1.8175351171650378,1.0598352574074215,2.202,4,False
1102,4.494931658646217,1.8142123496389964,1.05716765848924,2.204,4,False
1103,4.499162011823396,1.8108831640603757,1.0545032803869636,2.206,4,False
1104,4.503378590024244,1.8075476159352266,1.0518422036805317,2.208,4,False
1105,4.507581240536068,1.8042057607696023,1.0491845089498868,2.21,4,False
1106,4.511769810646182,1.8008576540695536,1.0465302767749676,2.212,4,False
1107,4.515944147641897,1.7975033513411338,1.0438795877357168,2.214,4,False
1108,4.520104098810524,1.7941429080903935,1.0412325224120735,2.216,4,False
1109,4.524249511439373,1.7907763798233853,1.03858916138398,2.218,4,False
1110,4.528380232815754,1.78740382204616,1.0359495852313745,2.22,4,True
1111,4.532496110226979,1.7840252902647715,1.0333138745342005,2.222,4,False
1112,4.536596990960359,1.7806408399852696,1.030682109872397,2.224,4,False
1113,4.540682722303206,1.7772505267137082,1.0280543718259059,2.226,4,False
1114,4.54475315154283,1.7738544059561374,1.0254307409746666,2.228,4,False
1115,4.5488081259665405,1.7704525332186105,1.022811297898621,2.23,4,False
1116,4.552847492861651,1.7670449640071781,1.0201961231777088,2.232,4,False
1117,4.556871099515471,1.763631753827894,1.017585297391872,2.234,4,False
1118,4.560878793215312,1.7602129581868082,1.0149789011210497,2.236,4,False
1119,4.564870421248483,1.7567886325899735,1.0123770149451838,2.238,4,False
1120,4.5688458309022995,1.7533588325434413,1.0097797194442146,2.24,4,False
1121,4.572804869464067,1.7499236135532648,1.0071870951980832,2.242,4,False
1122,4.576747384221101,1.7464830311254944,1.0045992227867298,2.244,4,False
1123,4.580673222460709,1.7430371407661833,1.0020161827900953,2.246,4,False
1124,4.584582231470205,1.7395859979813815,0.9994380557881206,2.248,4,False
1125,4.588474258536899,1.7361296582771437,0.9968649223607465,2.25,4,False
1126,4.5923491509481,1.7326681771595194,0.994296863087913,2.2520000000000002,4,False
1127,4.596206755991122,1.729201610134562,0.9917339585495618,2.254,4,False
1128,4.600046920953273,1.7257300127083215,0.9891762893256327,2.2560000000000002,4,False
1129,4.6038694931218656,1.7222534403868524,0.9866239359960673,2.258,4,False
1130,4.607674319784211,1.7187719486762048,0.9840769791408052,2.2600000000000002,4,False
1131,4.611461248227619,1.7152855930824318,0.9815354993397887,2.262,4,False
1132,4.6152301257394015,1.7117944291115834,0.9789995771729568,2.2640000000000002,4,False
1133,4.618980799606871,1.7082985122697143,0.9764692932202519,2.266,4,False
1134,4.6227131171173355,1.7047978980628742,0.9739447280616134,2.2680000000000002,4,False
1135,4.626426925558106,1.7012926419971157,0.9714259622769827,2.27,4,True
1136,4.630122072216496,1.6977827995784904,0.9689130764462999,2.2720000000000002,4,False
1137,4.633798404379814,1.6942684263130512,0.9664061511495066,2.274,4,False
1138,4.637455769335374,1.690749577706849,0.9639052669665426,2.2760000000000002,4,False
1139,4.641094014370483,1.687226309265936,0.9614105044773492,2.278,4,False
1140,4.644712986772455,1.683698676496364,0.9589219442618669,2.2800000000000002,4,False
1141,4.6483125338286,1.6801667349041858,0.9564396669000369,2.282,4,False
1142,4.651892502826229,1.6766305399954518,0.953963752971799,2.2840000000000003,4,False
1143,4.6554527410526525,1.6730901472762154,0.9514942830570952,2.286,4,False
1144,4.658993095795181,1.6695456122525272,0.9490313377358646,2.2880000000000003,4,False
1145,4.662513414341129,1.6659969904304406,0.9465749975880494,2.29,4,False
1146,4.666013543977802,1.6624443373160058,0.9441253431935893,2.2920000000000003,4,False
1147,4.6694933319925145,1.6588877084152764,0.9416824551324258,2.294,4,False
1148,4.672952625672578,1.6553271592343024,0.9392464139844987,2.2960000000000003,4,False
1149,4.676391272305301,1.6517627452791384,0.93681730032975,2.298,4,False
1150,4.679809119177997,1.6481945220558332,0.9343951947481192,2.3000000000000003,4,False
1151,4.683206013577973,1.6446225450704413,0.9319801778195478,2.302,4,False
1152,4.686581802792544,1.6410468698290124,0.9295723301239756,2.3040000000000003,4,False
1153,4.689936334109018,1.6374675518376005,0.9271717322413445,2.306,4,False
1154,4.6932694548147085,1.6338846466022567,0.9247784647515948,2.308,4,False
1155,4.696581012196927,1.6302982096290322,0.9223926082346667,2.31,4,False
1156,4.699870853542981,1.6267082964239796,0.9200142432705013,2.312,4,False
1157,4.703138826140185,1.6231149624931505,0.9176434504390392,2.314,4,False
1158,4.706384777275847,1.6195182633425977,0.9152803103202221,2.316,4,False
1159,4.70960855423728,1.615918254478372,0.9129249034939887,2.318,4,False
1160,4.712810004311794,1.6123149914065262,0.9105773105402816,2.32,4,True
1161,4.7159889747867,1.6087085296331107,0.9082376120390403,2.322,4,False
1162,4.719145312949309,1.6050989246641794,0.9059058885702064,2.324,4,False
1163,4.722278866086932,1.6014862320057828,0.9035822207137199,2.326,4,False
1164,4.725389481486881,1.5978705071639738,0.9012666890495222,2.328,4,False
1165,4.728477006436465,1.5942518056448032,0.8989593741575536,2.33,4,False
1166,4.731541288222997,1.5906301829543243,0.896660356617755,2.332,4,False
1167,4.734582174133786,1.5870056945985873,0.8943697170100665,2.334,4,False
1168,4.737599511456145,1.5833783960836463,0.8920875359144301,2.336,4,False
1169,4.740593147477384,1.579748342915551,0.8898138939107851,2.338,4,False
1170,4.743562929484813,1.5761155906003552,0.8875488715790736,2.34,4,False
1171,4.746508704765746,1.5724801946441092,0.8852925494992349,2.342,4,False
1172,4.749430320607488,1.5688422105528657,0.8830450082512106,2.344,4,False
1173,4.752327624297357,1.565201693832676,0.880806328414941,2.346,4,False
1174,4.755200463122659,1.5615586999895936,0.8785765905703675,2.348,4,False
1175,4.758048684370708,1.5579132845296688,0.8763558752974303,2.35,4,False
1176,4.760872135328813,1.5542655029589543,0.8741442631760701,2.352,4,False
1177,4.763670663284286,1.550615410783501,0.8719418347862276,2.354,4,False
1178,4.766444115524436,1.546963063509363,0.8697486707078439,2.356,4,False
1179,4.76919233933658,1.5433085166425897,0.8675648515208592,2.358,4,False
1180,4.771915182008021,1.5396518256892353,0.865390457805215,2.36,4,False
1181,4.7746124908260725,1.535993046155349,0.8632255701408508,2.362,4,False
1182,4.777284113078047,1.532332233546986,0.8610702691077087,2.364,4,False
1183,4.779929896051257,1.5286694433701944,0.8589246352857278,2.366,4,False
1184,4.7825496870330095,1.5250047311310304,0.8567887492548505,2.368,4,False
1185,4.785143333310617,1.5213381523355414,0.8546626915950163,2.37,4,True
1186,4.787710682171394,1.5176697624897835,0.8525465428861667,2.372,4,False
1187,4.790251580902645,1.513999617099806,0.8504403837082423,2.374,4,False
1188,4.792765876791685,1.5103277716716619,0.8483442946411837,2.376,4,False
1189,4.795253417125825,1.5066542817114015,0.8462583562649306,2.378,4,False
1190,4.797714049192374,1.50297920272508,0.8441826491594256,2.38,4,False
1191,4.800147620278647,1.4993025902187456,0.842117253904608,2.382,4,False
1192,4.802553977671948,1.495624499698453,0.8400622510804197,2.384,4,False
1193,4.804932968659595,1.491944986670252,0.8380177212668,2.386,4,False
1194,4.807284440528894,1.4882641066401963,0.8359837450436907,2.388,4,False
1195,4.809608240567159,1.4845819151143367,0.8339604029910319,2.39,4,False
1196,4.8119042160617,1.4808984675987258,0.8319477756887649,2.392,4,False
1197,4.8141722142998296,1.4772138195994147,0.8299459437168297,2.394,4,False
1198,4.816412082568854,1.473528026622456,0.8279549876551678,2.396,4,False
1199,4.8186236681560874,1.469841144173901,0.8259749880837192,2.398,4,False
1200,4.820806818348843,1.4661532277598028,0.8240060255824255,2.4,4,False
1201,4.822961380434429,1.4624643328862115,0.8220481807312263,2.402,4,False
1202,4.825087201700154,1.458774515059181,0.8201015341100635,2.404,4,False
1203,4.827184129433334,1.455083829784762,0.8181661662988767,2.406,4,False
1204,4.829252010921277,1.4513923325690063,0.8162421578776077,2.408,4,False
1205,4.831290693451295,1.4477000789179664,0.8143295894261959,2.41,4,False
1206,4.833300024310699,1.4440071243376946,0.8124285415245838,2.412,4,False
1207,4.835279850786798,1.4403135243342413,0.8105390947527104,2.414,4,False
1208,4.837230020166906,1.43661933441366,0.8086613296905174,2.416,4,False
1209,4.8391503797383315,1.4329246100820012,0.8067953269179448,2.418,4,False
1210,4.841040776788387,1.429229406845318,0.8049411670149342,2.42,4,True
1211,4.842901058604381,1.4255337802096613,0.8030989305614255,2.422,4,False
1212,4.844731072473628,1.4218377856810844,0.8012686981373603,2.424,4,False
1213,4.846530665683439,1.4181414787656375,0.7994505503226785,2.426,4,False
1214,4.84829968552112,1.4144449149693743,0.7976445676973212,2.428,4,False
1215,4.850037979273988,1.4107481497983456,0.7958508308412293,2.43,4,False
1216,4.851745394229349,1.4070512387586034,0.794069420334343,2.432,4,False
1217,4.853421777674518,1.4033542373561994,0.7923004167566032,2.434,4,False
1218,4.8550669768968024,1.399657201097186,0.7905439006879509,2.436,4,False
1219,4.856680839183517,1.3959601854876154,0.7887999527083267,2.438,4,False
1220,4.858263211821968,1.3922632460335387,0.7870686533976714,2.44,4,False
1221,4.859813942099471,1.3885664382410083,0.7853500833359253,2.442,4,False
1222,4.861332877303335,1.3848698176160765,0.7836443231030297,2.444,4,False
1223,4.862819864720871,1.3811734396647937,0.7819514532789243,2.446,4,False
1224,4.86427475163939,1.377477359893214,0.7802715544435517,2.448,4,False
1225,4.865697385346201,1.3737816338073865,0.7786047071768502,2.45,4,False
1226,4.867087613128619,1.370086316913367,0.7769509920587631,2.452,4,False
1227,4.868445282273952,1.366391464717203,0.7753104896692283,2.454,4,False
1228,4.869770240069511,1.3626971327249504,0.7736832805881895,2.456,4,False
1229,4.871062333802609,1.3590033764426577,0.7720694453955846,2.458,4,False
1230,4.872321410760555,1.3553102513763795,0.7704690646713568,2.46,4,False
1231,4.873547318230661,1.3516178130321663,0.7688822189954452,2.462,4,False
1232,4.874739903500238,1.347926116916071,0.7673089889477911,2.464,4,False
1233,4.875899013856596,1.3442352185341435,0.7657494551083347,2.466,4,False
1234,4.877024496587046,1.3405451733924383,0.7642036980570176,2.468,4,False
1235,4.878116198978901,1.3368560369970053,0.7626717983737799,2.47,4,True
1236,4.87917396831947,1.3331678648538978,0.7611538366385625,2.472,4,False
1237,4.880197651896063,1.3294807124691665,0.7596498934313062,2.474,4,False
1238,4.881187096995994,1.3257946353488645,0.7581600493319516,2.476,4,False
1239,4.882142150906571,1.3221096889990422,0.756684384920439,2.478,4,False
1240,4.883062660915107,1.3184259289257536,0.7552229807767101,2.48,4,False
1241,4.883948474308913,1.314743410635049,0.7537759174807046,2.482,4,False
1242,4.8847994383753,1.3110621896329815,0.7523432756123646,2.484,4,False
1243,4.885615400401576,1.307382321425601,0.7509251357516288,2.486,4,False
1244,4.886396207675055,1.3037038615189616,0.7495215784784399,2.488,4,False
1245,4.887141707483048,1.3000268654191136,0.7481326843727371,2.49,4,False
1246,4.887851747112864,1.2963513886321105,0.7467585340144622,2.492,4,False
1247,4.888526173851815,1.292677486664003,0.7453992079835553,2.494,4,False
1248,4.889164834987212,1.2890052150208433,0.7440547868599574,2.496,4,False
1249,4.889767577806368,1.285334629208683,0.7427253512236089,2.498,4,False
1250,4.89033424959659,1.2816657847335755,0.7414109816544512,2.5,4,False
1251,4.890864697645191,1.2779987371015702,0.7401117587324243,2.5020000000000002,4,False
1252,4.891358769239482,1.2743335418187216,0.7388277630374692,2.504,4,False
1253,4.8918163116667746,1.2706702543910795,0.7375590751495265,2.5060000000000002,4,False
1254,4.892237172214379,1.2670089303246974,0.7363057756485373,2.508,4,False
1255,4.892621198169605,1.2633496251256264,0.7350679451144417,2.5100000000000002,4,False
1256,4.892968236819767,1.259692394299919,0.7338456641271812,2.512,4,False
1257,4.893278135452172,1.2560372933536257,0.7326390132666959,2.5140000000000002,4,False
1258,4.893550741354133,1.2523843777928005,0.7314480731129268,2.516,4,False
1259,4.893785901812961,1.248733703123493,0.7302729242458144,2.5180000000000002,4,False
1260,4.8939834641159665,1.2450853248517577,0.7291136472452997,2.52,4,True
1261,4.8941432755504595,1.2414392984836438,0.7279703226913229,2.5220000000000002,4,False
1262,4.8942651834037525,1.2377956795252054,0.7268430311638256,2.524,4,False
1263,4.894349034963157,1.2341545234824933,0.7257318532427477,2.5260000000000002,4,False
1264,4.894394677515981,1.23051588586156,0.7246368695080303,2.528,4,False
1265,4.8944019583495395,1.2268798221684565,0.7235581605396137,2.5300000000000002,4,False
1266,4.894370724751141,1.2232463879092361,0.7224958069174398,2.532,4,False
1267,4.894300824008096,1.2196156385899493,0.721449889221448,2.5340000000000003,4,False
1268,4.8941921034077165,1.2159876297166492,0.7204204880315794,2.536,4,False
1269,4.894044410237313,1.212362416795386,0.7194076839277745,2.5380000000000003,4,False
1270,4.893857591784199,1.2087400553322147,0.7184115574899754,2.54,4,False
1271,4.89363149533568,1.2051206008331834,0.7174321892981209,2.5420000000000003,4,False
1272,4.893365968179072,1.2015041088043472,0.7164696599321531,2.544,4,False
1273,4.893060857601684,1.1978906347517557,0.7155240499720117,2.5460000000000003,4,False
1274,4.892716010890828,1.194280234181463,0.7145954399976384,2.548,4,False
1275,4.892331275333812,1.190672962599519,0.7136839105889732,2.5500000000000003,4,False
1276,4.89190649821795,1.1870688755119767,0.7127895423259571,2.552,4,False
1277,4.89144152683055,1.1834680284248869,0.7119124157885306,2.5540000000000003,4,False
1278,4.890936208458927,1.1798704768443036,0.711052611556635,2.556,4,False
1279,4.89039039039039,1.1762762762762764,0.7102102102102104,2.5580000000000003,4,False
1280,4.8898039640414614,1.17268547998854,0.7093852716392491,2.56,4,False
1281,4.889176997345504,1.1690981322955447,0.7085777729739487,2.562,4,False
1282,4.888509602365093,1.165514275273423,0.7077876706545569,2.564,4,False
1283,4.887801891162802,1.1619339509983082,0.7070149211213235,2.566,4,False
1284,4.887053975801209,1.1583572015463326,0.706259480814496,2.568,4,False
1285,4.886265968342886,1.1547840689936295,0.7055213061743245,2.57,4,False
1286,4.885437980850409,1.1512145954163304,0.7048003536410564,2.572,4,False
1287,4.884570125386355,1.1476488228905686,0.7040965796549408,2.574,4,False
1288,4.883662514013293,1.1440867934924757,0.7034099406562261,2.576,4,False
1289,4.882715258793806,1.140528549298186,0.7027403930851619,2.578,4,False
1290,4.881728471790462,1.13697413238383,0.7020878933819954,2.58,4,False
1291,4.880702265065838,1.1334235848255414,0.701452397986976,2.582,4,False
1292,4.879636750682509,1.129876948699452,0.7008338633403525,2.584,4,False
1293,4.878532040703052,1.1263342660816964,0.7002322458823734,2.586,4,False
1294,4.877388247190038,1.1227955790484045,0.6996475020532871,2.588,4,False
1295,4.8762054822060446,1.1192609296757108,0.6990795882933425,2.59,4,False
1296,4.874983857813646,1.1157303600397461,0.6985284610427881,2.592,4,False
1297,4.873723486075417,1.1122039122166452,0.6979940767418729,2.594,4,False
1298,4.872424479053932,1.1086816282825382,0.697476391830845,2.596,4,False
1299,4.871086948811767,1.1051635503135595,0.6969753627499535,2.598,4,False
1300,4.869711007411496,1.101649720385841,0.6964909459394466,2.6,4,False
1301,4.868296766915692,1.0981401805755155,0.6960230978395736,2.602,4,False
1302,4.866844339386934,1.0946349729587146,0.6955717748905825,2.604,4,False
1303,4.8653538368877935,1.0911341396115726,0.6951369335327222,2.606,4,False
1304,4.863825371480847,1.0876377226102196,0.6947185302062414,2.608,4,False
1305,4.8622590552286695,1.0841457640307912,0.694316521351389,2.61,4,False
1306,4.860655000193834,1.080658305949417,0.6939308634084129,2.612,4,False
1307,4.859013318438916,1.0771753904422317,0.6935615128175625,2.614,4,False
1308,4.857334122026493,1.0736970595853668,0.6932084260190859,2.616,4,False
1309,4.855617523019138,1.0702233554549556,0.6928715594532323,2.618,4,False
1310,4.853863633479423,1.0667543201271286,0.6925508695602497,2.62,4,False
1311,4.8520725654699275,1.0632899956780217,0.6922463127803871,2.622,4,False
1312,4.8502444310532224,1.0598304241837644,0.6919578455538932,2.624,4,False
1313,4.848379342291887,1.0563756477204915,0.6916854243210167,2.626,4,False
1314,4.846477411248493,1.0529257083643337,0.6914290055220059,2.628,4,False
1315,4.844538749985617,1.0494806481914256,0.69118854559711,2.63,4,False
1316,4.842563470565831,1.0460405092778975,0.6909640009865768,2.632,4,False
1317,4.840551685051712,1.0426053336998842,0.690755328130656,2.634,4,False
1318,4.838503505505834,1.0391751635335158,0.6905624834695953,2.636,4,False
1319,4.836419043990775,1.0357500408549272,0.6903854234436438,2.638,4,False
1320,4.8342984125691055,1.0323300077402493,0.6902241044930503,2.64,4,False
1321,4.832141723303402,1.0289151062656152,0.6900784830580627,2.642,4,False
1322,4.8299490882562415,1.0255053785071577,0.6899485155789309,2.644,4,False
1323,4.8277206194901945,1.0221008665410096,0.6898341584959025,2.646,4,False
1324,4.825456429067837,1.0187016124433024,0.6897353682492263,2.648,4,False
1325,4.823156629051749,1.0153076582901697,0.6896521012791513,2.65,4,False
1326,4.820821331504498,1.0119190461577432,0.6895843140259258,2.652,4,False
1327,4.818450648488664,1.0085358181221569,0.6895319629297989,2.654,4,False
1328,4.8160446920668205,1.0051580162595413,0.689495004431019,2.656,4,False
1329,4.813603574301541,1.0017856826460307,0.6894733949698345,2.658,4,False
1330,4.811127407255402,0.9984188593577561,0.6894670909864942,2.66,4,False
1331,4.808616302990979,0.995057588470852,0.689476048921247,2.662,4,False
1332,4.806070373570842,0.9917019120614488,0.6895002252143412,2.664,4,False
1333,4.803489731057573,0.9883518722056811,0.6895395763060257,2.666,4,False
1334,4.800874487513743,0.9850075109796799,0.6895940586365489,2.668,4,False
1335,4.798224755001926,0.9816688704595786,0.6896636286461595,2.67,4,False
1336,4.7955406455846985,0.9783359927215093,0.6897482427751065,2.672,4,False
1337,4.792822271324634,0.9750089198416052,0.6898478574636382,2.674,4,False
1338,4.790069744284308,0.9716876938959975,0.6899624291520031,2.676,4,False
1339,4.787283176526298,0.9683723569608208,0.6900919142804502,2.678,4,False
1340,4.784462680113174,0.9650629511122057,0.6902362692892282,2.68,4,False
1341,4.7816083671075145,0.961759518426286,0.6903954506185853,2.682,4,False
1342,4.778720349571893,0.9584621009791936,0.6905694147087706,2.684,4,False
1343,4.775798739568885,0.9551707408470613,0.6907581180000321,2.686,4,False
1344,4.772843649161065,0.9518854801060218,0.6909615169326195,2.688,4,False
1345,4.769855190411008,0.9486063608322075,0.6911795679467805,2.69,4,False
1346,4.766833475381287,0.9453334251017508,0.6914122274827643,2.692,4,False
1347,4.76377861613448,0.9420667149907849,0.691659451980819,2.694,4,False
1348,4.760690724733161,0.9388062725754411,0.6919211978811939,2.696,4,False
1349,4.757569913239902,0.9355521399318534,0.6921974216241373,2.698,4,False
1350,4.7544162937172825,0.9323043591361528,0.6924880796498978,2.7,4,False
1351,4.751229978227874,0.9290629722644737,0.6927931283987242,2.702,4,False
1352,4.748011078834251,0.9258280213929467,0.6931125243108648,2.704,4,False
1353,4.74475970759899,0.9225995485977062,0.6934462238265687,2.706,4,False
1354,4.741475976584668,0.9193775959548836,0.6937941833860846,2.708,4,False
1355,4.738159997853854,0.9161622055406117,0.6941563594296604,2.71,4,False
1356,4.734811883469128,0.9129534194310228,0.6945327083975457,2.712,4,False
1357,4.731431745493066,0.9097512797022507,0.6949231867299884,2.714,4,False
1358,4.728019695988234,0.9065558284304257,0.6953277508672375,2.716,4,False
1359,4.724575847017218,0.9033671076916828,0.6957463572495417,2.718,4,False
1360,4.721100310642585,0.9001851595621526,0.6961789623171495,2.72,4,False
1361,4.717593198926913,0.8970100261179694,0.6966255225103094,2.722,4,False
1362,4.7140546239327765,0.8938417494352638,0.6970859942692704,2.724,4,False
1363,4.71048469772275,0.8906803715901701,0.6975603340342809,2.726,4,False
1364,4.7068835323594085,0.8875259346588196,0.6980484982455898,2.728,4,False
1365,4.703251239905329,0.8843784807173463,0.6985504433434454,2.73,4,False
1366,4.699587932423081,0.8812380518418809,0.6990661257680967,2.732,4,False
1367,4.695893721975246,0.8781046901085576,0.6995955019597918,2.734,4,False
1368,4.6921687206243945,0.8749784375935077,0.7001385283587801,2.736,4,False
1369,4.688413040433101,0.8718593363728648,0.7006951614053094,2.738,4,False
1370,4.684626793463943,0.8687474285227603,0.701265357539629,2.74,4,False
1371,4.680810091779494,0.8656427561193285,0.7018490732019874,2.742,4,False
1372,4.67696304744233,0.8625453612387,0.7024462648326333,2.744,4,False
1373,4.673085772515025,0.8594552859570087,0.703056888871815,2.746,4,False
1374,4.66917837906015,0.8563725723503862,0.7036809017597815,2.748,4,False
1375,4.665240979140288,0.8532972624949662,0.7043182599367812,2.75,4,False
1376,4.661273684818006,0.8502293984668798,0.7049689198430633,2.7520000000000002,4,False
1377,4.657276608155885,0.8471690223422613,0.7056328379188757,2.754,4,False
1378,4.653249861216496,0.8441161761972416,0.7063099706044673,2.7560000000000002,4,False
1379,4.649193556062416,0.8410709021079547,0.7070002743400867,2.758,4,False
1380,4.6451078047562175,0.8380332421505317,0.707703705565983,2.7600000000000002,4,False
1381,4.640992719360478,0.835003238401106,0.708420220722404,2.762,4,False
1382,4.636848411937771,0.8319809329358101,0.7091497762495993,2.7640000000000002,4,False
1383,4.632674994550672,0.828966367830777,0.709892328587817,2.766,4,False
1384,4.628472579261753,0.825959585162138,0.710647834177306,2.7680000000000002,4,False
1385,4.624241278133592,0.8229606270060269,0.7114162494583145,2.77,4,False
1386,4.619981203228765,0.8199695354385751,0.7121975308710915,2.7720000000000002,4,False
1387,4.615692466609843,0.8169863525359169,0.7129916348558856,2.774,4,False
1388,4.6113751803394045,0.814011120374183,0.7137985178529457,2.7760000000000002,4,False
1389,4.607029456480021,0.8110438810295072,0.7146181363025198,2.778,4,False
1390,4.60265540709427,0.808084676578021,0.7154504466448569,2.7800000000000002,4,False
1391,4.598253144244725,0.8051335490958581,0.7162954053202059,2.782,4,False
1392,4.593822779993962,0.80219054065915,0.7171529687688152,2.7840000000000003,4,False
1393,4.589364426404552,0.7992556933440301,0.7180230934309332,2.786,4,False
1394,4.584878195539076,0.7963290492266301,0.7189057357468088,2.7880000000000003,4,False
1395,4.580364199460105,0.7934106503830838,0.7198008521566909,2.79,4,False
1396,4.575822550230215,0.7905005388895224,0.720708399100828,2.7920000000000003,4,False
1397,4.571253359911982,0.7875987568220796,0.7216283330194682,2.794,4,False
1398,4.566656740567976,0.7847053462568868,0.7225606103528611,2.7960000000000003,4,False
1399,4.562032804260778,0.7818203492700777,0.7235051875412541,2.798,4,False
1400,4.557381663052958,0.7789438079377838,0.7244620210248973,2.8000000000000003,4,False
1401,4.552703429007095,0.7760757643361389,0.7254310672440383,2.802,4,False
1402,4.5479982141857604,0.7732162605412743,0.7264122826389262,2.8040000000000003,4,False
1403,4.543266130651531,0.7703653386293232,0.7274056236498094,2.806,4,False
1404,4.53850729046698,0.7675230406764179,0.7284110467169368,2.8080000000000003,4,False
1405,4.533721805694687,0.7646894087586918,0.7294285082805567,2.81,4,False
1406,4.528909788397218,0.7618644849522758,0.7304579647809182,2.8120000000000003,4,False
1407,4.524071350637158,0.7590483113333042,0.7314993726582696,2.814,4,False
1408,4.519206604477075,0.7562409299779089,0.7325526883528595,2.816,4,False
1409,4.514315661979545,0.7534423829622217,0.7336178683049369,2.818,4,False
1410,4.509398635207145,0.7506527123623762,0.7346948689547499,2.82,4,False
1411,4.504455636222447,0.7478719602545039,0.7357836467425478,2.822,4,False
1412,4.499486777088029,0.7451001687147388,0.7368841581085789,2.824,4,False
1413,4.494492169866465,0.742337379819212,0.737996359493092,2.826,4,False
1414,4.489471926620328,0.7395836356440573,0.7391202073363352,2.828,4,False
1415,4.484426159412192,0.7368389782654059,0.7402556580785582,2.83,4,False
1416,4.479354980304636,0.734103449759392,0.7414026681600084,2.832,4,False
1417,4.474258501360233,0.7313770922021464,0.7425611940209356,2.834,4,False
1418,4.469136834641558,0.7286599476698034,0.7437311921015874,2.836,4,False
1419,4.463990092211184,0.7259520582384938,0.744912618842213,2.838,4,False
1420,4.4588183861316875,0.7232534659843519,0.7461054306830615,2.84,4,False
1421,4.453621828465644,0.7205642129835087,0.7473095840643806,2.842,4,False
1422,4.448400531275627,0.7178843413120979,0.7485250354264195,2.844,4,False
1423,4.443154606624212,0.715213893046251,0.7497517412094269,2.846,4,False
1424,4.437884166573974,0.7125529102621019,0.7509896578536507,2.848,4,False
1425,4.4325893231874876,0.709901435035782,0.752238741799341,2.85,4,False
1426,4.427270188527326,0.7072595094434245,0.753498949486745,2.852,4,False
1427,4.4219268746560685,0.7046271755611613,0.7547702373561123,2.854,4,False
1428,4.416559493636286,0.7020044754651259,0.7560525618476907,2.856,4,False
1429,4.411168157530555,0.6993914512314499,0.7573458794017294,2.858,4,False
1430,4.405752978401449,0.6967881449362666,0.7586501464584771,2.86,4,False
1431,4.400314068311545,0.694194598655708,0.7599653194581827,2.862,4,False
1432,4.394851539323414,0.6916108544659071,0.7612913548410937,2.864,4,False
1433,4.389365503499636,0.689036954442996,0.7626282090474601,2.866,4,False
1434,4.383856072902784,0.6864729406631082,0.7639758385175296,2.868,4,False
1435,4.37832335959543,0.6839188552023747,0.7653341996915517,2.87,4,False
1436,4.372767475640153,0.6813747401369293,0.7667032490097739,2.872,4,False
1437,4.367188533099524,0.6788406375429039,0.7680829429124457,2.874,4,False
1438,4.361586644036121,0.676316589496432,0.7694732378398156,2.876,4,False
1439,4.3559619205125175,0.6738026380736448,0.7708740902321323,2.878,4,False
1440,4.350314474591288,0.671298825350676,0.7722854565296438,2.88,4,False
1441,4.344644418335008,0.6688051934036572,0.7737072931725999,2.882,4,False
1442,4.338951863806255,0.6663217843087222,0.7751395566012484,2.884,4,False
1443,4.333236923067598,0.663848640142002,0.7765822032558382,2.886,4,False
1444,4.327499708181615,0.6613858029796305,0.7780351895766175,2.888,4,False
1445,4.321740331210881,0.6589333148977393,0.7794984720038359,2.89,4,False
1446,4.315958904217973,0.656491217972462,0.780972006977741,2.892,4,False
1447,4.310155539265461,0.6540595542799297,0.7824557509385826,2.894,4,False
1448,4.304330348415923,0.6516383658962763,0.783949660326608,2.896,4,False
1449,4.298483443731932,0.6492276948976337,0.785453691582067,2.898,4,False
1450,4.292614937276067,0.6468275833601349,0.7869678011452074,2.9,4,False
1451,4.286724941110896,0.6444380733599115,0.7884919454562787,2.902,4,False
1452,4.280813567299002,0.6420592069730975,0.7900260809555285,2.904,4,False
1453,4.274880927902953,0.6396910262758237,0.7915701640832066,2.906,4,False
1454,4.268927134985328,0.6373335733442247,0.7931241512795606,2.908,4,False
1455,4.2629523006087,0.634986890254431,0.7946879989848401,2.91,4,False
1456,4.256956536835646,0.6326510190825767,0.7962616636392927,2.912,4,False
1457,4.250939955728737,0.6303260019047937,0.7978451016831681,2.914,4,False
1458,4.24490266935055,0.6280118807972146,0.7994382695567139,2.916,4,False
1459,4.238844789763661,0.6257086978359717,0.80104112370018,2.918,4,False
1460,4.232766429030644,0.6234164950971984,0.802653620553814,2.92,4,False
1461,4.2266676992140715,0.6211353146570262,0.804275716557865,2.922,4,False
1462,4.220548712376523,0.6188651985915888,0.8059073681525811,2.924,4,False
1463,4.214409580580567,0.6166061889770171,0.8075485317782116,2.926,4,False
1464,4.208250415888787,0.6143583278894457,0.8091991638750052,2.928,4,False
1465,4.202071330363751,0.6121216574050052,0.8108592208832103,2.93,4,False
1466,4.195872436068035,0.6098962195998298,0.8125286592430753,2.932,4,False
1467,4.189653845064215,0.607682056550051,0.814207435394849,2.934,4,False
1468,4.183415669414866,0.605479210331802,0.8158955057787801,2.936,4,False
1469,4.177158021182561,0.6032877230212144,0.8175928268351175,2.938,4,False
1470,4.170881012429878,0.601107636694422,0.8192993550041093,2.94,4,False
1471,4.164584755219391,0.5989389934275563,0.8210150467260047,2.942,4,False
1472,4.158269361613675,0.5967818352967509,0.8227398584410519,2.944,4,False
1473,4.1519349436753,0.5946362043781371,0.8244737465895002,2.946,4,False
1474,4.145581613466847,0.5925021427478488,0.8262166676115971,2.948,4,False
1475,4.1392094830508865,0.5903796924820172,0.8279685779475925,2.95,4,False
1476,4.132818664489999,0.588268895656776,0.8297294340377344,2.952,4,False
1477,4.126409269846754,0.5861697943482569,0.8314991923222713,2.954,4,False
1478,4.119981411183729,0.5840824306325932,0.8332778092414519,2.956,4,False
1479,4.113535200563496,0.5820068465859168,0.8350652412355256,2.958,4,False
1480,4.107070750048634,0.5799430842843609,0.8368614447447399,2.96,4,False
1481,4.100588171701714,0.5778911858040571,0.8386663762093445,2.962,4,False
1482,4.094087577585315,0.5758511932211394,0.8404799920695871,2.964,4,False
1483,4.087569079762007,0.5738231486117387,0.8423022487657174,2.966,4,False
1484,4.081032790294371,0.5718070940519889,0.8441331027379827,2.968,4,False
1485,4.074478821244974,0.5698030716180217,0.8459725104266331,2.97,4,False
1486,4.067907284676398,0.5678111233859703,0.8478204282719158,2.972,4,False
1487,4.0613182926512135,0.5658312914319666,0.849676812714081,2.974,4,False
1488,4.054711957231999,0.563863617832144,0.851541620193376,2.976,4,False
1489,4.0480883904813245,0.561908144662634,0.8534148071500505,2.978,4,False
1490,4.041447704461769,0.5599649139995699,0.8552963300243518,2.98,4,False
1491,4.034790011235905,0.5580339679190839,0.8571861452565301,2.982,4,False
1492,4.02811542286631,0.5561153484973091,0.8590842092868328,2.984,4,False
1493,4.021424051415555,0.5542090978103773,0.8609904785555094,2.986,4,False
1494,4.014716008946218,0.5523152579344218,0.862904909502808,2.988,4,False
1495,4.007991407520873,0.5504338709455744,0.8648274585689779,2.99,4,False
1496,4.001250359202094,0.5485649789199681,0.8667580821942664,2.992,4,False
1497,3.994492976052457,0.5467086239337355,0.8686967368189241,2.994,4,False
1498,3.9877193701345375,0.5448648480630092,0.8706433788831979,2.996,4,False
1499,3.9809296535109078,0.5430336933839213,0.8725979648273374,2.998,4,False
1500,3.9741239382441442,0.5412152019726046,0.8745604510915908,3.0,4,False
1501,3.967302336396821,0.5394094159051918,0.8765307941162074,3.0020000000000002,4,False
1502,3.960464960031517,0.5376163772578159,0.8785089503414348,3.004,4,False
1503,3.9536119212107996,0.5358361281066081,0.880494876207523,3.0060000000000002,4,False
1504,3.9467433319972507,0.5340687105277023,0.882488528154719,3.008,4,False
1505,3.9398593044534396,0.5323141665972301,0.8844898626232728,3.0100000000000002,4,False
1506,3.9329599506419473,0.530572538391325,0.8864988360534323,3.012,4,False
1507,3.926045382625342,0.5288438679861186,0.8885154048854468,3.0140000000000002,4,False
1508,3.919115712466203,0.5271281974577441,0.8905395255595641,3.016,4,False
1509,3.9121710522271034,0.5254255688823337,0.8925711545160335,3.0180000000000002,4,False
1510,3.9052115139706207,0.5237360243360205,0.8946102481951036,3.02,4,False
1511,3.8982372097593254,0.5220596058949363,0.8966567630370228,3.0220000000000002,4,False
1512,3.891248251655796,0.520396355635214,0.8987106554820399,3.024,4,False
1513,3.8842447517226026,0.5187463156329861,0.9007718819704034,3.0260000000000002,4,False
1514,3.8772268220223265,0.5171095279643856,0.902840398942362,3.028,4,False
1515,3.8701945746175386,0.5154860347055443,0.9049161628381645,3.0300000000000002,4,False
1516,3.863148121570815,0.5138758779325955,0.906999130098059,3.032,4,False
1517,3.8560875749447296,0.5122790997216711,0.909089257162295,3.0340000000000003,4,False
1518,3.849013046801858,0.510695742148904,0.9111865004711207,3.036,4,False
1519,3.841924649204775,0.5091258472904266,0.9132908164647849,3.0380000000000003,4,False
1520,3.834822494216057,0.5075694572223721,0.9154021615835357,3.04,4,False
1521,3.8277066938982736,0.5060266140208718,0.9175204922676224,3.0420000000000003,4,False
1522,3.8205773603140063,0.5044973597620594,0.9196457649572933,3.044,4,False
1523,3.813434605525825,0.5029817365220669,0.9217779360927973,3.0460000000000003,4,False
1524,3.8062785415963085,0.5014797863770272,0.9239169621143825,3.048,4,False
1525,3.7991092805880284,0.49999155140307217,0.9260627994622985,3.0500000000000003,4,False
1526,3.79192693456356,0.49851707367633513,0.9282154045767929,3.052,4,False
1527,3.7847316155854793,0.4970563952729482,0.9303747338981152,3.0540000000000003,4,False
1528,3.7775234357163625,0.4956095582690442,0.9325407438665135,3.056,4,False
1529,3.7703025070187812,0.4941766047407554,0.9347133909222369,3.0580000000000003,4,False
1530,3.763068941555313,0.49275757676421467,0.9368926315055331,3.06,4,False
1531,3.75582285138853,0.4913525164155542,0.9390784220566522,3.0620000000000003,4,False
1532,3.7485643485810116,0.48996146577090716,0.9412707190158416,3.064,4,False
1533,3.741293545195326,0.4885844669064052,0.9434694788233507,3.0660000000000003,4,False
1534,3.734010553294054,0.4872215618981818,0.9456746579194273,3.068,4,False
1535,3.726715484939768,0.4858727928223688,0.9478862127443215,3.0700000000000003,4,False
1536,3.7194084521950437,0.48453820175509904,0.9501040997382801,3.072,4,False
1537,3.712089567122455,0.48321783077250524,0.9523282753415527,3.074,4,False
1538,3.7047589417845757,0.4819117219507198,0.9545586959943888,3.076,4,False
1539,3.697416688243984,0.48061991736587534,0.9567953181370357,3.078,4,False
1540,3.690062918563251,0.479342459094104,0.9590380982097428,3.08,4,False
1541,3.6826977448049556,0.47807938921153903,0.9612869926527581,3.082,4,False
1542,3.675321279031669,0.4768307497943121,0.9635419579063308,3.084,4,False
1543,3.667933633305969,0.4755965829185568,0.9658029504107092,3.086,4,False
1544,3.6605349196904275,0.4743769306604051,0.9680699266061424,3.088,4,False
1545,3.6531252502476206,0.4731718350959895,0.9703428429328784,3.09,4,False
1546,3.645704737040124,0.47198133830144273,0.9726216558311668,3.092,4,False
1547,3.638273492130512,0.47080548235289743,0.974906321741255,3.094,4,False
1548,3.63083162758136,0.4696443093264858,0.977196797103393,3.096,4,False
1549,3.623379255455242,0.4684978612983408,0.979493038357828,3.098,4,False
1550,3.615916487814732,0.46736618034459476,0.9817950019448097,3.1,4,False
1551,3.608443436722408,0.46624930854138036,0.9841026443045864,3.102,4,False
1552,3.600960214240841,0.46514728796482996,0.9864159218774071,3.104,4,False
1553,3.5934669324326087,0.4640601606910764,0.9887347911035197,3.106,4,False
1554,3.5859637033602842,0.4629879687962519,0.9910592084231737,3.108,4,False
1555,3.5784506390864452,0.46193075435648934,0.9933891302766169,3.11,4,False
1556,3.570927851673661,0.46088855944792084,0.9957245131040986,3.112,4,False
1557,3.5633954531845142,0.4598614261466797,0.9980653133458671,3.114,4,False
1558,3.5558535556815727,0.45884939652889767,1.0004114874421715,3.116,4,False
1559,3.5483022712274153,0.45785251267070787,1.0027629918332595,3.118,4,False
1560,3.540741711884614,0.45687081664824236,1.0051197829593812,3.12,4,False
1561,3.533171989715748,0.45590435053763423,1.0074818172607836,3.122,4,False
1562,3.5255932167833866,0.4549531564150155,1.0098490511777167,3.124,4,False
1563,3.518005505150109,0.4540172763565193,1.012221441150428,3.126,4,False
1564,3.5104089668784884,0.45309675243827774,1.0145989436191674,3.128,4,False
1565,3.5028037140311006,0.45219162673642344,1.016981515024182,3.13,4,False
1566,3.4951898586705186,0.4513019413270891,1.0193691118057224,3.132,4,False
1567,3.4875675128593193,0.4504277382864073,1.0217616904040354,3.134,4,False
1568,3.479936788660075,0.4495690596905104,1.024159207259371,3.136,4,False
1569,3.472297798135365,0.44872594761553114,1.0265616188119768,3.138,4,False
1570,3.464650653347759,0.44789844413760194,1.0289688815021025,3.14,4,False
1571,3.4569954663598352,0.4470865913328555,1.0313809517699954,3.142,4,False
1572,3.449332349234167,0.4462904312774242,1.0337977860559053,3.144,4,False
1573,3.441661414033331,0.44551000604744084,1.0362193408000804,3.146,4,False
1574,3.4339827728198995,0.44474535771903756,1.0386455724427694,3.148,4,False
1575,3.426296537656449,0.44399652836834735,1.0410764374242207,3.15,4,False
1576,3.418602820605553,0.44326356007150247,1.0435118921846835,3.152,4,False
1577,3.4109017337297893,0.44254649490463566,1.045951893164406,3.154,4,False
1578,3.4031933890917294,0.4418453749438794,1.0483963968036374,3.156,4,False
1579,3.3954778987539505,0.4411602422653662,1.0508453595426255,3.158,4,False
1580,3.387755374779026,0.4404911389452288,1.0532987378216196,3.16,4,False
1581,3.3800259292295327,0.4398381070595995,1.0557564880808679,3.162,4,False
1582,3.3722896741680417,0.439201188684611,1.0582185667606194,3.164,4,False
1583,3.3645467216571316,0.43858042589639595,1.060684930301122,3.166,4,False
1584,3.356797183759376,0.43797586077108674,1.063155535142626,3.168,4,False
1585,3.349041172537349,0.43738753538481584,1.0656303377253782,3.17,4,False
1586,3.341278800053627,0.436815491813716,1.0681092944896287,3.172,4,False
1587,3.3335101783707852,0.43625977213391987,1.0705923618756252,3.174,4,False
1588,3.325735419551394,0.43572041842155973,1.0730794963236168,3.176,4,False
1589,3.3179546356580345,0.4351974727527683,1.0755706542738517,3.178,4,False
1590,3.3101679387532763,0.434690977203678,1.078065792166579,3.18,4,False
1591,3.3023754408996986,0.43420097385042156,1.080564866442047,3.182,4,False
1592,3.294577254159872,0.43372750476913147,1.0830678335405048,3.184,4,False
1593,3.2867734905963757,0.43327061203594025,1.0855746499022003,3.186,4,False
1594,3.27896426227178,0.4328303377269803,1.0880852719673832,3.188,4,False
1595,3.271149681248664,0.4324067239183845,1.0905996561763012,3.19,4,False
1596,3.2633298595896,0.4319998126862853,1.0931177589692038,3.192,4,False
1597,3.2555049093571644,0.4316096461068151,1.0956395367863385,3.194,4,False
1598,3.24767494261393,0.4312362662561067,1.098164946067955,3.196,4,False
1599,3.2398400714224747,0.43087971521029245,1.1006939432543015,3.198,4,False
1600,3.2320004078453692,0.43054003504550475,1.103226484785627,3.2,4,False
1601,3.224156063945193,0.4302172678378766,1.1057625271021791,3.202,4,False
1602,3.216307151784517,0.4299114556635404,1.1083020266442078,3.204,4,False
1603,3.2084537834259192,0.4296226405986285,1.1108449398519609,3.206,4,False
1604,3.2005960709319714,0.42935086471927364,1.1133912231656875,3.208,4,False
1605,3.1927341263652513,0.42909617010160833,1.1159408330256353,3.21,4,False
1606,3.1848680617883316,0.42885859882176514,1.1184937258720546,3.212,4,False
1607,3.17699798926379,0.4286381929558767,1.1210498581451926,3.214,4,False
1608,3.1691240208541975,0.4284349945800753,1.123609186285299,3.216,4,False
1609,3.161246268622132,0.42824904577049383,1.1261716667326211,3.218,4,False
1610,3.153364844630166,0.42808038860326453,1.128737255927409,3.22,4,False
1611,3.145479860940877,0.4279290651545201,1.1313059103099101,3.222,4,False
1612,3.1375914296168386,0.42779511750039323,1.1338775863203747,3.224,4,False
1613,3.129699662720625,0.42767858771701633,1.1364522403990494,3.226,4,False
1614,3.1218046723148105,0.42757951788052184,1.1390298289861844,3.228,4,False
1615,3.1139065704619733,0.4274979500670426,1.1416103085220273,3.23,4,False
1616,3.1060054692246837,0.42743392635271094,1.1441936354468276,3.232,4,False
1617,3.098101480665522,0.4273874888136596,1.1467797662008332,3.234,4,False
1618,3.0901947168470576,0.42735867952602097,1.1493686572242938,3.236,4,False
1619,3.082285289831868,0.42734754056592766,1.1519602649574567,3.238,4,False
1620,3.074373311682527,0.4273541140095122,1.154554545840572,3.24,4,False
1621,3.0664588944616122,0.4273784419329071,1.1571514563138867,3.242,4,False
1622,3.0585421502316947,0.4274205664122452,1.1597509528176506,3.244,4,False
1623,3.0506231910553527,0.42748052952365856,1.1623529917921118,3.246,4,False
1624,3.042702128995158,0.4275583733432803,1.16495752967752,3.248,4,False
1625,3.0347790761136886,0.4276541399472425,1.1675645229141227,3.25,4,False
1626,3.0268541444735155,0.427767871411678,1.1701739279421688,3.2520000000000002,4,False
1627,3.018927446137219,0.42789960981271924,1.172785701201907,3.254,4,False
1628,3.010999093167369,0.42804939722649876,1.175399799133586,3.2560000000000002,4,False
1629,3.003069197626542,0.42821727572914914,1.178016178177454,3.258,4,False
1630,2.9951378715773123,0.428403287396803,1.180634794773761,3.2600000000000002,4,False
1631,2.987205227082257,0.4286074743055928,1.183255605362754,3.262,4,False
1632,2.979271376203948,0.4288298785316513,1.185878566384683,3.2640000000000002,4,False
1633,2.971336431004963,0.4290705421511107,1.1885036342797952,3.266,4,False
1634,2.9634005035478737,0.4293295072401039,1.1911307654883412,3.2680000000000002,4,False
1635,2.955463705895258,0.4296068158747632,1.1937599164505672,3.27,4,False
1636,2.947526150109688,0.4299025101312214,1.1963910436067242,3.2720000000000002,4,False
1637,2.939587948253743,0.4302166320856106,1.1990241033970594,3.274,4,False
1638,2.9316492123899924,0.430549223814064,1.201659052261822,3.2760000000000002,4,False
1639,2.923710054581015,0.43090032739271367,1.2042958466412599,3.278,4,False
1640,2.915770586889382,0.43126998489769236,1.2069344429756232,3.2800000000000002,4,False
1641,2.907830921377672,0.43165823840513246,1.209574797705159,3.282,4,False
1642,2.8998911701084578,0.43206512999116686,1.2122168672701172,3.2840000000000003,4,False
1643,2.891951445144316,0.4324907017319277,1.2148606081107454,3.286,4,False
1644,2.884011858547818,0.432934995703548,1.217505976667293,3.2880000000000003,4,False
1645,2.876072522381543,0.43339805398215997,1.2201529293800082,3.29,4,False
1646,2.868133548708062,0.4338799186438962,1.22280142268914,3.2920000000000003,4,False
1647,2.8601950495899535,0.4343806317648893,1.2254514130349365,3.294,4,False
1648,2.8522571370897896,0.4349002354212719,1.2281028568576473,3.2960000000000003,4,False
1649,2.844319923270146,0.43543877168917633,1.2307557105975202,3.298,4,False
1650,2.836383520193597,0.43599628264473544,1.2334099306948043,3.3000000000000003,4,False
1651,2.8284480399227188,0.4365728103640814,1.236065473589747,3.302,4,False
1652,2.8205135945200848,0.4371683969233472,1.238722295722599,3.3040000000000003,4,False
1653,2.8125802960482713,0.4377830843986651,1.2413803535336079,3.306,4,False
1654,2.804648256569851,0.43841691486616796,1.2440396034630223,3.3080000000000003,4,False
1655,2.7967175881474025,0.43906993040198783,1.2467000019510905,3.31,4,False
1656,2.788788402843496,0.43974217308225777,1.2493615054380625,3.3120000000000003,4,False
1657,2.7808608127207113,0.44043368498311014,1.252024070364185,3.314,4,False
1658,2.7729349298416186,0.44114450818067746,1.2546876531697084,3.3160000000000003,4,False
1659,2.765010866268797,0.44187468475109204,1.2573522102948802,3.318,4,False
1660,2.7570887340648165,0.4426242567704871,1.26001769817995,3.3200000000000003,4,False
1661,2.749168645292256,0.4433932663149945,1.262684073265165,3.322,4,False
1662,2.7412507120136875,0.44418175546074734,1.2653512919907755,3.3240000000000003,4,False
1663,2.7333350462916894,0.44498976628387776,1.2680193107970288,3.326,4,False
1664,2.7254217601888344,0.44581734086051866,1.2706880861241747,3.3280000000000003,4,False
1665,2.7175109657676977,0.44666452126680223,1.273357574412461,3.33,4,False
1666,2.709602775090854,0.4475313495788612,1.2760277321021365,3.332,4,False
1667,2.7016973002208764,0.44841786787282834,1.2786985156334507,3.334,4,False
1668,2.693794653220343,0.44932411822483576,1.2813698814466508,3.336,4,False
1669,2.685894946151826,0.45025014271101654,1.2840417859819866,3.338,4,False
1670,2.677998291077903,0.45119598340750267,1.2867141856797057,3.34,4,False
1671,2.6701048000611456,0.4521616823904273,1.2893870369800584,3.342,4,False
1672,2.6622145851641315,0.45314728173592234,1.2920602963232914,3.344,4,False
1673,2.654327758449433,0.454152823520121,1.294733920149655,3.346,4,False
1674,2.6464444319796283,0.4551783498191554,1.2974078648993963,3.348,4,False
1675,2.638564717817288,0.45622390270915825,1.3000820870127656,3.35,4,False
1676,2.6306887280249915,0.4572895242662618,1.30275654293001,3.352,4,False
1677,2.6228165746653103,0.45837525656659933,1.3054311890913795,3.354,4,False
1678,2.6149483698008202,0.4594811416863025,1.3081059819371215,3.356,4,False
1679,2.607084225494096,0.4606072217015047,1.3107808779074859,3.358,4,False
1680,2.5992242538077144,0.46175353868833763,1.31345583344272,3.36,4,False
1681,2.591368566804246,0.46292013472293475,1.316130804983073,3.362,4,False
1682,2.5835172765462713,0.46410705188142787,1.318805748968794,3.364,4,False
1683,2.5756704950963596,0.4653143322399502,1.321480621840132,3.366,4,False
1684,2.5678283345170905,0.46654201787463356,1.324155380037334,3.368,4,False
1685,2.5599909068710347,0.4677901508616111,1.3268299800006504,3.37,4,False
1686,2.5521583242207706,0.46905877327701484,1.3295043781703282,3.372,4,False
1687,2.54433069862887,0.47034792719697804,1.3321785309866176,3.374,4,False
1688,2.5365081421579116,0.4716576546976326,1.3348523948897661,3.376,4,False
1689,2.5286907668704655,0.47298799785511164,1.3375259263200232,3.378,4,False
1690,2.520878684829111,0.47433899874554697,1.3401990817176368,3.38,4,False
1691,2.5130720080964193,0.47571069944507227,1.3428718175228564,3.382,4,False
1692,2.5052708487349693,0.47710314202981896,1.3455440901759297,3.384,4,False
1693,2.49747531880733,0.4785163685759201,1.3482158561171058,3.386,4,False
1694,2.4896855303760823,0.47995042115950814,1.350887071786633,3.388,4,False
1695,2.481901595503798,0.4814053418567159,1.3535576936247613,3.39,4,False
1696,2.4741236262530526,0.4828811727436755,1.3562276780717373,3.392,4,False
1697,2.4663517346864197,0.48437795589652,1.3588969815678114,3.394,4,False
1698,2.458586032866477,0.48589573339138126,1.3615655605532306,3.396,4,False
1699,2.4508266328557955,0.4874345473043928,1.3642333714682457,3.398,4,False
1700,2.443073646716955,0.4889944397116862,1.366900370753103,3.4,4,False
1701,2.435327186512525,0.4905754526893948,1.3695665148480531,3.402,4,False
1702,2.4275873643050847,0.49217762831365053,1.3722317601933431,3.404,4,False
1703,2.419854292157205,0.4938010086605864,1.3748960632292229,3.406,4,False
1704,2.4121280821314657,0.49544563580633444,1.37755938039594,3.408,4,False
1705,2.404408846290437,0.4971115518270281,1.3802216681337447,3.41,4,False
1706,2.3966966966966976,0.4987987987987988,1.3828828828828832,3.412,4,False
1707,2.3889917454128176,0.5005074187977802,1.3855429810836066,3.414,4,False
1708,2.3812941045013765,0.5022374539001038,1.388201919176162,3.416,4,False
1709,2.373603886024947,0.5039889461819034,1.3908596536007989,3.418,4,False
1710,2.365921202046105,0.50576193771931,1.393516140797765,3.42,4,False
1711,2.358246164627423,0.5075564705884579,1.3961713372073101,3.422,4,False
1712,2.3505788858314793,0.5093725868654779,1.3988251992696816,3.424,4,False
1713,2.3429194777208457,0.5112103286265041,1.4014776834251295,3.426,4,False
1714,2.3352680523580998,0.5130697379476677,1.4041287461139014,3.428,4,False
1715,2.327624721805813,0.5149508569051027,1.4067783437762464,3.43,4,False
1716,2.3199895981265644,0.5168537275749401,1.4094264328524124,3.432,4,False
1717,2.312362793382924,0.5187783920333139,1.4120729697826493,3.434,4,False
1718,2.3047444196374722,0.5207248923563554,1.4147179110072052,3.436,4,False
1719,2.297134588952779,0.5226932706201982,1.4173612129663287,3.438,4,False
1720,2.289533413391423,0.5246835689009741,1.4200028321002682,3.44,4,False
1721,2.2819410050159745,0.5266958292748163,1.4226427248492732,3.442,4,False
1722,2.2743574758890137,0.5287300938178565,1.4252808476535908,3.444,4,False
1723,2.266782938073111,0.5307864046062283,1.4279171569534712,3.446,4,False
1724,2.259217503630845,0.532864803716063,1.4305516091891615,3.448,4,False
1725,2.2516612846247868,0.5349653332234948,1.4331841608009126,3.45,4,False
1726,2.244114393117515,0.5370880352046545,1.4358147682289708,3.452,4,False
1727,2.2365769411716006,0.5392329517356762,1.4384433879135863,3.454,4,False
1728,2.2290490408496226,0.5414001248926911,1.4410699762950068,3.456,4,False
1729,2.221530804214152,0.5435895967518328,1.4436944898134816,3.458,4,False
1730,2.2140223433277666,0.5458014093892332,1.4463168849092591,3.46,4,False
1731,2.2065237702530394,0.5480356048810255,1.4489371180225878,3.462,4,False
1732,2.1990351970525466,0.5502922253033414,1.4515551455937163,3.464,4,False
1733,2.1915567357888612,0.5525713127323144,1.4541709240628937,3.466,4,False
1734,2.184088498524561,0.5548729092440758,1.4567844098703686,3.468,4,False
1735,2.1766305973222178,0.55719705691476,1.4593955594563897,3.47,4,False
1736,2.169183144244409,0.5595437978204973,1.4620043292612042,3.472,4,False
1737,2.1617462513537067,0.5619131740374225,1.4646106757250628,3.474,4,False
1738,2.154320030712689,0.5643052276416662,1.467214555288213,3.476,4,False
1739,2.146904594383927,0.5667200007093626,1.4698159243909037,3.478,4,False
1740,2.139500054429999,0.5691575353166429,1.4724147394733835,3.48,4,False
1741,2.1321065229134786,0.5716178735396408,1.4750109569759016,3.482,4,False
1742,2.1247241118969407,0.5741010574544878,1.4776045333387053,3.484,4,False
1743,2.117352933442959,0.5766071291373174,1.4801954250020448,3.486,4,False
1744,2.10999309961411,0.5791361306642611,1.4827835884061675,3.488,4,False
1745,2.1026447224729665,0.5816881041114529,1.485368979991323,3.49,4,False
1746,2.095307914082107,0.5842630915550239,1.487951556197759,3.492,4,False
1747,2.0879827865041025,0.5868611350711077,1.4905312734657254,3.494,4,False
1748,2.0806694518015307,0.5894822767358359,1.4931080882354695,3.496,4,False
1749,2.0733680220369646,0.5921265586253424,1.4956819569472413,3.498,4,False
1750,2.06607860927298,0.5947940228157581,1.498252836041288,3.5,4,False
1751,2.058801325572151,0.5974847113832171,1.5008206819578596,3.5020000000000002,4,False
1752,2.051536282997054,0.6001986664038508,1.5033854511372033,3.504,4,False
1753,2.044283593610261,0.6029359299537926,1.505947100019569,3.5060000000000002,4,False
1754,2.037043369474351,0.6056965441091743,1.5085055850452045,3.508,4,False
1755,2.029815722651894,0.6084805509461293,1.5110608626543596,3.5100000000000002,4,False
1756,2.02260076520547,0.6112879925407889,1.5136128892872813,3.512,4,False
1757,2.0153986091976486,0.6141189109692873,1.5161616213842202,3.5140000000000002,4,False
1758,2.0082093666910095,0.6169733483077555,1.5187070153854232,3.516,4,False
1759,2.0010331497481237,0.6198513466323274,1.5212490277311397,3.5180000000000002,4,False
1760,1.9938700704315697,0.6227529480191343,1.5237876148616178,3.52,4,False
1761,1.9867202408039177,0.6256781945443097,1.5263227332171079,3.5220000000000002,4,False
1762,1.9795837729277481,0.6286271282839856,1.5288543392378562,3.524,4,False
1763,1.9724607788656305,0.6315997913142953,1.5313823893641132,3.5260000000000002,4,False
1764,1.9653513706801442,0.63459622571137,1.533906840036126,3.528,4,False
1765,1.9582556604338597,0.637616473551344,1.536427647694145,3.5300000000000002,4,False
1766,1.9511737601893566,0.6406605769103481,1.5389447687784172,3.532,4,False
1767,1.9441057820092054,0.6437285778645165,1.541458159729193,3.5340000000000003,4,False
1768,1.937051837955985,0.64682051848998,1.543967776986719,3.536,4,False
1769,1.930012040092266,0.649936440862873,1.5464735769912457,3.5380000000000003,4,False
1770,1.9229865004806268,0.6530763870593264,1.5489755161830203,3.54,4,False
1771,1.91597533118364,0.6562403991554743,1.5514735510022926,3.5420000000000003,4,False
1772,1.9089786442638825,0.6594285192274477,1.55396763788931,3.544,4,False
1773,1.9019965517839266,0.6626407893513806,1.556457733284323,3.5460000000000003,4,False
1774,1.89502916580635,0.665877251603404,1.558943793627578,3.548,4,False
1775,1.8880765983937247,0.6691379480596523,1.5614257753593255,3.5500000000000003,4,False
1776,1.8811389616086285,0.6724229207962564,1.5639036349198132,3.552,4,False
1777,1.8742163675136332,0.6757322118893501,1.5663773287492901,3.5540000000000003,4,False
1778,1.8673089281713167,0.6790658634150649,1.5688468132880042,3.556,4,False
1779,1.8604167556442508,0.6824239174495345,1.5713120449762048,3.5580000000000003,4,False
1780,1.8535399619950135,0.6858064160688899,1.5737729802541407,3.56,4,False
1781,1.8466786592861766,0.6892134013492655,1.5762295755620601,3.5620000000000003,4,False
1782,1.8398329595803178,0.6926449153667921,1.5786817873402117,3.564,4,False
1783,1.8330029749400094,0.6961010001976038,1.5811295720288445,3.5660000000000003,4,False
1784,1.826188817427829,0.6995816979178314,1.5835728860682063,3.568,4,False
1785,1.8193905991063484,0.7030870506036095,1.5860116858985471,3.5700000000000003,4,False
1786,1.8126084320381448,0.7066171003310691,1.5884459279601142,3.572,4,False
1787,1.805842428285792,0.7101718891763439,1.5908755686931568,3.5740000000000003,4,False
1788,1.7990926999118657,0.713751459215565,1.593300564537924,3.576,4,False
1789,1.7923593589789393,0.7173558525248667,1.5957208719346638,3.5780000000000003,4,False
1790,1.7856425175495896,0.7209851111803798,1.5981364473236248,3.58,4,False
1791,1.7789422876863887,0.7246392772582386,1.600547247145057,3.5820000000000003,4,False
1792,1.7722587814519146,0.7283183928345738,1.602953227839206,3.584,4,False
1793,1.7655921109087414,0.7320224999855188,1.6053543458463237,3.586,4,False
1794,1.7589423881194417,0.7357516407872076,1.6077505576066575,3.588,4,False
1795,1.752309725146593,0.7395058573157703,1.6101418195604555,3.59,4,False
1796,1.7456942340527677,0.7432851916473414,1.6125280881479673,3.592,4,False
1797,1.739096026900544,0.7470896858580518,1.6149093198094404,3.594,4,False
1798,1.732515215752493,0.7509193820240359,1.6172854709851248,3.596,4,False
1799,1.7259519126711924,0.7547743222214242,1.6196564981152681,3.598,4,False
1800,1.7194062297192152,0.7586545485263514,1.6220223576401198,3.6,4,False
1801,1.712878278959138,0.7625601030149478,1.6243830059999274,3.602,4,False
1802,1.7063681724535338,0.7664910277633481,1.626738399634941,3.604,4,False
1803,1.6998760222649798,0.7704473648476832,1.6290884949854072,3.606,4,False
1804,1.6934019404560479,0.774429156344087,1.631433248491577,3.608,4,False
1805,1.686946039089316,0.7784364443286905,1.6337726165936979,3.61,4,False
1806,1.6805084302273565,0.7824692708776284,1.6361065557320185,3.612,4,False
1807,1.6740892259327464,0.7865276780670309,1.638435022346787,3.614,4,False
1808,1.6676885382680573,0.7906117079730325,1.6407579728782533,3.616,4,False
1809,1.6613064792958685,0.794721402671764,1.6430753637666646,3.618,4,False
1810,1.6549431610787506,0.7988568042393598,1.6453871514522709,3.62,4,False
1811,1.648598695679282,0.8030179547519506,1.6476932923753196,3.622,4,False
1812,1.6422731951600347,0.8072048962856706,1.6499937429760605,3.624,4,False
1813,1.6359667715835862,0.811417670916651,1.6522884596947416,3.626,4,False
1814,1.629679537012508,0.8156563207210257,1.6545773989716117,3.628,4,False
1815,1.623411603509379,0.8199208877749258,1.6568605172469195,3.63,4,False
1816,1.6171630831367705,0.8242114141544852,1.6591377709609132,3.632,4,False
1817,1.6109340879572602,0.8285279419358352,1.6614091165538418,3.634,4,False
1818,1.6047247300334202,0.8328705131951101,1.6636745104659547,3.636,4,False
1819,1.598535121427828,0.8372391700084403,1.665933909137499,3.638,4,False
1820,1.5923653742030563,0.84163395445196,1.6681872690087247,3.64,4,False
1821,1.586215600421682,0.8460549086018005,1.6704345465198787,3.642,4,False
1822,1.5800859121462778,0.8505020745340962,1.6726756981112125,3.644,4,False
1823,1.573976421439421,0.8549754943249772,1.674910680222972,3.646,4,False
1824,1.567887240363683,0.8594752100505784,1.677139449295407,3.648,4,False
1825,1.5618184809816427,0.8640012637870305,1.6793619617687665,3.65,4,False
1826,1.5557702553558714,0.8685536976104676,1.681578174083299,3.652,4,False
1827,1.5497426755489472,0.8731325535970207,1.683788042679252,3.654,4,False
1828,1.5437358536234416,0.8777378738228239,1.6859915239968755,3.656,4,False
1829,1.5377499016419334,0.8823697003640081,1.6881885744764173,3.658,4,False
1830,1.531784931666993,0.8870280752967079,1.690379150558127,3.66,4,False
1831,1.525841055761199,0.8917130406970533,1.6925632086822517,3.662,4,False
1832,1.5199183859871237,0.89642463864118,1.6947407052890422,3.664,4,False
1833,1.514017034407344,0.9011629112052172,1.6969115968187447,3.666,4,False
1834,1.5081371130844328,0.9059279004653005,1.6990758397116101,3.668,4,False
1835,1.502278734080967,0.9107196484975599,1.7012333904078853,3.67,4,False
1836,1.4964420094595194,0.9155381973781302,1.7033842053478203,3.672,4,False
1837,1.490627051282667,0.9203835891831416,1.7055282409716626,3.674,4,False
1838,1.4848339716129824,0.9252558659887291,1.7076654537196618,3.676,4,False
1839,1.479062882513042,0.9301550698710231,1.7097958000320654,3.678,4,False
1840,1.4733138960454202,0.9350812429061581,1.7119192363491238,3.68,4,False
1841,1.4675871242726926,0.9400344271702646,1.7140357191110835,3.682,4,False
1842,1.4618826792574322,0.9450146647394773,1.7161452047581953,3.684,4,False
1843,1.4562006730622163,0.9500219976899266,1.718247649730706,3.686,4,False
1844,1.4505412177496173,0.955056468097747,1.7203430104688655,3.688,4,False
1845,1.4449044253822123,0.9601181180390694,1.7224312434129216,3.69,4,False
1846,1.4392904080225741,0.9652069895900283,1.724512305003124,3.692,4,False
1847,1.4336992777332798,0.9703231248267542,1.72658615167972,3.694,4,False
1848,1.4281311465769013,0.975466565825381,1.7286527398829594,3.696,4,False
1849,1.4225861266160171,0.9806373546620399,1.73071202605309,3.698,4,False
1850,1.4170643299131986,0.9858355334128661,1.7327639666303614,3.7,4,False
1851,1.4115658685310233,0.9910611441539885,1.7348085180550208,3.702,4,False
1852,1.406090854532064,0.9963142289615431,1.7368456367673182,3.704,4,False
1853,1.400639399978898,1.0015948299116602,1.7388752792075022,3.706,4,False
1854,1.3952116169340973,1.0069029890804737,1.7408974018158205,3.708,4,False
1855,1.389807617460239,1.0122387485441144,1.7429119610325219,3.71,4,False
1856,1.3844275136198965,1.0176021503787174,1.7449189132978564,3.712,4,False
1857,1.3790714174756458,1.0229932366604126,1.7469182150520706,3.714,4,False
1858,1.3737394410900607,1.028412049465335,1.7489098227354152,3.716,4,False
1859,1.3684316965257175,1.0338586308696145,1.7508936927881367,3.718,4,False
1860,1.363148295845189,1.039333022949387,1.7528697816504861,3.72,4,False
1861,1.3578893511110524,1.0448352677807813,1.7548380457627097,3.722,4,False
1862,1.35265497438588,1.0503654074399331,1.7567984415650582,3.724,4,False
1863,1.3474452777322494,1.0559234840029728,1.7587509254977785,3.726,4,False
1864,1.3422603732127327,1.061509539546035,1.7606954540011208,3.728,4,False
1865,1.3371003728899078,1.0671236161452498,1.7626319835153326,3.73,4,False
1866,1.3319653888263463,1.0727657558767523,1.764560470480663,3.732,4,False
1867,1.3268555330846261,1.0784360008166725,1.7664808713373605,3.734,4,False
1868,1.3217709177273194,1.0841343930411458,1.7683931425256745,3.736,4,False
1869,1.3167116548170035,1.0898609746263017,1.770297240485852,3.738,4,False
1870,1.3116778564162508,1.0956157876482753,1.7721931216581437,3.74,4,False
1871,1.3066696345876385,1.101398874183197,1.7740807424827962,3.742,4,False
1872,1.3016871013937394,1.107210276307202,1.77596005940006,3.744,4,False
1873,1.2967303688971303,1.1130500360964204,1.777831028850182,3.746,4,False
1874,1.2917995491603842,1.1189181956269865,1.7796936072734122,3.748,4,False
1875,1.2868947542460785,1.1248147969750308,1.7815477511099989,3.75,4,False
1876,1.2820160962167844,1.1307398822166885,1.7833934168001908,3.7520000000000002,4,False
1877,1.27716368713508,1.1366934934280892,1.7852305607842358,3.754,4,False
1878,1.2723376390635381,1.1426756726853688,1.7870591395023832,3.7560000000000002,4,False
1879,1.2675380640647356,1.1486864620646562,1.7888791093948815,3.758,4,False
1880,1.2627650742012448,1.1547259036420874,1.79069042690198,3.7600000000000002,4,False
1881,1.2580187815356432,1.1607940394937921,1.792493048463926,3.762,4,False
1882,1.2532992981305033,1.1668909116959056,1.7942869305209694,3.7640000000000002,4,False
1883,1.248606736048402,1.1730165623245574,1.7960720295133585,3.766,4,False
1884,1.2439412073519123,1.1791710334558831,1.7978483018813414,3.7680000000000002,4,False
1885,1.239302824103611,1.1853543671660125,1.7996157040651672,3.77,4,False
1886,1.2346916983660707,1.1915666055310807,1.8013741925050848,3.7720000000000002,4,False
1887,1.230107942201869,1.1978077906272182,1.8031237236413422,3.774,4,False
1888,1.2255516676735774,1.2040779645305593,1.8048642539141884,3.7760000000000002,4,False
1889,1.2210229868437743,1.2103771693172343,1.8065957397638723,3.778,4,False
1890,1.2165220117750317,1.216705447063378,1.8083181376306419,3.7800000000000002,4,False
1891,1.2120488545299264,1.2230628398451209,1.810031403954746,3.782,4,False
1892,1.2076036271710315,1.2294493897385983,1.8117354951764337,3.7840000000000003,4,False
1893,1.2031864417609244,1.2358651388199395,1.8134303677359536,3.786,4,False
1894,1.1987974103621768,1.2423101291652805,1.8151159780735542,3.7880000000000003,4,False
1895,1.1944366450373662,1.2487844028507504,1.8167922826294836,3.79,4,False
1896,1.1901042578490657,1.255288001952485,1.8184592378439919,3.7920000000000003,4,False
1897,1.1858003608598517,1.2618209685466137,1.8201168001573258,3.794,4,False
1898,1.1815250661322978,1.2683833447092725,1.8217649260097357,3.7960000000000003,4,False
1899,1.1772784857289795,1.2749751725165896,1.8234035718414687,3.798,4,False
1900,1.173060731712471,1.2815964940447024,1.8250326940927748,3.8000000000000003,4,False
1901,1.1688719161453485,1.2882473513697392,1.8266522492039021,3.802,4,False
1902,1.164712151090185,1.294927786567836,1.8282621936150991,3.8040000000000003,4,False
1903,1.1605815486095572,1.3016378417151224,1.8298624837666142,3.806,4,False
1904,1.1564802207660385,1.3083775588877338,1.831453076098697,3.8080000000000003,4,False
1905,1.152408279622205,1.3151469801617999,1.833033927051595,3.81,4,False
1906,1.14836583724063,1.3219461476134557,1.8346049930655575,3.8120000000000003,4,False
1907,1.1443530056838902,1.328775103318832,1.8361662305808335,3.814,4,False
1908,1.1403698970145588,1.3356338893540631,1.8377175960376708,3.8160000000000003,4,False
1909,1.1364166232952122,1.3425225477952791,1.839259045876318,3.818,4,False
1910,1.1324932965884238,1.3494411207186152,1.8407905365370252,3.8200000000000003,4,False
1911,1.1286000289567695,1.3563896502002013,1.8423120244600393,3.822,4,False
1912,1.1247369324628234,1.3633681783161735,1.8438234660856105,3.8240000000000003,4,False
1913,1.1209041191691616,1.3703767471426604,1.8453248178539854,3.826,4,False
1914,1.117101701138357,1.3774153987557978,1.8468160362054151,3.8280000000000003,4,False
1915,1.1133297904329869,1.3844841752317156,1.8482970775801464,3.83,4,False
1916,1.1095884991156235,1.3915831186465493,1.8497678984184291,3.8320000000000003,4,False
1917,1.105877939248844,1.3987122710764277,1.8512284551605107,3.834,4,False
1918,1.1021982228952214,1.405871674597487,1.8526787042466404,3.8360000000000003,4,False
1919,1.0985494621173322,1.4130613712858568,1.854118602117067,3.838,4,False
1920,1.0949317689777507,1.420281403217671,1.8555481052120386,3.84,4,False
1921,1.0913452555390504,1.4275318124690637,1.856967169971805,3.842,4,False
1922,1.0877900338638082,1.4348126411161646,1.8583757528366145,3.844,4,False
1923,1.0842662160145973,1.4421239312351088,1.8597738102467147,3.846,4,False
1924,1.080773914053994,1.4494657249020264,1.861161298642355,3.848,4,False
1925,1.0773132400445722,1.456838064193053,1.862538174463784,3.85,4,False
1926,1.0738843060489072,1.4642409911843173,1.8639043941512505,3.852,4,False
1927,1.0704872241295733,1.4716745479519557,1.8652599141450028,3.854,4,False
1928,1.0671221063491463,1.4791387765720974,1.86660469088529,3.856,4,False
1929,1.0637890647702,1.4866337191208783,1.8679386808123604,3.858,4,False
1930,1.0604882114553105,1.4941594176744277,1.8692618403664625,3.86,4,False
1931,1.057219658467051,1.5017159143088807,1.8705741259878454,3.862,4,False
1932,1.053983517867998,1.5093032511003672,1.871875494116757,3.864,4,False
1933,1.050779901720725,1.5169214701250238,1.8731659011934472,3.866,4,False
1934,1.0476089220878086,1.5245706134589785,1.8744453036581636,3.868,4,False
1935,1.0444706910318213,1.5322507231783673,1.8757136579511546,3.87,4,False
1936,1.0413653206153404,1.5399618413593197,1.8769709205126697,3.872,4,False
1937,1.0382929229009386,1.547704010077972,1.8782170477829578,3.874,4,False
1938,1.0352536099511926,1.5554772714104532,1.8794519962022664,3.876,4,False
1939,1.0322474938286756,1.5632816674328989,1.880675722210845,3.878,4,False
1940,1.029274686595964,1.5711172402214384,1.8818881822489417,3.88,4,False
1941,1.0263353003156315,1.5789840318522073,1.8830893327568057,3.882,4,False
1942,1.0234294470502538,1.5868820844013358,1.8842791301746846,3.884,4,False
1943,1.0205572388624051,1.594811439944959,1.885457530942829,3.886,4,False
1944,1.017718787814661,1.6027721405592064,1.8866244915014858,3.888,4,False
1945,1.0149142059695948,1.6107642283202135,1.887779968290904,3.89,4,False
1946,1.0121436053897834,1.6187877453041097,1.8889239177513324,3.892,4,False
1947,1.0094070981378003,1.6268427335870317,1.8900562963230203,3.894,4,False
1948,1.0067047962762212,1.6349292352451075,1.891177060446215,3.896,4,False
1949,1.00403681186762,1.6430472923544734,1.8922861665611665,3.898,4,False
1950,1.0014032569745726,1.6511969469912589,1.8933835711081226,3.9,4,False
1951,0.9988042436596527,1.6593782412315994,1.8944692305273318,3.902,4,False
1952,0.9962398839854364,1.667591217151625,1.8955431012590438,3.904,4,False
1953,0.9937102900144976,1.675835916827471,1.8966051397435066,3.906,4,False
1954,0.9912155738094117,1.684112382335266,1.8976553024209681,3.908,4,False
1955,0.988755847432753,1.6924206557511472,1.8986935457316783,3.91,4,False
1956,0.9863312229470974,1.7007607791512427,1.8997198261158843,3.912,4,False
1957,0.9839418124150185,1.7091327946116894,1.9007341000138367,3.914,4,False
1958,0.9815877278990923,1.7175367442086156,1.9017363238657827,3.916,4,False
1959,0.9792690814618927,1.7259726700181575,1.9027264541119713,3.918,4,False
1960,0.9769859851659954,1.7344406141164441,1.9037044471926512,3.92,4,False
1961,0.9747385510739746,1.7429406185796124,1.9046702595480713,3.922,4,False
1962,0.9725268912484055,1.7514727254837903,1.9056238476184797,3.924,4,False
1963,0.9703511177518624,1.7600369769051138,1.9065651678441253,3.926,4,False
1964,0.9682113426469215,1.768633414919713,1.907494176665257,3.928,4,False
1965,0.9661076779961562,1.7772620816037235,1.908410830522123,3.93,4,False
1966,0.9640402358621422,1.7859230190332736,1.9093150858549723,3.932,4,False
1967,0.9620091283074538,1.7946162692845002,1.9102068991040535,3.934,4,False
1968,0.9600144673946667,1.8033418744335323,1.911086226709615,3.936,4,False
1969,0.9580563651863546,1.8120998765565062,1.911953025111906,3.938,4,False
1970,0.9561349337450935,1.8208903177295501,1.9128072507511742,3.94,4,False
1971,0.9542502851334576,1.8297132400288008,1.913648860067669,3.942,4,False
1972,0.9524025314140219,1.838568685530386,1.9144778095016386,3.944,4,False
1973,0.950591784649361,1.8474566963104442,1.9152940554933324,3.946,4,False
1974,0.9488181569020504,1.8563773144451017,1.916097554482998,3.948,4,False
1975,0.9470817602346644,1.8653305820104973,1.9168882629108852,3.95,4,False
1976,0.9453827067097781,1.8743165410827576,1.9176661372172412,3.952,4,False
1977,0.9437211083899661,1.88333523373802,1.9184311338423163,3.954,4,False
1978,0.9420970773378041,1.8923867020524139,1.9191832092263583,3.956,4,False
1979,0.9405107256158658,1.9014709881020742,1.9199223198096154,3.958,4,False
1980,0.9389621652867268,1.9105881339631303,1.9206484220323365,3.96,4,False
1981,0.9374515084129618,1.9197381817117194,1.9213614723347714,3.962,4,False
1982,0.9359788670571457,1.9289211734239688,1.9220614271571672,3.964,4,False
1983,0.9345443532818528,1.9381371511760153,1.922748242939773,3.966,4,False
1984,0.9331480791496589,1.9473861570439885,1.923421876122838,3.968,4,False
1985,0.9317901567231381,1.9566682331040237,1.9240822831466102,3.97,4,False
1986,0.9304706980648659,1.9659834214322505,1.9247294204513385,3.972,4,False
1987,0.9291898152374164,1.9753317641048043,1.9253632444772717,3.974,4,False
1988,0.9279476203033654,1.9847133031978146,1.9259837116646583,3.976,4,False
1989,0.9267442253252868,1.994128080787418,1.9265907784537468,3.978,4,False
1990,0.9255797423657561,2.003576138949742,1.9271844012847859,3.98,4,False
1991,0.9244542834873476,2.013057519760924,1.9277645365980245,3.982,4,False
1992,0.9233679607526372,2.0225722652970934,1.928331140833711,3.984,4,False
1993,0.9223208862241985,2.032120417634385,1.9288841704320943,3.986,4,False
1994,0.9213131719646072,2.041702018848927,1.9294235818334222,3.988,4,False
1995,0.9203449300364378,2.051317111016859,1.9299493314779448,3.99,4,False
1996,0.9194162725022652,2.060965736214306,1.9304613758059093,3.992,4,False
1997,0.9185273114246645,2.0706479365174078,1.9309596712575656,3.994,4,False
1998,0.9176781588662105,2.0803637540022906,1.9314441742731614,3.996,4,False
1999,0.9168689268894775,2.090113230745091,1.9319148412929459,3.998,4,False
2000,0.9160997275570413,2.099896408821939,1.9323716287571675,4.0,4,False
2001,0.9153706729314761,2.1097133303089683,1.9328144931060747,4.002,4,False
2002,0.9146818750753566,2.119564037282316,1.933243390779916,4.0040000000000004,4,False
2003,0.9140334460512582,2.1294485718181053,1.9336582782189409,4.006,4,False
2004,0.9134254979217555,2.139366975992474,1.9340591118633972,4.008,4,False
2005,0.9128581427494236,2.1493192918815542,1.9344458481535343,4.01,4,False
2006,0.912331492596837,2.159305561561484,1.9348184435296003,4.0120000000000005,4,False
2007,0.9118456595265709,2.169325827108385,1.9351768544318437,4.014,4,False
2008,0.9114007556011998,2.1793801305983957,1.9355210373005138,4.016,4,False
2009,0.9109968928832989,2.189468514107648,1.9358509485758586,4.018,4,False
2010,0.9106341834354426,2.199591019712279,1.9361665446981267,4.0200000000000005,4,False
2011,0.9103127393202064,2.209747689488413,1.9364677821075675,4.022,4,False
2012,0.9100326726001647,2.219938565512187,1.9367546172444292,4.024,4,False
2013,0.9097940953378922,2.2301636898597317,1.93702700654896,4.026,4,False
2014,0.9095971195959645,2.240423104607186,1.9372849064614093,4.0280000000000005,4,False
2015,0.909441857436956,2.2507168518306737,1.9375282734220254,4.03,4,False
2016,0.9093284209234412,2.2610449736063303,1.9377570638710568,4.032,4,False
2017,0.9092569221179955,2.2714075120102892,1.9379712342487525,4.034,4,False
2018,0.9092274730831937,2.281804509118688,1.9381707409953615,4.0360000000000005,4,False
2019,0.9092401858816104,2.2922360070076495,1.938355540551131,4.038,4,False
2020,0.9092951725758207,2.302702047753311,1.938525589356311,4.04,4,False
2021,0.9093925452283994,2.3132026734318054,1.9386808438511496,4.042,4,False
2022,0.9095324159019214,2.3237379261192688,1.9388212604758954,4.0440000000000005,4,False
2023,0.9097148966589612,2.334307847891825,1.9389467956707975,4.046,4,False
2024,0.909940099562094,2.3449124808256117,1.9390574058761039,4.048,4,False
2025,0.9102081366738948,2.3555518669967612,1.9391530475320637,4.05,4,False
2026,0.9105191200569384,2.3662260484814115,1.939233677078926,4.0520000000000005,4,False
2027,0.9108731617737993,2.3769350673556837,1.9392992509569384,4.054,4,False
2028,0.9112703738870525,2.387678965695716,1.9393497256063497,4.056,4,False
2029,0.911710868459273,2.398457785577642,1.9393850574674092,4.058,4,False
2030,0.9121947575530359,2.4092715690775988,1.9394052029803657,4.0600000000000005,4,False
2031,0.9127221532309155,2.420120358271708,1.9394101185854669,4.062,4,False
2032,0.9132931675554872,2.4310041952361092,1.9393997607229623,4.064,4,False
2033,0.9139079125893252,2.441923122046932,1.9393740858330992,4.066,4,False
2034,0.9145665003950052,2.452877180780316,1.9393330503561281,4.0680000000000005,4,False
2035,0.9152690430351011,2.463866413512383,1.9392766107322963,4.07,4,False
2036,0.9160156525721883,2.4748908623192705,1.9392047234018526,4.072,4,False
2037,0.9168064410688418,2.4859505692771124,1.9391173448050467,4.074,4,False
2038,0.9176415205876368,2.497045576462045,1.9390144313821263,4.0760000000000005,4,False
2039,0.918521003191147,2.508175925950191,1.9388959395733396,4.078,4,False
2040,0.919445000941948,2.519341659817688,1.9387618258189365,4.08,4,False
2041,0.9204136259026148,2.530542820140669,1.9386120465591652,4.082,4,False
2042,0.9214269901357223,2.541779448995271,1.9384465582342743,4.0840000000000005,4,False
2043,0.9224852057038446,2.5530515884576164,1.938265317284512,4.086,4,False
2044,0.9235883846695571,2.5643592806038433,1.9380682801501266,4.088,4,False
2045,0.9247366390954345,2.575702567510084,1.9378554032713677,4.09,4,False
2046,0.9259300810440523,2.587081491252476,1.937626643088484,4.0920000000000005,4,False
2047,0.9271688225779844,2.5984960939071415,1.9373819560417238,4.094,4,False
2048,0.9284529757598061,2.6099464175502196,1.937121298571336,4.096,4,False
2049,0.9297826526520923,2.6214325042578412,1.936844627117569,4.098,4,False
2050,0.9311579653174178,2.6329543961061397,1.936551898120671,4.1,4,False
2051,0.9325790258183579,2.644512135171252,1.9362430680208913,4.102,4,False
2052,0.9340459462174867,2.656105763529301,1.935918093258478,4.104,4,False
2053,0.9355588385773792,2.667735323256424,1.9355769302736805,4.106,4,False
2054,0.9371178149606106,2.679400856428755,1.935219535506747,4.108,4,False
2055,0.938722987429756,2.691102405122429,1.9348458653979255,4.11,4,False
2056,0.9403744680473897,2.7028400114135707,1.9344558763874664,4.112,4,False
2057,0.9420723688760864,2.7146137173783167,1.9340495249156167,4.114,4,False
2058,0.9438168019784212,2.7264235650927997,1.9336267674226257,4.116,4,False
2059,0.9456078794169701,2.738269596633158,1.9331875603487416,4.118,4,False
2060,0.9474457132543058,2.750151854075512,1.9327318601342136,4.12,4,False
2061,0.9493304155530047,2.762070379496002,1.9322596232192906,4.122,4,False
2062,0.9512620983756409,2.7740252149707585,1.9317708060442205,4.124,4,False
2063,0.9532408737847906,2.7860164025759206,1.9312653650492517,4.126,4,False
2064,0.9552668538430268,2.7980439843876095,1.930743256674634,4.128,4,False
2065,0.9573401506129253,2.810108002481964,1.9302044373606155,4.13,4,False
2066,0.9594608761570608,2.8222084989351157,1.929648863547445,4.132,4,False
2067,0.961629142538009,2.834345515823202,1.9290764916753702,4.134,4,False
2068,0.9638450618183434,2.8465190952223467,1.928487278184641,4.136,4,False
2069,0.9661087460606391,2.858729279208685,1.9278811795155049,4.138,4,False
2070,0.9684203073274714,2.870976109858352,1.9272581521082117,4.14,4,False
2071,0.9707798576814164,2.883259629247485,1.9266181524030095,4.142,4,False
2072,0.9731875091850464,2.895579879452205,1.9259611368401466,4.144,4,False
2073,0.9756433739009375,2.9079369025486503,1.9252870618598723,4.146,4,False
2074,0.9781475638916644,2.9203307406129535,1.9245958839024346,4.148,4,False
2075,0.9807001912198037,2.9327614357212535,1.923887559408083,4.15,4,False
2076,0.983301367947927,2.94522902994967,1.9231620448170654,4.152,4,False
2077,0.9859512061386112,2.9577335653743426,1.922419296569631,4.154,4,False
2078,0.9886498178544306,2.970275084071403,1.9216592711060276,4.156,4,False
2079,0.9913973151579618,2.9828536281169904,1.9208819248665048,4.158,4,False
2080,0.9941938101117765,2.9954692395872247,1.9200872142913106,4.16,4,False
2081,0.9970394147784514,3.008121960558245,1.9192750958206939,4.162,4,False
2082,0.9999342412205613,3.020811833106184,1.9184455258949034,4.164,4,False
2083,1.0028784015006822,3.03353889930718,1.9175984609541878,4.166,4,False
2084,1.005872007681386,3.046303201237353,1.9167338574387953,4.168,4,False
2085,1.0089151718252494,3.059104780972842,1.9158516717889749,4.17,4,False
2086,1.012008005994847,3.0719436805897797,1.9149518604449756,4.172,4,False
2087,1.0151506222527555,3.0848199421643048,1.914034379847045,4.174,4,False
2088,1.0183431326615462,3.097733607772538,1.9130991864354325,4.176,4,False
2089,1.0215856492837956,3.1106847194906155,1.9121462366503867,4.178,4,False
2090,1.0248782841820794,3.1236733193946744,1.9111754869321567,4.18,4,False
2091,1.0282211494189728,3.136699449560849,1.91018689372099,4.182,4,False
2092,1.0316143570570482,3.1497631520652623,1.9091804134571362,4.184,4,False
2093,1.0350580191588818,3.1628644689840515,1.9081560025808435,4.186,4,False
2094,1.038552247787049,3.17600344239335,1.907113617532361,4.188,4,False
2095,1.042097155004126,3.1891801143692975,1.9060532147519371,4.19,4,False
2096,1.0456928528726837,3.2023945269880114,1.9049747506798198,4.192,4,False
2097,1.049339453455299,3.215646722325632,1.9038781817562582,4.194,4,False
2098,1.0530370688145474,3.228936742458293,1.902763464421502,4.196,4,False
2099,1.056785811013005,3.2422646294621313,1.9016305551157981,4.198,4,False
2100,1.0605857921132429,3.2556304254132673,1.9004794102793958,4.2,4,False
2101,1.064437124177838,3.269034172387841,1.8993099863525444,4.202,4,False
2102,1.0683399192693652,3.2824759124619836,1.898122239775492,4.204,4,False
2103,1.072294289450401,3.295955687711835,1.8969161269884869,4.206,4,False
2104,1.076300346783517,3.309473540213514,1.8956916044317782,4.208,4,False
2105,1.08035820333129,3.323029512043161,1.8944486285456152,4.21,4,False
2106,1.084467971156294,3.3366236452769074,1.8931871557702453,4.212,4,False
2107,1.088629762321106,3.350255981990893,1.8919071425459175,4.214,4,False
2108,1.0928436888882975,3.3639265642612353,1.8906085453128805,4.216,4,False
2109,1.0971098629204454,3.3776354341640773,1.889291320511384,4.218,4,False
2110,1.1014283964801241,3.3913826337755473,1.887955424581675,4.22,4,False
2111,1.1057994016299106,3.4051682051717873,1.8866008139640025,4.222,4,False
2112,1.1102229904323755,3.4189921904289147,1.8852274450986157,4.224,4,False
2113,1.1146992749500961,3.4328546316230706,1.8838352744257636,4.226,4,False
2114,1.119228367245647,3.4467555708303865,1.8824242583856938,4.228,4,False
2115,1.1238103793816052,3.4606950501270015,1.8809943534186553,4.23,4,False
2116,1.1284454234205414,3.4746731115890355,1.8795455159648973,4.232,4,False
2117,1.1331336114250328,3.4886897972926274,1.878077702464668,4.234,4,False
2118,1.137875055457654,3.50274514931391,1.8765908693582165,4.236,4,False
2119,1.142669867580982,3.5168392097290213,1.87508497308579,4.238,4,False
2120,1.1475181598575872,3.5309720206140818,1.8735599700876386,4.24,4,False
2121,1.1524200443500467,3.5451436240452296,1.8720158168040106,4.242,4,False
2122,1.1573756331209357,3.5593540620985995,1.870452469675155,4.244,4,False
2123,1.1623850382328307,3.5736033768503277,1.8688698851413188,4.246,4,False
2124,1.167448371748303,3.5878916103765364,1.8672680196427531,4.248,4,False
2125,1.1725657457299286,3.602218804753362,1.8656468296197046,4.25,4,False
2126,1.1777372722402835,3.6165850020569397,1.8640062715124237,4.252,4,False
2127,1.1829630633419437,3.6309902443634057,1.8623463017611561,4.2540000000000004,4,False
2128,1.1882432310974804,3.645434573748882,1.8606668768061536,4.256,4,False
2129,1.1935778875694703,3.6599180322895073,1.8589679530876637,4.258,4,False
2130,1.198967144820488,3.674440662061413,1.8572494870459346,4.26,4,False
2131,1.2044111149131116,3.689002505140739,1.8555114351212147,4.2620000000000005,4,False
2132,1.2099099099099102,3.703603603603604,1.853753753753754,4.264,4,False
0,3.463363363363364,0.6861861861861862,3.410510510510511,0.0,5,False
1,3.4464791212015244,0.7028687529825423,3.3965743426815562,0.002,5,False
2,3.4296546970710655,0.719505566601733,3.3826855630806696,0.004,5,False
3,3.4128900030851113,0.7360966882262207,3.368844111913268,0.006,5,False
4,3.396184951356791,0.7526421790384669,3.3550499293847666,0.008,5,False
5,3.379539453999231,0.7691421002209342,3.341302955700585,0.01,5,False
6,3.362953423125556,0.785596512956084,3.3276031310661347,0.012,5,False
7,3.3464267708488964,0.8020054784263788,3.313950395686834,0.014,5,False
8,3.329959409282377,0.8183690578142806,3.3003446897681004,0.016,5,False
9,3.3135512505391245,0.8346873123022508,3.2867859535153494,0.018000000000000002,5,False
10,3.297202206732267,0.8509603030727522,3.2732741271339973,0.02,5,False
11,3.2809121899749303,0.8671880913082461,3.2598091508294593,0.022,5,False
12,3.2646811123802424,0.8833707381911952,3.246390964807154,0.024,5,False
13,3.2485088860613285,0.899508304904061,3.2330195092724963,0.026000000000000002,5,False
14,3.2323954231313183,0.9156008526293056,3.2196947244309024,0.028,5,False
15,3.2163406357033364,0.931648442549391,3.2064165504877886,0.03,5,False
16,3.20034443589051,0.9476511358467791,3.1931849276485718,0.032,5,False
17,3.184406735805967,0.9636089937039327,3.1799997961186683,0.034,5,False
18,3.1685274475628327,0.9795220773033124,3.1668610961034926,0.036000000000000004,5,False
19,3.152706483274235,0.9953904478273814,3.1537687678084634,0.038,5,False
20,3.136943755053302,1.0112141664586012,3.140722751438996,0.04,5,False
21,3.121239175013159,1.026993294379434,3.1277229872005075,0.042,5,False
22,3.1055926552669333,1.0427278927723416,3.114769415298413,0.044,5,False
23,3.0900041079277516,1.058418022819786,3.101861975938128,0.046,5,False
24,3.07447344510874,1.0740637457042288,3.0890006093250704,0.048,5,False
25,3.0590005789230275,1.0896651226081333,3.0761852556646576,0.05,5,False
26,3.0435854214837392,1.1052222147139603,3.063415855162302,0.052000000000000005,5,False
27,3.0282278849040036,1.1207350832041723,3.050692348023424,0.054,5,False
28,3.012927881296946,1.1362037892612311,3.0380146744534384,0.056,5,False
29,2.9976853227756943,1.151628394067599,3.025382774657761,0.058,5,False
30,2.9825001214533753,1.167008958805738,3.0127965888418085,0.06,5,False
31,2.967372189443115,1.1823455446581097,3.000256057210997,0.062,5,False
32,2.9523014388580417,1.1976382128071765,2.9877611199707435,0.064,5,False
33,2.937287781811282,1.2128870244354,2.975311717326463,0.066,5,False
34,2.922331130415962,1.2280920407252425,2.962907789483573,0.068,5,False
35,2.907431396785208,1.2432533228591658,2.9505492766474886,0.07,5,False
36,2.8925884930321493,1.2583709320196321,2.938236119023628,0.07200000000000001,5,False
37,2.877802331269912,1.2734449293891035,2.9259682568174052,0.074,5,False
38,2.8630728236116205,1.2884753761500416,2.9137456302342377,0.076,5,False
39,2.848399882170405,1.3034623334849091,2.9015681794795425,0.078,5,False
40,2.8337834190593902,1.3184058625761672,2.8894358447587343,0.08,5,False
41,2.8192233463917042,1.3333060246062787,2.877348566277231,0.082,5,False
42,2.804719576280474,1.3481628807577049,2.8653062842404484,0.084,5,False
43,2.7902720208388256,1.3629764922129077,2.853308938853801,0.08600000000000001,5,False
44,2.7758805921798873,1.37774692015435,2.8413564703227085,0.088,5,False
45,2.7615452024167833,1.392474225764493,2.8294488188525833,0.09,5,False
46,2.7472657636626443,1.4071584702257993,2.8175859246488457,0.092,5,False
47,2.7330421880305926,1.4217997147207304,2.805767727916909,0.094,5,False
48,2.7188743876337607,1.4363980204317488,2.7939941688621914,0.096,5,False
49,2.7047622745852706,1.450953448541316,2.7822651876901077,0.098,5,False
50,2.690705760998251,1.4654660602318936,2.7705807246060745,0.1,5,False
51,2.6767047589858297,1.4799359166859452,2.7589407198155085,0.10200000000000001,5,False
52,2.662759180661133,1.4943630790859312,2.747345113523827,0.10400000000000001,5,False
53,2.6488689381372876,1.5087476086143146,2.7357938459364446,0.106,5,False
54,2.6350339435274193,1.5230895664535569,2.7242868572587775,0.108,5,False
55,2.621254108944657,1.5373890137861204,2.712824087696243,0.11,5,False
56,2.6075293465021265,1.5516460117944666,2.701405477454258,0.112,5,False
57,2.593859568312955,1.5658606216610578,2.690030966738237,0.114,5,False
58,2.58024468649027,1.5800329045683565,2.6787004957535987,0.116,5,False
59,2.566684613147197,1.594162921698824,2.667414004705756,0.11800000000000001,5,False
60,2.5531792603968637,1.6082507342349222,2.6561714338001283,0.12,5,False
61,2.539728540352398,1.6222964033591147,2.644972723242132,0.122,5,False
62,2.526332365126924,1.6362999902538609,2.6338178132371795,0.124,5,False
63,2.5129906468335714,1.650261556101625,2.6227066439906923,0.126,5,False
64,2.4997032975854654,1.6641811620848677,2.611639155708082,0.128,5,False
65,2.4864702294957346,1.6780588693860523,2.600615288594768,0.13,5,False
66,2.4732913546775035,1.6918947391876384,2.589634982856165,0.132,5,False
67,2.4601665852439027,1.7056888326720914,2.578698178697691,0.134,5,False
68,2.4470958333080532,1.71944121102187,2.5678048163247595,0.136,5,False
69,2.4340790109830888,1.7331519354194387,2.5569548359427903,0.138,5,False
70,2.4211160303821306,1.7468210670472581,2.5461481777571966,0.14,5,False
71,2.40820680361831,1.760448667087791,2.5353847819733977,0.14200000000000002,5,False
72,2.3953512428047503,1.774034796723498,2.5246645887968064,0.14400000000000002,5,False
73,2.3825492600545823,1.7875795171368434,2.5139875384328434,0.146,5,False
74,2.3698007674809287,1.8010828895102873,2.5033535710869206,0.148,5,False
75,2.3571056771969183,1.814544975026292,2.4927626269644554,0.15,5,False
76,2.3444639013156783,1.8279658348673207,2.4822146462708665,0.152,5,False
77,2.3318753519503352,1.8413455302158337,2.4717095692115674,0.154,5,False
78,2.3193399412140168,1.8546841222542945,2.461247335991976,0.156,5,False
79,2.306857581219849,1.867981672165164,2.450827886817508,0.158,5,False
80,2.2944281840809584,1.8812382411309052,2.4404511618935807,0.16,5,False
81,2.282051661910472,1.8944538903339792,2.430117101425609,0.162,5,False
82,2.2697279268215182,1.9076286809568481,2.4198256456190093,0.164,5,False
83,2.257456890927222,1.9207626741819743,2.409576734679198,0.166,5,False
84,2.2452384663407123,1.9338559311918202,2.399370308811593,0.168,5,False
85,2.2330725651751133,1.9469085131688466,2.389206308221608,0.17,5,False
86,2.220959099543554,1.9599204812955164,2.3790846731146615,0.17200000000000001,5,False
87,2.2088979815591614,1.9728918967542917,2.369005343696169,0.17400000000000002,5,False
88,2.1968891233350614,1.9858228207276336,2.3589682601715465,0.176,5,False
89,2.184932436984382,1.9987133143980051,2.348973362746211,0.178,5,False
90,2.1730278346202483,2.0115634389478676,2.339020591625578,0.18,5,False
91,2.161175228355789,2.024373255559684,2.329109887015064,0.182,5,False
92,2.1493745303041294,2.0371428254159145,2.3192411891200853,0.184,5,False
93,2.1376256525783974,2.049872209699023,2.309414438146058,0.186,5,False
94,2.125928507291721,2.062561469591471,2.2996295742984,0.188,5,False
95,2.1142830065572245,2.0752106662757197,2.2898865377825253,0.19,5,False
96,2.102689062488037,2.087819860934231,2.2801852688038515,0.192,5,False
97,2.0911465871972847,2.1003891147494684,2.270525707567795,0.194,5,False
98,2.0796554927980937,2.112918488903893,2.2609077942797717,0.196,5,False
99,2.0682156914035925,2.125408044579967,2.251331469145198,0.198,5,False
100,2.0568270951269065,2.1378578429601514,2.2417966723694898,0.2,5,False
101,2.045489616081163,2.1502679452269104,2.2323033441580638,0.202,5,False
102,2.034203166379489,2.1626384125627034,2.222851424716336,0.20400000000000001,5,False
103,2.0229676581350127,2.1749693061499946,2.2134408542497237,0.20600000000000002,5,False
104,2.011783003460859,2.1872606871712446,2.2040715729636418,0.20800000000000002,5,False
105,2.000649114470156,2.1995126168089154,2.1947435210635073,0.21,5,False
106,1.9895659032760302,2.2117251562454694,2.185456638754737,0.212,5,False
107,1.9785332819916084,2.22389836666337,2.1762108662427457,0.214,5,False
108,1.9675511627300173,2.236032309245077,2.167006143732951,0.216,5,False
109,1.956619457604385,2.248127045173054,2.157842411430769,0.218,5,False
110,1.945738078727837,2.260182635629761,2.1487196095416166,0.22,5,False
111,1.9349069382135013,2.2721991417976626,2.1396376782709092,0.222,5,False
112,1.9241259481745034,2.2841766248592177,2.130596557824062,0.224,5,False
113,1.9133950207239718,2.2961151459968923,2.1215961884064938,0.226,5,False
114,1.9027140679750318,2.3080147663931445,2.1126365102236186,0.228,5,False
115,1.8920830020408124,2.3198755472304398,2.1037174634808546,0.23,5,False
116,1.8815017350344383,2.331697549691237,2.0948389883836165,0.232,5,False
117,1.8709701790690385,2.3434808349580005,2.086001025137323,0.234,5,False
118,1.8604882462577381,2.3552254642131905,2.077203513947388,0.23600000000000002,5,False
119,1.8500558487136647,2.3669314986392704,2.0684463950192273,0.23800000000000002,5,False
120,1.8396728985499446,2.3785989994187013,2.0597296085582593,0.24,5,False
121,1.8293393078797062,2.3902280277339454,2.0510530947698995,0.242,5,False
122,1.8190549888160747,2.4018186447674648,2.042416793859564,0.244,5,False
123,1.8088198534721787,2.4133709117017226,2.033820646032669,0.246,5,False
124,1.7986338139611437,2.4248848897191784,2.025264591494632,0.248,5,False
125,1.7884967823960978,2.4363606400022966,2.0167485704508676,0.25,5,False
126,1.7784086708901663,2.447798223733537,2.008272523106793,0.252,5,False
127,1.7683693915564775,2.4591977020953637,1.9998363896678242,0.254,5,False
128,1.7583788565081582,2.470559136270238,1.991440110339378,0.256,5,False
129,1.7484369778583342,2.4818825874406207,1.98308362532687,0.258,5,False
130,1.7385436677201336,2.493168116788976,1.9747668748357172,0.26,5,False
131,1.7286988382066828,2.504415785497764,1.9664897990713353,0.262,5,False
132,1.718902401431109,2.5156256547494475,1.9582523382391412,0.264,5,False
133,1.7091542695065383,2.5267977857264885,1.9500544325445506,0.266,5,False
134,1.6994543545460983,2.5379322396113486,1.9418960221929802,0.268,5,False
135,1.6898025686629163,2.5490290775864906,1.933777047389846,0.27,5,False
136,1.6801988239701182,2.5600883608343765,1.9256974483405644,0.272,5,False
137,1.6706430325808315,2.5711101505374665,1.9176571652505516,0.274,5,False
138,1.6611351066081832,2.582094507878225,1.9096561383252246,0.276,5,False
139,1.6516749581652999,2.593041494039112,1.9016943077699988,0.278,5,False
140,1.642262499365308,2.603951170202591,1.8937716137902911,0.28,5,False
141,1.6328976423213353,2.614823597551123,1.885887996591517,0.28200000000000003,5,False
142,1.6235802991465091,2.6256588372671708,1.8780433963790941,0.28400000000000003,5,False
143,1.614310381953955,2.6364569505331965,1.8702377533584376,0.28600000000000003,5,False
144,1.6050878028568003,2.6472179985316613,1.862471007734964,0.28800000000000003,5,False
145,1.5959124739681725,2.657942042445027,1.85474309971409,0.29,5,False
146,1.586784307401198,2.6686291434557563,1.8470539695012314,0.292,5,False
147,1.577703215269004,2.6792793627463114,1.8394035573018053,0.294,5,False
148,1.568669109684717,2.6898927614991543,1.831791803321227,0.296,5,False
149,1.559681902761464,2.7004694008967465,1.8242186477649132,0.298,5,False
150,1.5507415066123726,2.7110093421215504,1.8166840308382808,0.3,5,False
151,1.5418478333505687,2.7215126463560266,1.8091878927467449,0.302,5,False
152,1.5330007950891804,2.7319793747826395,1.8017301736957232,0.304,5,False
153,1.5242003039413323,2.742409588583849,1.7943108138906303,0.306,5,False
154,1.515446272020154,2.752803348942119,1.786929753536884,0.308,5,False
155,1.5067386114387706,2.76316071703991,1.7795869328398997,0.31,5,False
156,1.4980772343103104,2.773481754059685,1.7722822920050947,0.312,5,False
157,1.4894620527479,2.7837665211839053,1.765015771237885,0.314,5,False
158,1.4808929788646648,2.794015079595033,1.7577873107436854,0.316,5,False
159,1.4723699247737332,2.80422749047553,1.7505968507279142,0.318,5,False
160,1.4638928025882314,2.8144038150078585,1.7434443313959864,0.32,5,False
161,1.455461524421287,2.8245441143744805,1.736329692953319,0.322,5,False
162,1.4470760023860259,2.834648449757859,1.7292528756053276,0.324,5,False
163,1.4387361485955765,2.8447168823404536,1.72221381955743,0.326,5,False
164,1.4304418751630643,2.8547494733047287,1.7152124650150407,0.328,5,False
165,1.422193094201616,2.864746283833145,1.7082487521835765,0.33,5,False
166,1.41398971782436,2.8747073751081653,1.7013226212684542,0.332,5,False
167,1.4058316581444228,2.884632808312251,1.6944340124750905,0.334,5,False
168,1.39771882727493,2.8945226446278642,1.6875828660089003,0.336,5,False
169,1.38965113732901,2.9043769452374666,1.6807691220753007,0.338,5,False
170,1.3816285004197892,2.9141957713235214,1.6739927208797087,0.34,5,False
171,1.373650828660394,2.923979184068489,1.6672536026275393,0.342,5,False
172,1.3657180341639519,2.933727244654833,1.6605517075242096,0.34400000000000003,5,False
173,1.35783002904359,2.943440014265013,1.6538869757751353,0.34600000000000003,5,False
174,1.3499867254124345,2.9531175540814947,1.6472593475857333,0.34800000000000003,5,False
175,1.3421880353836126,2.962759925286737,1.6406687631614196,0.35000000000000003,5,False
176,1.334433871070252,2.972367189063203,1.6341151627076116,0.352,5,False
177,1.3267241445854776,2.9819394065933533,1.6275984864297226,0.354,5,False
178,1.3190587680424186,2.9914766390596537,1.6211186745331725,0.356,5,False
179,1.3114376535541996,3.000978947644562,1.6146756672233746,0.358,5,False
180,1.3038607132339508,3.0104463935305423,1.608269404705748,0.36,5,False
181,1.2963278591947947,3.0198790379000555,1.6018998271857061,0.362,5,False
182,1.2888390035498625,3.0292769419355667,1.5955668748686682,0.364,5,False
183,1.2813940584122778,3.038640166819533,1.5892704879600477,0.366,5,False
184,1.2739929358951703,3.0479687737344205,1.5830106066652634,0.368,5,False
185,1.266635548111664,3.0572628238626884,1.5767871711897294,0.37,5,False
186,1.2593218071748886,3.066522378386802,1.570600121738864,0.372,5,False
187,1.2520516251979683,3.075747498489219,1.5644493985180816,0.374,5,False
188,1.244824914294033,3.0849382453524052,1.5583349417328007,0.376,5,False
189,1.2376415865762067,3.0940946801588196,1.552256691588435,0.378,5,False
190,1.2305015541576187,3.1032168640909275,1.5462145882904037,0.38,5,False
191,1.2234047291513936,3.112304858331188,1.5402085720441197,0.382,5,False
192,1.2163510236706607,3.1213587240620644,1.5342385830550032,0.384,5,False
193,1.2093403498285447,3.1303785224660174,1.5283045615284667,0.386,5,False
194,1.2023726197381748,3.139364314725513,1.5224064476699297,0.388,5,False
195,1.195447745512675,3.1483161620230065,1.5165441816848058,0.39,5,False
196,1.1885656392651756,3.1572341255409664,1.510717703778514,0.392,5,False
197,1.1817262131088002,3.166118266461851,1.5049269541564676,0.394,5,False
198,1.1749293791566784,3.1749686459681246,1.4991718730240857,0.396,5,False
199,1.1681750495219352,3.1837853252422454,1.4934524005867826,0.398,5,False
200,1.1614631363176984,3.1925683654666805,1.487768477049976,0.4,5,False
201,1.1547935516570949,3.2013178278238876,1.4821200426190808,0.402,5,False
202,1.1481662076532522,3.210033773496332,1.4765070374995153,0.404,5,False
203,1.1415810164192945,3.2187162636664723,1.470929401896693,0.406,5,False
204,1.1350378900683529,3.227365359516774,1.4653870760160332,0.40800000000000003,5,False
205,1.1285367407135503,3.2359811222296955,1.4598800000629493,0.41000000000000003,5,False
206,1.1220774804680167,3.2445636129877027,1.4544081142428609,0.41200000000000003,5,False
207,1.1156600214448769,3.2531128929732542,1.4489713587611806,0.41400000000000003,5,False
208,1.1092842757572592,3.261629023368816,1.4435696738233283,0.41600000000000004,5,False
209,1.1029501555182895,3.270112065356844,1.4382029996347176,0.418,5,False
210,1.096657572841095,3.2785620801198063,1.4328712764007658,0.42,5,False
211,1.0904064398388031,3.2869791288401613,1.4275744443268894,0.422,5,False
212,1.0841966686245397,3.295363272700372,1.4223124436185042,0.424,5,False
213,1.078028171311433,3.303714572882901,1.4170852144810273,0.426,5,False
214,1.071900860012609,3.31203309057021,1.4118926971198742,0.428,5,False
215,1.0658146468411949,3.3203188869447606,1.4067348317404613,0.43,5,False
216,1.0597694439103171,3.3285720231890155,1.4016115585482052,0.432,5,False
217,1.0537651633331033,3.336792560485434,1.3965228177485218,0.434,5,False
218,1.0478017172226795,3.3449805600164826,1.391468549546828,0.436,5,False
219,1.0418790176921737,3.3531360829646193,1.3864486941485397,0.438,5,False
220,1.0359969768547121,3.36125919051231,1.3814631917590732,0.44,5,False
221,1.0301555068234218,3.3693499438420127,1.376511982583845,0.442,5,False
222,1.0243545197114294,3.3774084041361916,1.3715950068282707,0.444,5,False
223,1.0185939276318623,3.385434632577309,1.3667122046977682,0.446,5,False
224,1.0128736426978473,3.393428690347826,1.3618635163977524,0.448,5,False
225,1.0071935770225107,3.401390638630204,1.3570488821336395,0.45,5,False
226,1.0015536427189804,3.4093205386069068,1.3522682421108467,0.452,5,False
227,0.9959537519003827,3.4172184514603954,1.3475215365347897,0.454,5,False
228,0.9903938166798443,3.425084438373132,1.342808705610885,0.456,5,False
229,0.9848737491704925,3.4329185605275776,1.3381296895445494,0.458,5,False
230,0.9793934614854538,3.440720879106196,1.3334844285411978,0.46,5,False
231,0.9739528657378557,3.448491455291447,1.3288728628062478,0.462,5,False
232,0.968551874040825,3.4562303502657947,1.3242949325451157,0.464,5,False
233,0.9631903985074884,3.4639376252117002,1.319750577963217,0.466,5,False
234,0.9578683512509724,3.471613341311626,1.3152397392659683,0.468,5,False
235,0.9525856443844046,3.4792575597480333,1.310762356658786,0.47000000000000003,5,False
236,0.9473421900209111,3.4868703417033844,1.3063183703470864,0.47200000000000003,5,False
237,0.94213790027362,3.4944517483601416,1.3019077205362852,0.47400000000000003,5,False
238,0.9369726872556571,3.5020018409007667,1.2975303474317998,0.47600000000000003,5,False
239,0.9318464630801501,3.509520680507721,1.2931861912390463,0.47800000000000004,5,False
240,0.926759139860225,3.517008328363468,1.2888751921634405,0.48,5,False
241,0.9217106297090095,3.5244648456504697,1.2845972904103988,0.482,5,False
242,0.9167008447396304,3.5318902935511858,1.2803524261853378,0.484,5,False
243,0.9117296970652147,3.53928473324808,1.2761405396936734,0.486,5,False
244,0.9067970987988886,3.5466482259236147,1.271961571140822,0.488,5,False
245,0.9019029620537794,3.5539808327602525,1.2678154607322,0.49,5,False
246,0.8970471989430141,3.561282614940452,1.2637021486732238,0.492,5,False
247,0.8922297215797197,3.5685536336466774,1.2596215751693094,0.494,5,False
248,0.8874504420770231,3.575793950061392,1.2555736804258735,0.496,5,False
249,0.8827092725480505,3.5830036253670565,1.2515584046483317,0.498,5,False
250,0.8780061251059301,3.5901827207461334,1.2475756880421014,0.5,5,False
251,0.8733409118637879,3.597331297381083,1.243625470812598,0.502,5,False
252,0.8687135449347507,3.60444941645437,1.239707693165238,0.504,5,False
253,0.8641239364319458,3.6115371391484543,1.2358222953054383,0.506,5,False
254,0.8595719984685003,3.618594526645798,1.2319692174386139,0.508,5,False
255,0.8550576431575406,3.625621640128864,1.2281483997701825,0.51,5,False
256,0.8505807826121939,3.6326185407801144,1.2243597825055597,0.512,5,False
257,0.8461413289455864,3.6395852897820107,1.2206033058501615,0.514,5,False
258,0.8417391942708461,3.646521948317014,1.2168789100094046,0.516,5,False
259,0.8373742907010996,3.653428577567588,1.2131865351887057,0.518,5,False
260,0.833046530349473,3.660305238716195,1.2095261215934803,0.52,5,False
261,0.8287558253290943,3.667151992945295,1.2058976094291451,0.522,5,False
262,0.82450208775309,3.6739689014373513,1.2023009389011166,0.524,5,False
263,0.8202852297345868,3.6807560253748246,1.1987360502148112,0.526,5,False
264,0.8161051633867118,3.687513425940179,1.1952028835756447,0.528,5,False
265,0.8119618008225915,3.694241164315876,1.1917013791890334,0.53,5,False
266,0.8078550541553536,3.7009393016843752,1.1882314772603937,0.532,5,False
267,0.8037848354981245,3.707607899228142,1.1847931179951423,0.534,5,False
268,0.7997510569640308,3.7142470181296368,1.1813862415986947,0.536,5,False
269,0.7957536306661999,3.7208567195713216,1.1780107882764677,0.538,5,False
270,0.7917924687177589,3.727437064735657,1.1746666982338783,0.54,5,False
271,0.7878674832318342,3.7339881148051077,1.1713539116763416,0.542,5,False
272,0.7839785863215526,3.7405099309621352,1.1680723688092742,0.544,5,False
273,0.7801256901000417,3.747002574389199,1.164822009838093,0.546,5,False
274,0.7763087066804278,3.7534661062687644,1.1616027749682136,0.548,5,False
275,0.7725275481758378,3.75990058778329,1.1584146044050525,0.55,5,False
276,0.7687821266993988,3.7663060801152417,1.1552574383540264,0.552,5,False
277,0.7650723543642375,3.7726826444470793,1.1521312170205509,0.554,5,False
278,0.7613981432834817,3.7790303419612634,1.1490358806100431,0.556,5,False
279,0.757759405570257,3.785349233840258,1.1459713693279188,0.558,5,False
280,0.7541560533376913,3.7916393812665254,1.1429376233795943,0.56,5,False
281,0.7505879986989109,3.797900845422528,1.139934582970486,0.562,5,False
282,0.7470551537670431,3.8041336874907246,1.1369621883060106,0.5640000000000001,5,False
283,0.7435574306552145,3.810337968653581,1.1340203795915835,0.5660000000000001,5,False
284,0.7400947414765519,3.8165137500935558,1.1311090970326212,0.5680000000000001,5,False
285,0.7366669983441828,3.822661092993114,1.128228280834541,0.5700000000000001,5,False
286,0.7332741133712335,3.828780058534716,1.125377871202758,0.5720000000000001,5,False
287,0.7299159986708311,3.8348707079008237,1.1225578083426893,0.5740000000000001,5,False
288,0.7265925663561025,3.8409331022738997,1.1197680324597503,0.5760000000000001,5,False
289,0.7233037285401751,3.846967302836407,1.117008483759359,0.578,5,False
290,0.7200493973361749,3.8529733707708043,1.1142791024469296,0.58,5,False
291,0.7168294848572297,3.8589513672595586,1.1115798287278802,0.582,5,False
292,0.7136439032164651,3.8649013534851266,1.1089106028076254,0.584,5,False
293,0.7104925645270099,3.8708233906299743,1.106271364891583,0.586,5,False
294,0.7073753809019893,3.8767175398765605,1.1036620551851681,0.588,5,False
295,0.7042922644545314,3.8825838624073508,1.1010826138937986,0.59,5,False
296,0.701243127297762,3.8884224194048036,1.0985329812228886,0.592,5,False
297,0.698227881544809,3.894233272051384,1.0960130973778566,0.594,5,False
298,0.6952464393087983,3.900016481529551,1.093522902564117,0.596,5,False
299,0.6922987127028581,3.90577210902177,1.091062336987088,0.598,5,False
300,0.6893846138401141,3.9115002157105003,1.0886313408521842,0.6,5,False
301,0.686504054833694,3.9172008627782056,1.086229854364823,0.602,5,False
302,0.6836569477967241,3.9228741114073453,1.0838578177304197,0.604,5,False
303,0.6808432048423324,3.9285200227803845,1.081515171154392,0.606,5,False
304,0.6780627380836437,3.9341386580797826,1.0792018548421543,0.608,5,False
305,0.6753154596337876,3.939730078488005,1.076917808999125,0.61,5,False
306,0.6726012816058884,3.9452943451875098,1.0746629738307185,0.612,5,False
307,0.6699201161130752,3.950831519360763,1.072437289542353,0.614,5,False
308,0.667271875268473,3.956341662190221,1.0702406963394429,0.616,5,False
309,0.6646564711852109,3.9618248348583522,1.0680731344274061,0.618,5,False
310,0.6620738159764133,3.967281098547615,1.0659345440116577,0.62,5,False
311,0.6595238217552092,3.972710514440473,1.0638248652976152,0.622,5,False
312,0.6570064006347238,3.9781131437193844,1.061744038490693,0.624,5,False
313,0.6545214647280858,3.9834890475668168,1.0596920037963098,0.626,5,False
314,0.6520689261484203,3.9888382871652275,1.0576687014198798,0.628,5,False
315,0.6496486970088559,3.994160923697082,1.0556740715668211,0.63,5,False
316,0.6472606894225177,3.999457018344839,1.053708054442548,0.632,5,False
317,0.6449048155025345,4.004726632290965,1.051770590252479,0.634,5,False
318,0.6425809873620313,4.009969826717916,1.049861619202028,0.636,5,False
319,0.6402891171141372,4.015186662808159,1.047981081496614,0.638,5,False
320,0.6380291168719767,4.020377201744155,1.0461289173416508,0.64,5,False
321,0.635800898748679,4.025541504708364,1.0443050669425569,0.642,5,False
322,0.6336043748573686,4.03067963288325,1.0425094705047462,0.644,5,False
323,0.631439457311175,4.0357916474512745,1.0407420682336377,0.646,5,False
324,0.6293060582232228,4.040877609594898,1.039002800334645,0.648,5,False
325,0.6272040897066405,4.045937580496585,1.0372916070131866,0.65,5,False
326,0.625133463874554,4.050971621338796,1.0356084284746772,0.652,5,False
327,0.6230940928400912,4.055979793303995,1.0339532049245346,0.654,5,False
328,0.6210858887163775,4.060962157574639,1.032325876568173,0.656,5,False
329,0.6191087636165419,4.065918775333198,1.0307263836110119,0.658,5,False
330,0.6171626296537089,4.0708497077621235,1.0291546662584639,0.66,5,False
331,0.6152473989410078,4.075755016043887,1.0276106647159482,0.662,5,False
332,0.6133629835915635,4.080634761360946,1.0260943191888794,0.664,5,False
333,0.6115092957185041,4.085489004895765,1.024605569882675,0.666,5,False
334,0.6096862474349557,4.090317807830802,1.02314435700275,0.668,5,False
335,0.6078937508540464,4.095121231348522,1.0217106207545221,0.67,5,False
336,0.6061317180889016,4.099899336631386,1.020304301343406,0.672,5,False
337,0.6044000612526493,4.104652184861859,1.01892533897482,0.674,5,False
338,0.602698692458416,4.109379837222396,1.0175736738541785,0.676,5,False
339,0.6010275238193291,4.1140823548954675,1.0162492461868993,0.678,5,False
340,0.5993864674485142,4.118759799063528,1.0149519961783968,0.68,5,False
341,0.5977754354591002,4.123412230909046,1.01368186403409,0.682,5,False
342,0.5961943399642117,4.128039711614477,1.0124387899593925,0.684,5,False
343,0.5946430930769776,4.1326423023622905,1.0112227141597225,0.686,5,False
344,0.5931216069105235,4.13722006433494,1.010033576840495,0.6880000000000001,5,False
345,0.5916297935779774,4.141773058714895,1.0088713182071276,0.6900000000000001,5,False
346,0.5901675651924649,4.146301346684613,1.0077358784650352,0.6920000000000001,5,False
347,0.5887348338671141,4.150804989426559,1.0066271978196357,0.6940000000000001,5,False
348,0.5873315117150509,4.155284048123192,1.0055452164763437,0.6960000000000001,5,False
349,0.5859575108494035,4.159738583956977,1.004489874640577,0.6980000000000001,5,False
350,0.5846127433832973,4.16416865811037,1.0034611125177504,0.7000000000000001,5,False
351,0.5832971214298602,4.168574331765843,1.0024588703132815,0.7020000000000001,5,False
352,0.5820105571022186,4.172955666105849,1.001483088232586,0.704,5,False
353,0.5807529625135,4.1773127223128546,1.0005337064810804,0.706,5,False
354,0.5795242497768306,4.18164556156932,0.9996106652641806,0.708,5,False
355,0.5783243310053379,4.185954245057709,0.9987139047873036,0.71,5,False
356,0.5771531183121483,4.190238833960483,0.997843365255865,0.712,5,False
357,0.5760105238103891,4.194499389460102,0.9969989868752814,0.714,5,False
358,0.5748964596131872,4.198735972739029,0.9961807098509695,0.716,5,False
359,0.5738108378336692,4.2029486449797275,0.9953884743883449,0.718,5,False
360,0.572753570584962,4.2071374673646575,0.9946222206928242,0.72,5,False
361,0.5717245699801928,4.2113025010762835,0.9938818889698239,0.722,5,False
362,0.5707237481324884,4.215443807297065,0.99316741942476,0.724,5,False
363,0.5697510171549757,4.219561447209466,0.9924787522630487,0.726,5,False
364,0.5688062891607814,4.223655481995946,0.9918158276901067,0.728,5,False
365,0.5678894762630327,4.22772597283897,0.9911785859113503,0.73,5,False
366,0.5670004905748562,4.231772980920997,0.990566967132195,0.732,5,False
367,0.5661392442093791,4.235796567424492,0.9899809115580581,0.734,5,False
368,0.5653056492797284,4.239796793531915,0.9894203593943556,0.736,5,False
369,0.5644996178990305,4.243773720425729,0.9888852508465037,0.738,5,False
370,0.563721062180413,4.247727409288394,0.9883755261199187,0.74,5,False
371,0.5629698942370017,4.251657921302375,0.9878911254200164,0.742,5,False
372,0.5622460261819249,4.255565317650132,0.9874319889522144,0.744,5,False
373,0.5615493701283083,4.259449659514125,0.9869980569219275,0.746,5,False
374,0.5608798381892799,4.263311008076823,0.9865892695345733,0.748,5,False
375,0.5602373424779655,4.267149424520682,0.9862055669955672,0.75,5,False
376,0.5596217951074928,4.270964970028165,0.9858468895103258,0.752,5,False
377,0.5590331081909885,4.2747577057817345,0.9855131772842657,0.754,5,False
378,0.5584711938415791,4.278527692963852,0.9852043705228024,0.756,5,False
379,0.5579359641723922,4.282274992756982,0.9849204094313531,0.758,5,False
380,0.5574273312965541,4.285999666343583,0.9846612342153337,0.76,5,False
381,0.5569452073271922,4.289701774906119,0.9844267850801605,0.762,5,False
382,0.5564895043774328,4.293381379627052,0.9842170022312497,0.764,5,False
383,0.5560601345604035,4.297038541688842,0.9840318258740177,0.766,5,False
384,0.5556570099892307,4.300673322273954,0.9838711962138807,0.768,5,False
385,0.5552800427770415,4.304285782564849,0.9837350534562554,0.77,5,False
386,0.5549291450369626,4.307875983743988,0.9836233378065575,0.772,5,False
387,0.5546042288821214,4.311443986993833,0.983535989470204,0.774,5,False
388,0.5543052064256442,4.314989853496847,0.9834729486526106,0.776,5,False
389,0.5540319897806584,4.318513644435493,0.9834341555591938,0.778,5,False
390,0.5537844910602905,4.322015420992229,0.9834195503953699,0.78,5,False
391,0.5535626223776676,4.325495244349521,0.9834290733665554,0.782,5,False
392,0.5533662958459169,4.328953175689829,0.9834626646781661,0.784,5,False
393,0.5531954235781646,4.332389276195617,0.9835202645356189,0.786,5,False
394,0.5530499176875384,4.335803607049345,0.9836018131443296,0.788,5,False
395,0.5529296902871644,4.339196229433476,0.9837072507097148,0.79,5,False
396,0.5528346534901702,4.3425672045304715,0.9838365174371907,0.792,5,False
397,0.5527647194096823,4.3459165935227935,0.9839895535321739,0.794,5,False
398,0.5527198001588276,4.349244457592904,0.9841662992000797,0.796,5,False
399,0.5526998078507334,4.352550857923264,0.9843666946463256,0.798,5,False
400,0.5527046545985259,4.355835855696338,0.9845906800763273,0.8,5,False
401,0.5527342525153331,4.359099512094588,0.9848381956955015,0.802,5,False
402,0.5527885137142808,4.362341888300473,0.9851091817092638,0.804,5,False
403,0.5528673503084962,4.365563045496457,0.985403578323031,0.806,5,False
404,0.5529706744111068,4.368763044865002,0.9857213257422196,0.808,5,False
405,0.5530983981352389,4.371941947588568,0.9860623641722454,0.81,5,False
406,0.5532504335940195,4.37509981484962,0.986426633818525,0.812,5,False
407,0.5534266929005756,4.37823670783062,0.9868140748864747,0.8140000000000001,5,False
408,0.5536270881680339,4.381352687714028,0.9872246275815106,0.8160000000000001,5,False
409,0.5538515315095215,4.384447815682305,0.9876582321090488,0.8180000000000001,5,False
410,0.5540999350381655,4.387522152917916,0.9881148286745063,0.8200000000000001,5,False
411,0.5543722108670924,4.390575760603322,0.9885943574832989,0.8220000000000001,5,False
412,0.5546682711094294,4.393608699920984,0.989096758740843,0.8240000000000001,5,False
413,0.5549880278783033,4.396621032053364,0.9896219726525551,0.8260000000000001,5,False
414,0.5553313932868408,4.399612818182925,0.990169939423851,0.8280000000000001,5,False
415,0.5556982794481692,4.402584119492131,0.9907405992601477,0.8300000000000001,5,False
416,0.5560885984754153,4.405534997163441,0.991333892366861,0.8320000000000001,5,False
417,0.5565022624817055,4.408465512379316,0.9919497589494071,0.834,5,False
418,0.5569391835801671,4.411375726322221,0.9925881392132025,0.836,5,False
419,0.5573992738839275,4.414265700174617,0.9932489733636638,0.838,5,False
420,0.557882445506113,4.4171354951189645,0.9939322016062071,0.84,5,False
421,0.5583886105598502,4.419985172337728,0.9946377641462484,0.842,5,False
422,0.5589176811582668,4.422814793013369,0.9953656011892043,0.844,5,False
423,0.5594695694144896,4.425624418328346,0.9961156529404909,0.846,5,False
424,0.5600441874416446,4.428414109465126,0.9968878596055246,0.848,5,False
425,0.5606414473528597,4.431183927606168,0.9976821613897218,0.85,5,False
426,0.5612612612612612,4.433933933933935,0.9984984984984986,0.852,5,False
427,0.5619035412799767,4.436664189630887,0.9993368111372716,0.854,5,False
428,0.5625681995221323,4.439374755879492,1.000197039511457,0.856,5,False
429,0.5632551481008555,4.442065693862204,1.001079123826471,0.858,5,False
430,0.5639642991292727,4.444737064761492,1.0019830042877296,0.86,5,False
431,0.5646955647205111,4.447388929759812,1.0029086211006495,0.862,5,False
432,0.5654488569876979,4.45002135003963,1.0038559144706471,0.864,5,False
433,0.5662240880439594,4.452634386783406,1.0048248246031386,0.866,5,False
434,0.5670211700024226,4.455228101173604,1.00581529170354,0.868,5,False
435,0.567840014976215,4.457802554392683,1.006827255977268,0.87,5,False
436,0.5686805350784627,4.460357807623109,1.0078606576297384,0.872,5,False
437,0.5695426424222935,4.462893922047341,1.0089154368663684,0.874,5,False
438,0.5704262491208332,4.465410958847843,1.0099915338925731,0.876,5,False
439,0.5713312672872097,4.467908979207075,1.01108888891377,0.878,5,False
440,0.5722576090345494,4.4703880443075,1.0122074421353744,0.88,5,False
441,0.5732051864759795,4.472848215331577,1.013347133762803,0.882,5,False
442,0.5741739117246262,4.475289553461775,1.0145079040014724,0.884,5,False
443,0.5751636968936173,4.4777121198805485,1.0156896930567982,0.886,5,False
444,0.5761744540960794,4.4801159757703655,1.0168924411341977,0.888,5,False
445,0.5772060954451393,4.482501182313684,1.0181160884390863,0.89,5,False
446,0.5782585330539238,4.484867800692968,1.0193605751768806,0.892,5,False
447,0.5793316790355598,4.4872158920906795,1.020625841552997,0.894,5,False
448,0.5804254455031744,4.489545517689279,1.0219118277728516,0.896,5,False
449,0.5815397445698949,4.49185673867123,1.0232184740418613,0.898,5,False
450,0.5826744883488472,4.494149616218994,1.0245457205654411,0.9,5,False
451,0.5838295889531592,4.4964242115150315,1.025893507549009,0.902,5,False
452,0.5850049584959569,4.498680585741807,1.0272617751979798,0.904,5,False
453,0.586200509090368,4.500918800081781,1.0286504637177707,0.906,5,False
454,0.5874161528495189,4.503138915717416,1.0300595133137975,0.908,5,False
455,0.5886518018865368,4.505340993831174,1.031488864191477,0.91,5,False
456,0.5899073683145485,4.507525095605517,1.0329384565562252,0.912,5,False
457,0.5911827642466807,4.509691282222907,1.0344082306134585,0.914,5,False
458,0.5924779017960607,4.5118396148658055,1.035898126568593,0.916,5,False
459,0.5937926930758148,4.513970154716675,1.037408084627045,0.918,5,False
460,0.5951270501990709,4.516082962957979,1.0389380449942311,0.92,5,False
461,0.5964808852789549,4.518178100772176,1.0404879478755675,0.922,5,False
462,0.597854110428594,4.520255629341731,1.04205773347647,0.924,5,False
463,0.5992466377611155,4.5223156098491035,1.0436473420023558,0.926,5,False
464,0.6006583793896457,4.524358103476759,1.0452567136586404,0.928,5,False
465,0.6020892474273122,4.526383171407156,1.0468857886507406,0.93,5,False
466,0.6035391539872412,4.528390874822761,1.0485345071840726,0.932,5,False
467,0.60500801118256,4.530381274906029,1.0502028094640523,0.934,5,False
468,0.6064957311263958,4.532354432839428,1.0518906356960969,0.936,5,False
469,0.6080022259318746,4.534310409805417,1.0535979260856214,0.9380000000000001,5,False
470,0.6095274077121242,4.536249266986459,1.0553246208380433,0.9400000000000001,5,False
471,0.6110711885802709,4.538171065565017,1.0570706601587783,0.9420000000000001,5,False
472,0.6126334806494417,4.5400758667235515,1.0588359842532429,0.9440000000000001,5,False
473,0.6142141960327641,4.541963731644525,1.0606205333268535,0.9460000000000001,5,False
474,0.6158132468433641,4.5438347215104,1.0624242475850258,0.9480000000000001,5,False
475,0.6174305451943696,4.545688897503637,1.064247067233177,0.9500000000000001,5,False
476,0.6190660031989066,4.5475263208067,1.0660889324767227,0.9520000000000001,5,False
477,0.6207195329701026,4.54934705260205,1.0679497835210794,0.9540000000000001,5,False
478,0.622391046621084,4.551151154072149,1.0698295605716635,0.9560000000000001,5,False
479,0.624080456264978,4.552938686399457,1.0717282038338911,0.9580000000000001,5,False
480,0.6257876740149118,4.554709710766441,1.0736456535131786,0.96,5,False
481,0.6275126119840118,4.556464288355559,1.0755818498149425,0.962,5,False
482,0.629255182285405,4.558202480349275,1.077536732944599,0.964,5,False
483,0.6310152970322183,4.559924347930047,1.079510243107564,0.966,5,False
484,0.632792868337579,4.561629952280344,1.0815023205092547,0.968,5,False
485,0.6345878083146136,4.563319354582621,1.0835129053550863,0.97,5,False
486,0.636400029076449,4.564992616019344,1.0855419378504758,0.972,5,False
487,0.6382294427362122,4.566649797772974,1.0875893582008394,0.974,5,False
488,0.64007596140703,4.568290961025974,1.0896551066115931,0.976,5,False
489,0.6419394972020299,4.569916166960804,1.0917391232881537,0.978,5,False
490,0.6438199622343379,4.571525476759928,1.093841348435937,0.98,5,False
491,0.6457172686170813,4.573118951605807,1.09596172226036,0.982,5,False
492,0.6476313284633876,4.574696652680903,1.0981001849668381,0.984,5,False
493,0.6495620538863829,4.576258641167677,1.1002566767607882,0.986,5,False
494,0.6515093569991939,4.577804978248594,1.1024311378476264,0.988,5,False
495,0.6534731499149483,4.579335725106112,1.104623508432769,0.99,5,False
496,0.6554533447467725,4.580850942922695,1.1068337287216323,0.992,5,False
497,0.6574498536077937,4.582350692880808,1.1090617389196327,0.994,5,False
498,0.6594625886111387,4.583835036162909,1.1113074792321864,0.996,5,False
499,0.661491461869934,4.58530403395146,1.1135708898647096,0.998,5,False
500,0.6635363854973073,4.586757747428925,1.1158519110226193,1.0,5,False
501,0.6655972716063849,4.588196237777765,1.1181504829113307,1.002,5,False
502,0.6676740323102939,4.589619566180443,1.1204665457362606,1.004,5,False
503,0.6697665797221614,4.591027793819419,1.1228000397028257,1.006,5,False
504,0.6718748259551138,4.592420981877156,1.1251509050164419,1.008,5,False
505,0.6739986831222783,4.5937991915361165,1.1275190818825251,1.01,5,False
506,0.6761380633367817,4.595162483978762,1.1299045105064924,1.012,5,False
507,0.6782928787117514,4.596510920387555,1.1323071310937598,1.014,5,False
508,0.6804630413603135,4.5978445619449575,1.1347268838497433,1.016,5,False
509,0.6826484633955956,4.599163469833431,1.1371637089798596,1.018,5,False
510,0.6848490569307242,4.600467705235436,1.1396175466895246,1.02,5,False
511,0.6870647340788264,4.601757329333438,1.142088337184155,1.022,5,False
512,0.6892954069530288,4.603032403309898,1.144576020669167,1.024,5,False
513,0.6915409876664588,4.604292988347276,1.1470805373499768,1.026,5,False
514,0.6938013883322428,4.605539145628035,1.149601827432001,1.028,5,False
515,0.6960765210635081,4.606770936334636,1.152139831120655,1.03,5,False
516,0.6983662979733811,4.607988421649544,1.1546944886213562,1.032,5,False
517,0.7006706311749894,4.609191662755219,1.1572657401395203,1.034,5,False
518,0.7029894327814594,4.610380720834125,1.1598535258805638,1.036,5,False
519,0.7053226149059182,4.611555657068719,1.1624577860499028,1.038,5,False
520,0.7076700896614928,4.6127165326414685,1.1650784608529543,1.04,5,False
521,0.7100317691613098,4.613863408734831,1.1677154904951335,1.042,5,False
522,0.7124075655184965,4.614996346531273,1.1703688151818574,1.044,5,False
523,0.714797390846179,4.616115407213254,1.1730383751185418,1.046,5,False
524,0.7172011572574855,4.617220651963235,1.175724110510604,1.048,5,False
525,0.7196187768655415,4.61831214196368,1.1784259615634591,1.05,5,False
526,0.7220501617834749,4.619389938397051,1.181143868482524,1.052,5,False
527,0.7244952241244124,4.620454102445808,1.183877771473215,1.054,5,False
528,0.7269538760014805,4.621504695292414,1.1866276107409484,1.056,5,False
529,0.7294260295278068,4.622541778119332,1.1893933264911405,1.058,5,False
530,0.7319115968165176,4.6235654121090235,1.1921748589292076,1.06,5,False
531,0.7344104899807398,4.62457565844395,1.1949721482605657,1.062,5,False
532,0.7369226211336006,4.625572578306574,1.1977851346906314,1.064,5,False
533,0.7394479023882273,4.6265562328793575,1.2006137584248213,1.066,5,False
534,0.741986245857746,4.627526683344762,1.203457959668551,1.068,5,False
535,0.7445375636552836,4.628483990885249,1.206317678627237,1.07,5,False
536,0.7471017678939678,4.629428216683283,1.209192855506296,1.072,5,False
537,0.7496787706869246,4.630359421921322,1.2120834305111439,1.074,5,False
538,0.7522684841472816,4.631277667781833,1.2149893438471975,1.076,5,False
539,0.7548708203881654,4.632183015447273,1.2179105357198723,1.078,5,False
540,0.7574856915227028,4.633075526100108,1.2208469463345855,1.08,5,False
541,0.7601130096640213,4.633955260922797,1.2237985158967526,1.082,5,False
542,0.7627526869252468,4.634822281097805,1.2267651846117902,1.084,5,False
543,0.7654046354195068,4.635676647807591,1.2297468926851147,1.086,5,False
544,0.7680687672599286,4.636518422234619,1.2327435803221425,1.088,5,False
545,0.7707449945596385,4.637347665561349,1.2357551877282895,1.09,5,False
546,0.7734332294317633,4.638164438970246,1.2387816551089723,1.092,5,False
547,0.7761333839894301,4.6389688036437695,1.2418229226696071,1.094,5,False
548,0.7788453703457664,4.639760820764384,1.2448789306156107,1.096,5,False
549,0.7815691006138985,4.640540551514548,1.2479496191523987,1.098,5,False
550,0.7843044869069532,4.641308057076727,1.2510349284853874,1.1,5,False
551,0.7870514413380574,4.64206339863338,1.2541347988199936,1.102,5,False
552,0.7898098760203387,4.64280663736697,1.2572491703616333,1.104,5,False
553,0.792579703066923,4.64353783445996,1.2603779833157227,1.106,5,False
554,0.795360834590938,4.6442570510948125,1.2635211778876785,1.108,5,False
555,0.7981531827055101,4.644964348453986,1.2666786942829165,1.11,5,False
556,0.8009566595237665,4.645659787719946,1.2698504727068534,1.112,5,False
557,0.8037711771588344,4.646343430075154,1.2730364533649052,1.114,5,False
558,0.80659664772384,4.647015336702071,1.2762365764624888,1.116,5,False
559,0.8094329833319103,4.647675568783161,1.2794507822050194,1.118,5,False
560,0.8122800960961727,4.648324187500882,1.2826790107979142,1.12,5,False
561,0.8151378981297537,4.6489612540377,1.2859212024465894,1.122,5,False
562,0.8180063015457804,4.649586829576075,1.2891772973564612,1.124,5,False
563,0.8208852184573796,4.6502009752984685,1.2924472357329453,1.1260000000000001,5,False
564,0.8237745609776782,4.650803752387345,1.295730957781459,1.1280000000000001,5,False
565,0.8266742412198035,4.651395222025164,1.2990284037074182,1.1300000000000001,5,False
566,0.8295841712968819,4.651975445394388,1.3023395137162392,1.1320000000000001,5,False
567,0.8325042633220402,4.652544483677481,1.3056642280133377,1.1340000000000001,5,False
568,0.8354344294084061,4.653102398056903,1.3090024868041317,1.1360000000000001,5,False
569,0.8383745816691053,4.653649249715116,1.3123542302940352,1.1380000000000001,5,False
570,0.8413246322172658,4.654185099834582,1.3157193986884663,1.1400000000000001,5,False
571,0.8442844931660143,4.654710009597764,1.3190979321928402,1.1420000000000001,5,False
572,0.8472540766284766,4.655224040187123,1.3224897710125736,1.1440000000000001,5,False
573,0.8502332947177813,4.655727252785122,1.325894855353083,1.1460000000000001,5,False
574,0.8532220595470543,4.656219708574223,1.3293131254197852,1.1480000000000001,5,False
575,0.8562202832294223,4.656701468736886,1.3327445214180949,1.1500000000000001,5,False
576,0.8592278778780132,4.6571725944555755,1.3361889835534297,1.1520000000000001,5,False
577,0.8622447556059529,4.657633146912753,1.3396464520312055,1.154,5,False
578,0.8652708285263689,4.65808318729088,1.3431168670568385,1.156,5,False
579,0.8683060087523877,4.6585227767724176,1.3466001688357454,1.158,5,False
580,0.8713502083971368,4.65895197653983,1.3500962975733426,1.16,5,False
581,0.8744033395737427,4.659370847775576,1.3536051934750457,1.162,5,False
582,0.8774653143953319,4.6597794516621205,1.3571267967462712,1.164,5,False
583,0.880536044975032,4.660177849381925,1.360661047592436,1.166,5,False
584,0.8836154434259695,4.660566102117451,1.3642078862189555,1.168,5,False
585,0.8867034218612716,4.660944271051161,1.3677672528312466,1.17,5,False
586,0.889799892394065,4.661312417365514,1.3713390876347256,1.172,5,False
587,0.8929047671374768,4.661670602242978,1.3749233308348088,1.174,5,False
588,0.8960179582046336,4.66201888686601,1.378519922636912,1.176,5,False
589,0.8991393777086625,4.662357332417073,1.3821288032464518,1.178,5,False
590,0.9022689377626905,4.662686000078629,1.3857499128688449,1.18,5,False
591,0.905406550479844,4.663004951033143,1.389383191709507,1.182,5,False
592,0.9085521279732504,4.663314246463073,1.3930285799738544,1.184,5,False
593,0.9117055823560366,4.663613947550882,1.396686017867304,1.186,5,False
594,0.9148668257413295,4.663904115479033,1.400355445595272,1.188,5,False
595,0.9180357702422558,4.664184811429989,1.4040368033631743,1.19,5,False
596,0.9212123279719423,4.66445609658621,1.4077300313764272,1.192,5,False
597,0.9243964110435161,4.664718032130157,1.4114350698404472,1.194,5,False
598,0.9275879315701042,4.664970679244295,1.4151518589606504,1.196,5,False
599,0.9307868016648335,4.665214099111084,1.4188803389424534,1.198,5,False
600,0.933992933440831,4.665448352912988,1.4226204499912727,1.2,5,False
601,0.9372062390112227,4.665673501832465,1.4263721323125236,1.202,5,False
602,0.9404266304891371,4.665889607051982,1.4301353261116239,1.204,5,False
603,0.9436540199876994,4.666096729753998,1.4339099715939883,1.206,5,False
604,0.9468883196200377,4.666294931120975,1.437696008965034,1.208,5,False
605,0.9501294414992785,4.666484272335375,1.4414933784301769,1.21,5,False
606,0.953377297738549,4.666664814579663,1.4453020201948343,1.212,5,False
607,0.9566318004509757,4.666836619036297,1.4491218744644216,1.214,5,False
608,0.9598928617496854,4.666999746887741,1.4529528814443549,1.216,5,False
609,0.9631603937478054,4.667154259316457,1.456794981340051,1.218,5,False
610,0.9664343085584625,4.667300217504907,1.460648114356926,1.22,5,False
611,0.9697145182947833,4.667437682635551,1.4645122207003962,1.222,5,False
612,0.973000935069895,4.667566715890853,1.468387240575878,1.224,5,False
613,0.9762934709969245,4.667687378453277,1.4722731141887877,1.226,5,False
614,0.9795920381889991,4.667799731505281,1.476169781744542,1.228,5,False
615,0.9828965487592451,4.667903836229328,1.4800771834485564,1.23,5,False
616,0.9862069148207891,4.667999753807881,1.483995259506247,1.232,5,False
617,0.9895230484867588,4.668087545423402,1.4879239501230315,1.234,5,False
618,0.992844861870281,4.668167272258353,1.4918631955043251,1.236,5,False
619,0.9961722670844819,4.668238995495195,1.495812935855544,1.238,5,False
620,0.9995051762424892,4.668302776316392,1.4997731113821053,1.24,5,False
621,1.0028435014574297,4.668358675904404,1.503743662289425,1.242,5,False
622,1.00618715484243,4.668406755441694,1.5077245287829188,1.244,5,False
623,1.0095360485106168,4.668447076110723,1.5117156510680037,1.246,5,False
624,1.0128900945751174,4.668479699093954,1.5157169693500956,1.248,5,False
625,1.0162492051490588,4.66850468557385,1.5197284238346112,1.25,5,False
626,1.0196132923455679,4.66852209673287,1.5237499547269666,1.252,5,False
627,1.022982268277771,4.6685319937534775,1.5277815022325776,1.254,5,False
628,1.0263560450587956,4.668534437818137,1.5318230065568614,1.256,5,False
629,1.0297345348017684,4.668529490109306,1.535874407905234,1.258,5,False
630,1.0331176496198164,4.6685172118094505,1.5399356464831109,1.26,5,False
631,1.0365053016260664,4.66849766410103,1.5440066624959095,1.262,5,False
632,1.0398974029336454,4.668470908166507,1.5480873961490458,1.264,5,False
633,1.0432938656556803,4.668437005188343,1.5521777876479357,1.266,5,False
634,1.0466946019052976,4.668396016349002,1.5562777771979959,1.268,5,False
635,1.050099523795625,4.668348002830944,1.5603873050046424,1.27,5,False
636,1.0535085434397884,4.668293025816633,1.5645063112732918,1.272,5,False
637,1.056921572950916,4.668231146488529,1.5686347362093604,1.274,5,False
638,1.0603385244421337,4.668162426029095,1.572772520018264,1.276,5,False
639,1.0637593100265685,4.668086925620792,1.5769196029054195,1.278,5,False
640,1.0671838418173478,4.668004706446085,1.5810759250762432,1.28,5,False
641,1.0706120319275976,4.667915829687431,1.5852414267361505,1.282,5,False
642,1.0740437924704458,4.667820356527296,1.589416048090559,1.284,5,False
643,1.077479035559019,4.667718348148141,1.593599729344884,1.286,5,False
644,1.0809176733064436,4.667609865732428,1.5977924107045425,1.288,5,False
645,1.0843596178258474,4.667494970462618,1.60199403237495,1.29,5,False
646,1.0878047812303564,4.667373723521175,1.6062045345615237,1.292,5,False
647,1.091253075633098,4.6672461860905585,1.6104238574696792,1.294,5,False
648,1.0947044131471992,4.667112419353233,1.6146519413048335,1.296,5,False
649,1.0981587058857867,4.666972484491659,1.6188887262724019,1.298,5,False
650,1.1016158659619875,4.666826442688298,1.6231341525778014,1.3,5,False
651,1.105075805488928,4.666674355125614,1.6273881604264484,1.302,5,False
652,1.1085384365797357,4.666516282986067,1.6316506900237586,1.304,5,False
653,1.112003671347538,4.666352287452121,1.6359216815751496,1.306,5,False
654,1.1154714219054604,4.666182429706236,1.6402010752860356,1.308,5,False
655,1.118941600366631,4.666006770930875,1.644488811361835,1.31,5,False
656,1.1224141188441759,4.6658253723085,1.6487848300079624,1.312,5,False
657,1.1258888894512225,4.665638295021572,1.6530890714298352,1.314,5,False
658,1.1293658243008975,4.665445600252556,1.6574014758328697,1.316,5,False
659,1.1328448355063279,4.665247349183911,1.6617219834224812,1.318,5,False
660,1.1363258351806405,4.665043602998098,1.6660505344040872,1.32,5,False
661,1.1398087354369624,4.664834422877583,1.670387068983103,1.322,5,False
662,1.1432934483884205,4.664619870004826,1.674731527364946,1.324,5,False
663,1.1467798861481409,4.664400005562288,1.679083849755031,1.326,5,False
664,1.1502679608292519,4.664174890732433,1.683443976358776,1.328,5,False
665,1.1537575845448795,4.6639445866977205,1.6878118473815964,1.33,5,False
666,1.1572486694081507,4.663709154640615,1.6921874030289084,1.332,5,False
667,1.1607411275321926,4.663468655743577,1.6965705835061284,1.334,5,False
668,1.1642348710301318,4.663223151189068,1.7009613290186723,1.336,5,False
669,1.1677298120150954,4.66297270215955,1.7053595797719572,1.338,5,False
670,1.171225862600211,4.66271736983749,1.7097652759714,1.34,5,False
671,1.1747229348986041,4.662457215405343,1.7141783578224148,1.342,5,False
672,1.1782209410234024,4.662192300045575,1.7185987655304196,1.344,5,False
673,1.1817197930877332,4.661922684940647,1.7230264393008305,1.346,5,False
674,1.1852194032047225,4.661648431273021,1.7274613193390636,1.348,5,False
675,1.1887196834874976,4.661369600225157,1.7319033458505348,1.35,5,False
676,1.1922205460491857,4.661086252979522,1.7363524590406612,1.352,5,False
677,1.1957219030029127,4.6607984507185725,1.740808599114858,1.354,5,False
678,1.1992236664618074,4.660506254624775,1.745271706278543,1.356,5,False
679,1.2027257485389946,4.660209725880588,1.7497417207371309,1.358,5,False
680,1.2062280613476026,4.659908925668475,1.754218582696039,1.36,5,False
681,1.2097305170007577,4.659603915170899,1.7587022323606836,1.362,5,False
682,1.2132330276115872,4.659294755570321,1.7631926099364807,1.364,5,False
683,1.2167355052932178,4.6589815080492025,1.7676896556288468,1.366,5,False
684,1.2202378621587762,4.658664233790006,1.7721933096431979,1.368,5,False
685,1.2237400103213898,4.658342993975194,1.7767035121849508,1.37,5,False
686,1.2272418618941845,4.658017849787227,1.7812202034595213,1.372,5,False
687,1.2307433289902885,4.657688862408569,1.7857433236723257,1.374,5,False
688,1.234244323722828,4.65735609302168,1.7902728130287806,1.3760000000000001,5,False
689,1.2377447582049297,4.657019602809024,1.794808611734302,1.3780000000000001,5,False
690,1.241244544549721,4.656679452953062,1.7993506599943063,1.3800000000000001,5,False
691,1.2447435948703285,4.6563357046362555,1.8038988980142103,1.3820000000000001,5,False
692,1.2482418212798794,4.6559884190410665,1.8084532659994297,1.3840000000000001,5,False
693,1.2517391358915004,4.655637657349959,1.8130137041553809,1.3860000000000001,5,False
694,1.2552354508183183,4.655283480745393,1.8175801526874804,1.3880000000000001,5,False
695,1.2587306781734602,4.654925950409831,1.8221525518011443,1.3900000000000001,5,False
696,1.262224730070053,4.654565127525736,1.8267308417017893,1.3920000000000001,5,False
697,1.2657175186212233,4.654201073275567,1.8313149625948308,1.3940000000000001,5,False
698,1.269208955940098,4.653833848841789,1.835904854685686,1.3960000000000001,5,False
699,1.2726989541398046,4.653463515406863,1.8405004581797701,1.3980000000000001,5,False
700,1.2761874253334697,4.653090134153252,1.8451017132825016,1.4000000000000001,5,False
701,1.2796742816342201,4.652713766263417,1.8497085601992942,1.4020000000000001,5,False
702,1.2831594351551825,4.652334472919819,1.854320939135566,1.4040000000000001,5,False
703,1.2866427980094846,4.651952315304921,1.8589387902967327,1.4060000000000001,5,False
704,1.2901242823102521,4.651567354601187,1.8635620538882098,1.408,5,False
705,1.2936038001706123,4.651179651991075,1.8681906701154145,1.41,5,False
706,1.2970812637036935,4.65078926865705,1.872824579183764,1.412,5,False
707,1.300556585022621,4.650396265781573,1.877463721298673,1.414,5,False
708,1.304029676240522,4.650000704547106,1.8821080366655583,1.416,5,False
709,1.3075004494705236,4.6496026461361115,1.8867574654898362,1.418,5,False
710,1.310968816825753,4.6492021517310524,1.8914119479769238,1.42,5,False
711,1.3144346904193367,4.648799282514387,1.896071424332236,1.422,5,False
712,1.317897982364401,4.648394099668581,1.90073583476119,1.424,5,False
713,1.3213586047740744,4.647986664376095,1.9054051194692017,1.426,5,False
714,1.3248164697614828,4.647577037819392,1.910079218661688,1.428,5,False
715,1.3282714894397532,4.647165281180932,1.9147580725440645,1.43,5,False
716,1.3317235759220118,4.6467514556431775,1.9194416213217471,1.432,5,False
717,1.335172641321387,4.646335622388593,1.9241298052001539,1.434,5,False
718,1.3386185977510048,4.645917842599637,1.9288225643846997,1.436,5,False
719,1.342061357323992,4.645498177458774,1.9335198390808008,1.438,5,False
720,1.3455008321534758,4.645076688148465,1.9382215694938743,1.44,5,False
721,1.348936934352583,4.644653435851173,1.9429276958293362,1.442,5,False
722,1.3523695760344407,4.644228481749359,1.9476381582926026,1.444,5,False
723,1.3557986693121755,4.643801887025484,1.9523528970890898,1.446,5,False
724,1.3592241262989144,4.643373712862012,1.9570718524242139,1.448,5,False
725,1.3626458591077846,4.642944020441404,1.9617949645033916,1.45,5,False
726,1.3660637798519124,4.642512870946122,1.966522173532039,1.452,5,False
727,1.3694778006444253,4.642080325558629,1.9712534197155729,1.454,5,False
728,1.3728878335984498,4.641646445461385,1.975988643259409,1.456,5,False
729,1.3762937908271133,4.641211291836854,1.980727784368964,1.458,5,False
730,1.3796955844435423,4.640774925867499,1.9854707832496539,1.46,5,False
731,1.3830931265608637,4.640337408735777,1.9902175801068946,1.462,5,False
732,1.3864863292922043,4.639898801624155,1.9949681151461032,1.464,5,False
733,1.3898751047506916,4.639459165715094,1.999722328572696,1.466,5,False
734,1.3932593650494516,4.639018562191054,2.004480160592088,1.468,5,False
735,1.3966390223016116,4.638577052234497,2.0092415514096977,1.47,5,False
736,1.4000139886202994,4.638134697027889,2.0140064412309395,1.472,5,False
737,1.4033841761186403,4.637691557753687,2.0187747702612304,1.474,5,False
738,1.4067494969097627,4.637247695594357,2.023546478705987,1.476,5,False
739,1.4101098631067923,4.636803171732358,2.028321506770625,1.478,5,True
740,1.4134651868228567,4.636358047350154,2.0330997946605613,1.48,5,False
741,1.4168153801710826,4.635912383630206,2.0378812825812114,1.482,5,False
742,1.420160355264597,4.635466241754977,2.042665910737993,1.484,5,False
743,1.4235000242165265,4.635019682906927,2.0474536193363204,1.486,5,False
744,1.426834299139999,4.634572768268521,2.0522443485816115,1.488,5,False
745,1.4301630921481396,4.634125559022218,2.0570380386792824,1.49,5,False
746,1.4334863153540764,4.633678116350481,2.061834629834748,1.492,5,False
747,1.4368038808709367,4.633230501435772,2.066634062253427,1.494,5,False
748,1.4401157008118464,4.632782775460555,2.0714362761407337,1.496,5,False
749,1.4434216872899333,4.63233499960729,2.0762412117020848,1.498,5,False
750,1.4467217524183233,4.631887235058438,2.0810488091428976,1.5,5,False
751,1.4500158083101444,4.631439542996463,2.0858590086685878,1.502,5,False
752,1.453303767078523,4.630991984603828,2.090671750484571,1.504,5,False
753,1.4565855408365858,4.630544621062991,2.0954869747962643,1.506,5,False
754,1.4598610416974598,4.630097513556417,2.1003046218090837,1.508,5,False
755,1.4631301817742721,4.629650723266568,2.1051246317284456,1.51,5,False
756,1.4663928731801488,4.629204311375904,2.109946944759766,1.512,5,False
757,1.4696490280282184,4.62875833906689,2.114771501108462,1.514,5,False
758,1.472898558431606,4.628312867521984,2.1195982409799488,1.516,5,False
759,1.4761413765034404,4.6278679579236535,2.1244271045796443,1.518,5,False
760,1.4793773943568473,4.6274236714543555,2.129258032112963,1.52,5,False
761,1.4826065241049535,4.626980069296555,2.1340909637853223,1.522,5,False
762,1.4858286778608862,4.626537212632712,2.1389258398021376,1.524,5,False
763,1.4890437677377726,4.6260951626452895,2.1437626003688264,1.526,5,False
764,1.4922517058487395,4.62565398051675,2.1486011856908047,1.528,5,True
765,1.4954524043069124,4.625213727429553,2.1534415359734873,1.53,5,False
766,1.498645775225421,4.624774464566164,2.158283591422293,1.532,5,False
767,1.5018317307173898,4.624336253109043,2.1631272922426366,1.534,5,False
768,1.5050101828959468,4.623899154240652,2.167972578639934,1.536,5,False
769,1.508181043874218,4.623463229143454,2.172819390819602,1.538,5,False
770,1.511344225765332,4.623028538999911,2.1776676689870578,1.54,5,False
771,1.5144996406824147,4.622595144992484,2.1825173533477167,1.542,5,False
772,1.5176472007385917,4.622163108303635,2.1873683841069944,1.544,5,False
773,1.5207868180469917,4.621732490115826,2.1922207014703083,1.546,5,False
774,1.5239184047207415,4.62130335161152,2.1970742456430745,1.548,5,False
775,1.5270418728729673,4.620875753973179,2.2019289568307094,1.55,5,False
776,1.5301571346167961,4.620449758383263,2.2067847752386287,1.552,5,False
777,1.5332641020653552,4.620025426024236,2.2116416410722497,1.554,5,False
778,1.5363626873317717,4.619602818078562,2.2164994945369885,1.556,5,False
779,1.5394528025291714,4.619181995728697,2.2213582758382597,1.558,5,False
780,1.5425343597706822,4.618763020157108,2.2262179251814818,1.56,5,False
781,1.5456072711694304,4.618345952546255,2.2310783827720693,1.562,5,False
782,1.5486714488385438,4.617930854078601,2.2359395888154405,1.564,5,False
783,1.5517268048911483,4.617517785936608,2.24080148351701,1.566,5,False
784,1.5547732514403714,4.6171068093027365,2.2456640070821945,1.568,5,False
785,1.5578107005993391,4.6166979853594485,2.25052709971641,1.57,5,False
786,1.5608390644811798,4.616291375289208,2.2553907016250747,1.572,5,False
787,1.5638582551990194,4.615887040274477,2.2602547530136023,1.574,5,False
788,1.5668681848659856,4.615485041497716,2.2651191940874114,1.576,5,False
789,1.5698687655952037,4.615085440141387,2.2699839650519165,1.578,5,True
790,1.5728599094998021,4.614688297387953,2.274849006112535,1.58,5,False
791,1.5758415286929075,4.6142936744198755,2.2797142574746827,1.582,5,False
792,1.578813535287646,4.613901632419616,2.2845796593437755,1.584,5,False
793,1.5817758413971457,4.613512232569637,2.2894451519252303,1.586,5,False
794,1.584728359134532,4.6131255360524,2.2943106754244638,1.588,5,False
795,1.5876710006129338,4.6127416040503695,2.299176170046892,1.59,5,False
796,1.5906036779454762,4.612360497746004,2.30404157599793,1.592,5,False
797,1.5935263032452867,4.611982278321767,2.308906833482996,1.594,5,False
798,1.5964387886254923,4.611607006960122,2.313771882707505,1.596,5,False
799,1.59934104619922,4.611234744843527,2.318636663876873,1.598,5,False
800,1.602232988079596,4.610865553154448,2.3235011171965176,1.6,5,False
801,1.6051145263797486,4.610499493075347,2.328365182871855,1.602,5,False
802,1.607985573212804,4.610136625788683,2.333228801108301,1.604,5,False
803,1.6108460406918885,4.60977701247692,2.3380919121112718,1.606,5,False
804,1.6136958409301296,4.609420714322519,2.342954456086183,1.608,5,False
805,1.616534886040654,4.609067792507942,2.3478163732384525,1.61,5,False
806,1.619363088136589,4.6087183082156535,2.352677603773495,1.612,5,False
807,1.6221803593310609,4.608372322628112,2.357538087896728,1.614,5,False
808,1.6249866117371974,4.608029896927783,2.362397765813568,1.616,5,False
809,1.6277817574681244,4.6076910922971255,2.3672565777294303,1.618,5,False
810,1.6305657086369696,4.607355969918602,2.372114463849732,1.62,5,False
811,1.6333383773568593,4.607024590974675,2.376971364379888,1.622,5,False
812,1.6360996757409212,4.606697016647808,2.3818272195253165,1.624,5,False
813,1.6388495159022818,4.606373308120461,2.3866819694914327,1.6260000000000001,5,False
814,1.641587809954067,4.606053526575096,2.391535554483652,1.6280000000000001,5,True
815,1.6443144700094057,4.605737733194176,2.396387914707393,1.6300000000000001,5,False
816,1.6470294081814232,4.605425989160163,2.401238990368071,1.6320000000000001,5,False
817,1.649732536583247,4.605118355655518,2.4060887216711015,1.6340000000000001,5,False
818,1.6524237673280038,4.604814893862704,2.4109370488219013,1.6360000000000001,5,False
819,1.655103012528821,4.6045156649641825,2.415783912025887,1.6380000000000001,5,False
820,1.6577701842988253,4.604220730142416,2.420629251488475,1.6400000000000001,5,False
821,1.6604251947511437,4.603930150579867,2.425473007415081,1.6420000000000001,5,False
822,1.663067955998902,4.6036439874589945,2.4303151200111213,1.6440000000000001,5,False
823,1.665698380155229,4.603362301962266,2.435155529482014,1.6460000000000001,5,False
824,1.6683163793332496,4.603085155272137,2.439994176033172,1.6480000000000001,5,False
825,1.670921865646092,4.602812608571072,2.444830999870014,1.6500000000000001,5,False
826,1.6735147512068826,4.602544723041536,2.4496659411979564,1.6520000000000001,5,False
827,1.6760949481287493,4.602281559865988,2.4544989402224147,1.6540000000000001,5,False
828,1.6786623685248172,4.60202318022689,2.459329937148805,1.6560000000000001,5,False
829,1.681216924508215,4.601769645306706,2.4641588721825443,1.6580000000000001,5,False
830,1.6837585281920686,4.601521016287896,2.4689856855290486,1.6600000000000001,5,False
831,1.686287091689505,4.6012773543529235,2.4738103173937347,1.6620000000000001,5,False
832,1.6888025271136513,4.601038720684249,2.478632707982018,1.6640000000000001,5,False
833,1.691304746577634,4.600805176464336,2.4834527974993144,1.666,5,False
834,1.6937936621945804,4.600576782875644,2.4882705261510414,1.668,5,False
835,1.6962691860776178,4.600353601100638,2.4930858341426156,1.67,5,False
836,1.6987312303398725,4.600135692321778,2.4978986616794527,1.672,5,False
837,1.7011797070944714,4.599923117721527,2.5027089489669683,1.674,5,False
838,1.7036145284545414,4.599715938482348,2.507516636210579,1.676,5,False
839,1.7060356065332103,4.599514215786701,2.512321663615703,1.678,5,True
840,1.7084428534436031,4.599318010817047,2.517123971387753,1.68,5,False
841,1.7108361812988486,4.599127384755851,2.5219234997321482,1.682,5,False
842,1.713215502212073,4.598942398785575,2.5267201888543043,1.684,5,False
843,1.7155807282964028,4.598763114088678,2.531513978959637,1.686,5,False
844,1.717931771664966,4.598589591847626,2.5363048102535632,1.688,5,False
845,1.7202685444308878,4.5984218932448755,2.5410926229414983,1.69,5,False
846,1.7225909587072963,4.598260079462894,2.5458773572288593,1.692,5,False
847,1.7248989266073185,4.598104211684141,2.550658953321063,1.694,5,False
848,1.7271923602440813,4.5979543510910785,2.5554373514235245,1.696,5,False
849,1.7294711717307107,4.597810558866169,2.5602124917416615,1.698,5,False
850,1.7317352731803346,4.597672896191875,2.564984314480889,1.7,5,False
851,1.7339845767060793,4.597541424250656,2.569752759846623,1.702,5,False
852,1.7362189944210717,4.597416204224976,2.5745177680442817,1.704,5,False
853,1.7384384384384388,4.597297297297298,2.57927927927928,1.706,5,False
854,1.7406428390818187,4.59718474599325,2.584037237828667,1.708,5,False
855,1.7428321995168885,4.5970785182111245,2.588791604256015,1.71,5,False
856,1.7450065411198379,4.596978563192387,2.5935423431965323,1.712,5,False
857,1.7471658852668552,4.596884830178498,2.5982894192854245,1.714,5,False
858,1.7493102533341287,4.5967972684109135,2.603032797157896,1.716,5,False
859,1.7514396666978482,4.596715827131104,2.607772441449156,1.718,5,False
860,1.753554146734202,4.596640455580526,2.6125083167944085,1.72,5,False
861,1.7556537148193787,4.596571103000643,2.6172403878288613,1.722,5,False
862,1.7577383923295669,4.596507718632915,2.6219686191877183,1.724,5,False
863,1.7598082006409557,4.596450251718804,2.6266929755061876,1.726,5,False
864,1.7618631611297346,4.596398651499775,2.631413421419476,1.728,5,True
865,1.7639032951720905,4.596352867217283,2.636129921562786,1.73,5,False
866,1.7659286241442136,4.596312848112794,2.640842440571328,1.732,5,False
867,1.7679391694222921,4.59627854342777,2.6455509430803055,1.734,5,False
868,1.7699349523825156,4.596249902403674,2.6502553937249256,1.736,5,False
869,1.7719159944010714,4.596226874281962,2.654955757140394,1.738,5,False
870,1.7738823168541489,4.596209408304099,2.659651997961917,1.74,5,False
871,1.7758339411179378,4.596197453711548,2.664344080824702,1.742,5,False
872,1.7777708885686254,4.596190959745768,2.6690319703639536,1.744,5,False
873,1.7796931805824014,4.596189875648222,2.673715631214878,1.746,5,False
874,1.7816008385354543,4.596194150660372,2.678395028012683,1.748,5,False
875,1.783493883803972,4.596203734023678,2.683070125392572,1.75,5,False
876,1.7853723377641448,4.596218574979605,2.6877408879897544,1.752,5,False
877,1.787236221792161,4.59623862276961,2.6924072804394337,1.754,5,False
878,1.789085557264208,4.596263826635156,2.6970692673768166,1.756,5,False
879,1.790920365556477,4.596294135817709,2.701726813437111,1.758,5,False
880,1.7927406680451545,4.596329499558725,2.7063798832555213,1.76,5,False
881,1.7945464861064306,4.5963698670996695,2.711028441467255,1.762,5,False
882,1.7963378411164934,4.596415187682001,2.715672452707516,1.764,5,False
883,1.798114754451532,4.596465410547182,2.720311881611512,1.766,5,False
884,1.7998772474877347,4.5965204849366765,2.7249466928144495,1.768,5,False
885,1.801625341601291,4.596580360091943,2.729576850951535,1.77,5,False
886,1.8033590581683887,4.5966449852544455,2.734202320657972,1.772,5,False
887,1.8050784185652176,4.596714309665643,2.73882306656897,1.774,5,False
888,1.8067834441679653,4.596788282567,2.7434390533197326,1.776,5,False
889,1.8084741563528217,4.596866853199977,2.7480502455454685,1.778,5,True
890,1.8101505764959747,4.596949970806034,2.7526566078813812,1.78,5,False
891,1.811812725973614,4.597037584626637,2.7572581049626788,1.782,5,False
892,1.8134606261619275,4.5971296439032425,2.761854701424566,1.784,5,False
893,1.8150942984371041,4.597226097877314,2.76644636190225,1.786,5,False
894,1.8167137641753328,4.597326895790316,2.771033051030937,1.788,5,False
895,1.8183190447528024,4.597431986883706,2.7756147334458325,1.79,5,False
896,1.8199101615457012,4.597541320398947,2.7801913737821433,1.792,5,False
897,1.8214871359302187,4.597654845577503,2.7847629366750755,1.794,5,False
898,1.8230499892825427,4.59777251166083,2.789329386759834,1.796,5,False
899,1.8245987429788626,4.597894267890395,2.7938906886716266,1.798,5,False
900,1.8261334183953677,4.59802006350766,2.7984468070456594,1.8,5,False
901,1.8276540369082448,4.5981498477540805,2.8029977065171363,1.802,5,False
902,1.8291606198936843,4.598283569871122,2.8075433517212653,1.804,5,False
903,1.8306531887278752,4.59842117910025,2.812083707293254,1.806,5,False
904,1.8321317647870057,4.598562624682921,2.816618737868307,1.808,5,False
905,1.8335963694472637,4.598707855860597,2.821148408081629,1.81,5,False
906,1.8350470240848393,4.59885682187474,2.825672682568428,1.812,5,False
907,1.8364837500759206,4.599009471966814,2.83019152596391,1.814,5,False
908,1.8379065687966971,4.599165755378277,2.8347049029032814,1.816,5,False
909,1.8393155016233562,4.599325621350594,2.8392127780217473,1.818,5,False
910,1.8407105699320876,4.599489019125225,2.843715115954515,1.82,5,False
911,1.8420917950990798,4.599655897943632,2.8482118813367894,1.822,5,False
912,1.843459198500522,4.5998262070472755,2.8527030388037775,1.824,5,False
913,1.8448128015126017,4.599999895677618,2.8571885529906855,1.826,5,False
914,1.8461526255115086,4.600176913076121,2.8616683885327188,1.828,5,True
915,1.8474786918734323,4.600357208484247,2.866142510065085,1.83,5,False
916,1.8487910219745602,4.600540731143457,2.870610882222989,1.832,5,False
917,1.8500896371910818,4.600727430295212,2.8750734696416376,1.834,5,False
918,1.8513745588991846,4.600917255180973,2.879530236956236,1.836,5,False
919,1.8526458084750592,4.601110155042204,2.883981148801992,1.838,5,False
920,1.8539034072948932,4.6013060791203655,2.8884261698141103,1.84,5,False
921,1.8551473767348752,4.601504976656918,2.892865264627797,1.842,5,False
922,1.8563777381711948,4.6017067968933265,2.89729839787826,1.844,5,False
923,1.8575945129800404,4.601911489071049,2.901725534200704,1.846,5,False
924,1.8587977225376007,4.602119002431548,2.906146638230336,1.848,5,False
925,1.8599873882200644,4.6023292862162855,2.910561674602361,1.85,5,False
926,1.8611635314036201,4.602542289666724,2.914970607951986,1.852,5,False
927,1.8623261734644567,4.602757962024324,2.9193734029144163,1.854,5,False
928,1.8634753357787635,4.602976252530547,2.9237700241248596,1.856,5,False
929,1.8646110397227282,4.603197110426856,2.9281604362185214,1.858,5,False
930,1.86573330667254,4.60342048495471,2.932544603830606,1.86,5,False
931,1.8668421580043888,4.603646325355575,2.9369224915963232,1.862,5,False
932,1.8679376150944618,4.603874580870908,2.9412940641508767,1.864,5,False
933,1.8690196993189474,4.604105200742172,2.945659286129472,1.866,5,False
934,1.870088432054036,4.60433813421083,2.9500181221673176,1.868,5,False
935,1.8711438346759164,4.6045733305183445,2.954370536899618,1.87,5,False
936,1.8721859285607754,4.604810738906172,2.9587164949615796,1.872,5,False
937,1.8732147350848036,4.605050308615781,2.9630559609884095,1.874,5,False
938,1.8742302756241886,4.605291988888628,2.9673888996153126,1.8760000000000001,5,False
939,1.8752325715551204,4.605535728966179,2.971715275477496,1.8780000000000001,5,True
940,1.8762216442537862,4.60578147808989,2.9760350532101647,1.8800000000000001,5,False
941,1.877197515096376,4.606029185501226,2.9803481974485266,1.8820000000000001,5,False
942,1.8781602054590771,4.606278800441649,2.984654672827786,1.8840000000000001,5,False
943,1.8791097367180805,4.60653027215262,2.988954443983151,1.8860000000000001,5,False
944,1.8800461302495737,4.606783549875601,2.993247475549827,1.8880000000000001,5,False
945,1.880969407429745,4.607038582852052,2.9975337321630184,1.8900000000000001,5,False
946,1.8818795896347835,4.607295320323435,3.0018131784579323,1.8920000000000001,5,False
947,1.8827766982408782,4.607553711531214,3.0060857790697764,1.8940000000000001,5,False
948,1.8836607546242181,4.607813705716849,3.0103514986337565,1.8960000000000001,5,False
949,1.8845317801609915,4.608075252121801,3.0146103017850776,1.8980000000000001,5,False
950,1.8853897962273873,4.608338299987534,3.018862153158947,1.9000000000000001,5,False
951,1.8862348241995939,4.608602798555506,3.023107017390569,1.9020000000000001,5,False
952,1.8870668854538004,4.608868697067182,3.0273448591151517,1.9040000000000001,5,False
953,1.8878860013661958,4.609135944764021,3.031575642967901,1.9060000000000001,5,False
954,1.8886921933129683,4.609404490887486,3.035799333584022,1.9080000000000001,5,False
955,1.889485482670307,4.609674284679038,3.0400158955987213,1.9100000000000001,5,False
956,1.8902658908144014,4.6099452753801415,3.044225293647206,1.9120000000000001,5,False
957,1.8910334391214387,4.610217412232254,3.0484274923646812,1.9140000000000001,5,False
958,1.891788148967608,4.610490644476838,3.0526224563863527,1.9160000000000001,5,False
959,1.8925300417290989,4.610764921355356,3.056810150347428,1.9180000000000001,5,False
960,1.8932591387821003,4.611040192109272,3.0609905388831122,1.92,5,False
961,1.8939754615027993,4.611316405980043,3.0651635866286115,1.922,5,False
962,1.8946790312673862,4.611593512209135,3.0693292582191334,1.924,5,False
963,1.8953698694520498,4.611871460038006,3.073487518289883,1.926,5,False
964,1.896047997432978,4.612150198708119,3.077638331476066,1.928,5,True
965,1.89671343658636,4.612429677460937,3.08178166241289,1.93,5,False
966,1.8973662082883844,4.6127098455379185,3.085917475735559,1.932,5,False
967,1.8980063339152395,4.612990652180527,3.0900457360792806,1.934,5,False
968,1.8986338348431155,4.613272046630227,3.094166408079262,1.936,5,False
969,1.8992487324481997,4.613553978128474,3.098279456370707,1.938,5,False
970,1.8998510481066817,4.613836395916736,3.102384845588823,1.94,5,False
971,1.9004408031947493,4.614119249236468,3.1064825403688157,1.942,5,False
972,1.9010180190885928,4.614402487329139,3.1105725053458935,1.944,5,False
973,1.9015827171643997,4.614686059436205,3.1146547051552593,1.946,5,False
974,1.9021349187983587,4.614969914799128,3.1187291044321204,1.948,5,False
975,1.9026746453666599,4.615254002659374,3.122795667811684,1.95,5,False
976,1.9032019182454905,4.615538272258401,3.126854359929155,1.952,5,False
977,1.90371675881104,4.615822672837671,3.1309051454197405,1.954,5,False
978,1.9042191884394966,4.616107153638643,3.1349479889186447,1.956,5,False
979,1.9047092285070502,4.616391663902784,3.1389828550610765,1.958,5,False
980,1.905186900389889,4.616676152871555,3.1430097084822415,1.96,5,False
981,1.905652225464201,4.616960569786413,3.1470285138173435,1.962,5,False
982,1.9061052251061763,4.617244863888825,3.1510392357015924,1.964,5,False
983,1.9065459206920023,4.6175289844202485,3.1550418387701913,1.966,5,False
984,1.9069743335978682,4.617812880622147,3.1590362876583464,1.968,5,False
985,1.9073904851999635,4.618096501735982,3.163022547001266,1.97,5,False
986,1.9077943968744757,4.6183797970032145,3.167000581434154,1.972,5,False
987,1.9081860899975949,4.618662715665307,3.170970355592218,1.974,5,False
988,1.9085655859455088,4.61894520696372,3.174931834110664,1.976,5,False
989,1.9089329060944076,4.619227220139918,3.1788849816246993,1.978,5,True
990,1.9092880718204777,4.619508704435359,3.1828297627695266,1.98,5,False
991,1.9096311044999095,4.619789609091505,3.1867661421803546,1.982,5,False
992,1.9099620255088918,4.620069883349821,3.19069408449239,1.984,5,False
993,1.9102808562236133,4.620349476451767,3.194613554340838,1.986,5,False
994,1.910587618020262,4.620628337638803,3.198524516360904,1.988,5,False
995,1.9108823322750268,4.620906416152389,3.2024269351877943,1.99,5,False
996,1.9111650203640973,4.621183661233992,3.206320775456718,1.992,5,False
997,1.9114357036636616,4.6214600221250715,3.2102060018028773,1.994,5,False
998,1.9116944035499086,4.621735448067088,3.21408257886148,1.996,5,False
999,1.9119411413990266,4.622009888301502,3.2179504712677325,1.998,5,False
1000,1.912175938587205,4.622283292069778,3.2218096436568406,2.0,5,False
1001,1.9123988164906327,4.622555608613377,3.225660060664012,2.0020000000000002,5,False
1002,1.9126097964854982,4.62282678717376,3.2295016869244497,2.004,5,False
1003,1.9128088999479902,4.623096776992388,3.2333344870733622,2.0060000000000002,5,False
1004,1.912996148254297,4.623365527310724,3.2371584257459554,2.008,5,False
1005,1.9131715627806085,4.623632987370229,3.2409734675774353,2.0100000000000002,5,False
1006,1.9133351649031118,4.623899106412365,3.244779577203007,2.012,5,False
1007,1.913486975997997,4.624163833678593,3.2485767192578785,2.0140000000000002,5,False
1008,1.9136270174414522,4.624427118410373,3.2523648583772538,2.016,5,False
1009,1.9137553106096667,4.62468890984917,3.2561439591963417,2.0180000000000002,5,False
1010,1.9138718768788294,4.624949157236446,3.259913986350346,2.02,5,False
1011,1.9139767376251278,4.6252078098136575,3.263674904474474,2.0220000000000002,5,False
1012,1.914069914224752,4.625464816822271,3.2674266782039316,2.024,5,False
1013,1.9141514280538896,4.6257201275037465,3.271169272173925,2.0260000000000002,5,False
1014,1.914221300488731,4.625973691099546,3.274902651019661,2.028,5,True
1015,1.9142795529054633,4.62622545685113,3.2786267793763453,2.0300000000000002,5,False
1016,1.9143262066802753,4.62647537399996,3.282341621879182,2.032,5,False
1017,1.9143612831893575,4.6267233917874995,3.286047143163381,2.0340000000000003,5,False
1018,1.914384803808897,4.62696945945521,3.2897433078641467,2.036,5,False
1019,1.914396789915083,4.627213526244552,3.2934300806166847,2.0380000000000003,5,False
1020,1.9143972628841048,4.627455541396986,3.297107426056201,2.04,5,False
1021,1.9143862440921504,4.627695454153976,3.300775308817903,2.0420000000000003,5,False
1022,1.9143637549154084,4.627933213756983,3.3044336935369967,2.044,5,False
1023,1.9143298167300686,4.628168769447469,3.3080825448486877,2.0460000000000003,5,False
1024,1.914284450912319,4.628402070466894,3.311721827388182,2.048,5,False
1025,1.9142276788383488,4.628633066056721,3.3153515057906864,2.05,5,False
1026,1.9141595218843457,4.628861705458409,3.3189715446914057,2.052,5,False
1027,1.9140800014264998,4.629087937913424,3.3225819087255477,2.054,5,False
1028,1.9139891388409993,4.629311712663227,3.3261825625283192,2.056,5,False
1029,1.913886955504033,4.6295329789492765,3.329773470734924,2.058,5,False
1030,1.9137734727917894,4.629751686013035,3.3333545979805694,2.06,5,False
1031,1.9136487120804575,4.6299677830959665,3.336925908900461,2.062,5,False
1032,1.913512694746226,4.630181219439529,3.3404873681298066,2.064,5,False
1033,1.9133654421652835,4.630391944285186,3.3440389403038098,2.066,5,False
1034,1.9132069757138195,4.630599906874402,3.3475805900576807,2.068,5,False
1035,1.9130373167680215,4.630805056448634,3.35111228202662,2.07,5,False
1036,1.912856486704079,4.631007342249346,3.3546339808458385,2.072,5,False
1037,1.9126645068981811,4.631206713517999,3.3581456511505405,2.074,5,False
1038,1.912461398726516,4.6314031194960545,3.3616472575759326,2.076,5,False
1039,1.9122471835652726,4.631596509424974,3.3651387647572197,2.078,5,True
1040,1.9120218827906392,4.6317868325462195,3.36862013732961,2.08,5,False
1041,1.911785517778806,4.631974038101254,3.3720913399283083,2.082,5,False
1042,1.91153810990596,4.632158075331537,3.375552337188522,2.084,5,False
1043,1.9112796805482914,4.632338893478531,3.3790030937454554,2.086,5,False
1044,1.9110102510819877,4.6325164417836975,3.3824435742343164,2.088,5,False
1045,1.9107298428832382,4.632690669488499,3.385873743290309,2.09,5,False
1046,1.9104384773282321,4.632861525834396,3.389293565548642,2.092,5,False
1047,1.9101361757931579,4.633028960062849,3.392703005644519,2.094,5,False
1048,1.9098229596542038,4.633192921415323,3.396102028213149,2.096,5,False
1049,1.909498850287559,4.633353359133276,3.3994905978897356,2.098,5,False
1050,1.9091638690694124,4.633510222458172,3.402868679309486,2.1,5,False
1051,1.9088180373759527,4.633663460631473,3.406236237107607,2.102,5,False
1052,1.9084613765833678,4.633813022894637,3.4095932359193037,2.104,5,False
1053,1.9080939080678483,4.633958858489131,3.412939640379783,2.106,5,False
1054,1.907715653205581,4.634100916656412,3.4162754151242503,2.108,5,False
1055,1.9073266333727557,4.634239146637944,3.4196005247879113,2.11,5,False
1056,1.9069268699455615,4.63437349767519,3.4229149340059757,2.112,5,False
1057,1.9065163843001864,4.6345039190096085,3.426218607413646,2.114,5,False
1058,1.9060951978128189,4.634630359882661,3.429511509646128,2.116,5,False
1059,1.9056633318596485,4.634752769535812,3.4327936053386305,2.118,5,False
1060,1.9052208078168642,4.634871097210521,3.4360648591263576,2.12,5,False
1061,1.904767647060654,4.634985292148251,3.4393252356445174,2.122,5,False
1062,1.9043038709672064,4.635095303590462,3.4425746995283144,2.124,5,False
1063,1.903829500912711,4.635201080778617,3.445813215412955,2.126,5,False
1064,1.9033445582733566,4.635302572954178,3.4490407479336462,2.128,5,True
1065,1.9028490644253309,4.635399729358604,3.4522572617255927,2.13,5,False
1066,1.9023430407448239,4.635492499233358,3.455462721424002,2.132,5,False
1067,1.9018265086080237,4.635580831819905,3.4586570916640804,2.134,5,False
1068,1.9012994893911193,4.635664676359702,3.4618403370810333,2.136,5,False
1069,1.9007620044702986,4.635743982094211,3.465012422310066,2.138,5,False
1070,1.9002140752217516,4.635818698264896,3.4681733119863867,2.14,5,False
1071,1.8996557230216666,4.635888774113219,3.4713229707452005,2.142,5,False
1072,1.899086969246232,4.635954158880639,3.474461363221714,2.144,5,False
1073,1.898507835271637,4.636014801808618,3.4775884540511317,2.146,5,False
1074,1.8979183424740702,4.636070652138621,3.4807042078686625,2.148,5,False
1075,1.8973185122297203,4.636121659112105,3.4838085893095103,2.15,5,False
1076,1.8967083659147763,4.636167771970534,3.4869015630088827,2.152,5,False
1077,1.8960879249054265,4.636208939955369,3.489983093601984,2.154,5,False
1078,1.89545721057786,4.636245112308073,3.4930531457240224,2.156,5,False
1079,1.894816244308266,4.636276238270107,3.496111684010204,2.158,5,False
1080,1.8941650474728315,4.636302267082931,3.4991586730957334,2.16,5,False
1081,1.8935036414477475,4.6363231479880085,3.5021940776158176,2.162,5,False
1082,1.8928320476092018,4.6363388302268,3.5052178622056633,2.164,5,False
1083,1.8921502873333829,4.636349263040767,3.5082299915004755,2.166,5,False
1084,1.8914583819964796,4.636354395671374,3.511230430135462,2.168,5,False
1085,1.8907563529746811,4.636354177360079,3.5142191427458265,2.17,5,False
1086,1.8900442216441755,4.636348557348345,3.5171960939667777,2.172,5,False
1087,1.8893220093811518,4.636337484877633,3.5201612484335194,2.174,5,False
1088,1.8885897375617995,4.636320909189407,3.5231145707812606,2.176,5,False
1089,1.8878474275623065,4.636298779525125,3.5260560256452043,2.178,5,True
1090,1.8870951007588612,4.636271045126252,3.52898557766056,2.18,5,False
1091,1.8863327785276536,4.636237655234248,3.5319031914625305,2.182,5,False
1092,1.8855604822448713,4.636198559090574,3.534808831686324,2.184,5,False
1093,1.8847782332867045,4.636153705936693,3.5377024629671463,2.186,5,False
1094,1.8839860530293402,4.636103045014067,3.540584049940204,2.188,5,False
1095,1.8831839628489684,4.636046525564153,3.5434535572407015,2.19,5,False
1096,1.882371984121777,4.6359840968284205,3.546310949503848,2.192,5,False
1097,1.8815501382239563,4.635915708048326,3.549156191364847,2.194,5,False
1098,1.8807184465316933,4.6358413084653325,3.551989247458906,2.196,5,False
1099,1.8798769304211767,4.635760847320899,3.5548100824212288,2.198,5,False
1100,1.8790256112685966,4.635674273856491,3.5576186608870253,2.2,5,False
1101,1.8781645104501414,4.635581537313569,3.5604149474914997,2.202,5,False
1102,1.8772936493419992,4.635482586933593,3.563198906869858,2.204,5,False
1103,1.8764130493203592,4.635377371958026,3.565970503657306,2.206,5,False
1104,1.87552273176141,4.635265841628329,3.5687297024890516,2.208,5,False
1105,1.8746227180413404,4.635147945185964,3.5714764680002986,2.21,5,False
1106,1.8737130295363391,4.635023631872392,3.5742107648262547,2.212,5,False
1107,1.8727936876225955,4.634892850929077,3.576932557602127,2.214,5,False
1108,1.8718647136762978,4.634755551597479,3.5796418109631203,2.216,5,False
1109,1.8709261290736348,4.63461168311906,3.5823384895444397,2.218,5,False
1110,1.869977955190795,4.6344611947352785,3.585022557981293,2.22,5,False
1111,1.8690202134039668,4.6343040356876,3.587693980908886,2.222,5,False
1112,1.8680529250893405,4.6341401552174855,3.5903527229624252,2.224,5,False
1113,1.8670761116231038,4.633969502566396,3.592998748777116,2.226,5,False
1114,1.8660897943814452,4.633792026975793,3.5956320229881653,2.228,5,True
1115,1.8650939947405538,4.633607677687137,3.5982525102307776,2.23,5,False
1116,1.8640887340766181,4.633416403941892,3.600860175140162,2.232,5,False
1117,1.8630740337658283,4.6332181549815195,3.6034549823515216,2.234,5,False
1118,1.8620499151843712,4.633012880047479,3.6060368965000653,2.236,5,False
1119,1.8610163997084364,4.632800528381233,3.6086058822209965,2.238,5,False
1120,1.8599735087142124,4.632581049224244,3.611161904149524,2.24,5,False
1121,1.8589212635778882,4.632354391817973,3.6137049269208514,2.242,5,False
1122,1.8578596856756528,4.632120505403884,3.6162349151701885,2.244,5,False
1123,1.8567887963836947,4.631879339223432,3.6187518335327367,2.246,5,False
1124,1.8557086170782022,4.631630842518085,3.6212556466437054,2.248,5,False
1125,1.8546191691353653,4.6313749645293045,3.6237463191383004,2.25,5,False
1126,1.853520473931371,4.6311116544985484,3.626223815651728,2.2520000000000002,5,False
1127,1.8524125528424098,4.63084086166728,3.628688100819192,2.254,5,False
1128,1.851295427244669,4.630562535276961,3.6311391392759016,2.2560000000000002,5,False
1129,1.850169118514338,4.630276624569054,3.633576895657061,2.258,5,False
1130,1.8490336480276057,4.629983078785018,3.6360013345978777,2.2600000000000002,5,False
1131,1.8478890371606613,4.629681847166318,3.638412420733557,2.262,5,False
1132,1.8467353072896922,4.629372878954413,3.640810118699305,2.2640000000000002,5,False
1133,1.8455724797908886,4.629056123390767,3.643194393130329,2.266,5,False
1134,1.8444005760404383,4.628731529716839,3.6455652086618344,2.2680000000000002,5,False
1135,1.8432196174145306,4.628399047174094,3.6479225299290268,2.27,5,False
1136,1.8420296252893533,4.628058625003989,3.6502663215671127,2.2720000000000002,5,False
1137,1.8408306210410965,4.62771021244799,3.652596548211298,2.274,5,False
1138,1.8396226260459485,4.627353758747557,3.654913174496791,2.2760000000000002,5,False
1139,1.8384056616800972,4.626989213144149,3.657216165058794,2.278,5,True
1140,1.8371797493197324,4.626616524879232,3.659505484532516,2.2800000000000002,5,False
1141,1.8359449103410426,4.626235643194264,3.6617810975531637,2.282,5,False
1142,1.8347011661202164,4.62584651733071,3.664042968755941,2.2840000000000003,5,False
1143,1.8334485380334424,4.62544909653003,3.666291062776055,2.286,5,False
1144,1.8321870474569095,4.625043330033684,3.668525344248712,2.2880000000000003,5,False
1145,1.8309167157668071,4.624629167083138,3.6707457778091186,2.29,5,False
1146,1.8296375643393228,4.624206556919848,3.6729523280924803,2.2920000000000003,5,False
1147,1.8283496145506466,4.623775448785279,3.675144959734003,2.294,5,False
1148,1.8270528877769658,4.623335791920894,3.677323637368894,2.2960000000000003,5,False
1149,1.8257474053944707,4.622887535568151,3.679488325632358,2.298,5,False
1150,1.8244331887793488,4.622430628968515,3.681638989159603,2.3000000000000003,5,False
1151,1.8231102593077895,4.621965021363445,3.6837755925858326,2.302,5,False
1152,1.8217786383559813,4.621490661994403,3.6858981005462557,2.3040000000000003,5,False
1153,1.8204383473001131,4.621007500102851,3.6880064776760757,2.306,5,False
1154,1.819089407516374,4.620515484930252,3.690100688610501,2.308,5,False
1155,1.8177318403809517,4.6200145657180665,3.692180697984737,2.31,5,False
1156,1.8163656672700363,4.619504691707755,3.6942464704339897,2.312,5,False
1157,1.8149909095598153,4.618985812140781,3.6962979705934664,2.314,5,False
1158,1.813607588626479,4.618457876258606,3.698335163098372,2.316,5,False
1159,1.8122157258462142,4.61792083330269,3.7003580125839126,2.318,5,False
1160,1.8108153425952114,4.617374632514496,3.7023664836852945,2.32,5,False
1161,1.809406460249658,4.616819223135486,3.7043605410377243,2.322,5,False
1162,1.807989100185744,4.61625455440712,3.7063401492764085,2.324,5,False
1163,1.8065632837796566,4.6156805755708605,3.7083052730365518,2.326,5,False
1164,1.8051290324075864,4.61509723586817,3.710255876953361,2.328,5,True
1165,1.8036863674457209,4.614504484540508,3.7121919256620433,2.33,5,False
1166,1.8022353102702495,4.613902270829339,3.714113383797804,2.332,5,False
1167,1.8007758822573603,4.61329054397612,3.7160202159958486,2.334,5,False
1168,1.799308104783243,4.61266925322232,3.717912386891386,2.336,5,False
1169,1.797831999224085,4.612038347809394,3.7197898611196187,2.338,5,False
1170,1.7963475869560765,4.611397776978806,3.721652603315755,2.34,5,False
1171,1.794854889355405,4.610747489972019,3.723500578115001,2.342,5,False
1172,1.7933539277982604,4.610087436030491,3.725333750152561,2.344,5,False
1173,1.7918447236608306,4.609417564395687,3.727152084063644,2.346,5,False
1174,1.7903272983193046,4.608737824309068,3.728955544483454,2.348,5,False
1175,1.7888016731498717,4.608048165012095,3.730744096047199,2.35,5,False
1176,1.7872678695287199,4.60734853574623,3.732517703390083,2.352,5,False
1177,1.7857259088320376,4.606638885752932,3.7342763311473135,2.354,5,False
1178,1.7841758124360152,4.605919164273668,3.736019943954097,2.356,5,False
1179,1.7826176017168402,4.605189320549895,3.7377485064456395,2.358,5,False
1180,1.7810512980507016,4.604449303823078,3.7394619832571454,2.36,5,False
1181,1.7794769228137874,4.603699063334674,3.741160339023822,2.362,5,False
1182,1.7778944973822883,4.602938548326151,3.7428435383808774,2.364,5,False
1183,1.7763040431323909,4.602167708038964,3.744511545963515,2.366,5,False
1184,1.7747055814402857,4.601386491714579,3.7461643264069413,2.368,5,False
1185,1.77309913368216,4.600594848594456,3.7478018443463634,2.37,5,False
1186,1.7714847212342035,4.599792727920058,3.7494240644169885,2.372,5,False
1187,1.7698623654726051,4.598980078932845,3.7510309512540214,2.374,5,False
1188,1.768232087773553,4.598156850874281,3.752622469492667,2.376,5,False
1189,1.7665939095132357,4.597322992985823,3.7541985837681335,2.378,5,True
1190,1.7649478520678428,4.596478454508937,3.7557592587156257,2.38,5,False
1191,1.7632939368135625,4.595623184685083,3.757304458970352,2.382,5,False
1192,1.7616321851265837,4.594757132755724,3.7588341491675155,2.384,5,False
1193,1.7599626183830954,4.5938802479623195,3.7603482939423247,2.386,5,False
1194,1.7582852579592856,4.592992479546332,3.7618468579299837,2.388,5,False
1195,1.7566001252313437,4.5920937767492225,3.7633298057657014,2.39,5,False
1196,1.7549072415754585,4.591184088812455,3.7647971020846818,2.392,5,False
1197,1.7532066283678187,4.590263364977489,3.7662487115221315,2.394,5,False
1198,1.7514983069846126,4.589331554485787,3.767684598713257,2.396,5,False
1199,1.7497822988020288,4.588388606578808,3.769104728293263,2.398,5,False
1200,1.7480586251962575,4.587434470498018,3.770509064897359,2.4,5,False
1201,1.7463273075434862,4.586469095484877,3.771897573160749,2.402,5,False
1202,1.7445883672199038,4.585492430780843,3.7732702177186375,2.404,5,False
1203,1.742841825601699,4.584504425627385,3.774626963206234,2.406,5,False
1204,1.7410877040650614,4.583505029265957,3.775967774258742,2.408,5,False
1205,1.7393260239861785,4.582494190938025,3.77729261551137,2.41,5,False
1206,1.7375568067412406,4.581471859885051,3.7786014515993225,2.412,5,False
1207,1.7357800737064344,4.580437985348493,3.7798942471578063,2.414,5,False
1208,1.7339958462579506,4.5793925165698175,3.7811709668220277,2.416,5,False
1209,1.7322041457719768,4.578335402790482,3.782431575227191,2.418,5,False
1210,1.7304049936247021,4.57726659325195,3.783676037008505,2.42,5,False
1211,1.7285984111923147,4.576186037195681,3.7849043168011733,2.422,5,False
1212,1.7267844198510052,4.575093683863142,3.7861163792404056,2.424,5,False
1213,1.7249630409769603,4.573989482495788,3.787312188961405,2.426,5,False
1214,1.7231342959463696,4.572873382335085,3.7884917105993785,2.428,5,True
1215,1.721298206135422,4.571745332622494,3.7896549087895335,2.43,5,False
1216,1.719454792920306,4.570605282599474,3.7908017481670737,2.432,5,False
1217,1.71760407767721,4.56945318150749,3.7919321933672068,2.434,5,False
1218,1.7157460817823236,4.568288978588001,3.793046209025138,2.436,5,False
1219,1.713880826611835,4.567112623082472,3.794143759776076,2.438,5,False
1220,1.7120083335419327,4.565924064232361,3.795224810255224,2.44,5,False
1221,1.7101286239488063,4.564723251279131,3.7962893250977903,2.442,5,False
1222,1.7082417192086443,4.563510133464245,3.7973372689389797,2.444,5,False
1223,1.7063476406976343,4.562284660029161,3.798368606413998,2.446,5,False
1224,1.7044464097919674,4.561046780215345,3.7993833021580534,2.448,5,False
1225,1.7025380478678296,4.559796443264256,3.8003813208063493,2.45,5,False
1226,1.7006225763014124,4.558533598417357,3.801362626994096,2.452,5,False
1227,1.6987000164689017,4.557258194916107,3.8023271853564937,2.454,5,False
1228,1.6967703897464887,4.555970182001972,3.803274960528754,2.456,5,False
1229,1.6948337175103605,4.554669508916409,3.80420591714608,2.458,5,False
1230,1.6928900211367073,4.553356124900883,3.805120019843679,2.46,5,False
1231,1.6909393220017168,4.5520299791968535,3.806017233256758,2.462,5,False
1232,1.6889816414815786,4.550691021045785,3.806897522020522,2.464,5,False
1233,1.6870170009524794,4.549339199689135,3.8077608507701757,2.466,5,False
1234,1.6850454217906108,4.547974464368369,3.8086071841409272,2.468,5,False
1235,1.68306692537216,4.546596764324946,3.809436486767984,2.47,5,False
1236,1.6810815330733158,4.5452060488003285,3.810248723286549,2.472,5,False
1237,1.679089266270267,4.543802267035978,3.8110438583318302,2.474,5,False
1238,1.6770901463392027,4.542385368273356,3.811821856539034,2.476,5,False
1239,1.675084194656311,4.540955301753926,3.812582682543365,2.478,5,True
1240,1.6730714325977818,4.539512016719147,3.813326300980031,2.48,5,False
1241,1.6710518815398028,4.538055462410482,3.814052676484238,2.482,5,False
1242,1.6690255628585635,4.536585588069393,3.8147617736911914,2.484,5,False
1243,1.6669924979302517,4.53510234293734,3.8154535572360975,2.486,5,False
1244,1.6649527081310571,4.533605676255785,3.8161279917541626,2.488,5,False
1245,1.6629062148371678,4.5320955372661915,3.8167850418805935,2.49,5,False
1246,1.6608530394247731,4.530571875210018,3.817424672250595,2.492,5,False
1247,1.6587932032700616,4.529034639328731,3.818046847499376,2.494,5,False
1248,1.6567267277492217,4.527483778863787,3.818651532262138,2.496,5,False
1249,1.6546536342384426,4.5259192430566495,3.819238691174091,2.498,5,False
1250,1.652573944113913,4.524340981148782,3.8198082888704397,2.5,5,False
1251,1.650487678751821,4.522748942381643,3.8203602899863918,2.5020000000000002,5,False
1252,1.6483948595283564,4.521143075996696,3.820894659157151,2.504,5,False
1253,1.646295507819707,4.519523331235403,3.8214113610179252,2.5060000000000002,5,False
1254,1.6441896450020628,4.517889657339224,3.82191036020392,2.508,5,False
1255,1.6420772924516112,4.516242003549622,3.8223916213503415,2.5100000000000002,5,False
1256,1.6399584715445419,4.514580319108059,3.8228551090923966,2.512,5,False
1257,1.6378332036570424,4.512904553255995,3.82330078806529,2.5140000000000002,5,False
1258,1.6357015101653032,4.511214655234893,3.8237286229042295,2.516,5,False
1259,1.6335634124455118,4.509510574286212,3.8241385782444195,2.5180000000000002,5,False
1260,1.6314189318738574,4.507792259651418,3.824530618721069,2.52,5,False
1261,1.6292680898265288,4.506059660571969,3.82490470896938,2.5220000000000002,5,False
1262,1.6271109076797146,4.504312726289328,3.8252608136245616,2.524,5,False
1263,1.6249474068096033,4.502551406044957,3.8255988973218207,2.5260000000000002,5,False
1264,1.6227776085923846,4.500775649080317,3.82591892469636,2.528,5,True
1265,1.6206015344042461,4.498985404636871,3.8262208603833896,2.5300000000000002,5,False
1266,1.6184192056213775,4.497180621956079,3.826504669018113,2.532,5,False
1267,1.6162306436199665,4.495361250279402,3.826770315235737,2.5340000000000003,5,False
1268,1.6140358697762034,4.493527238848303,3.827017763671468,2.536,5,False
1269,1.6118349054662748,4.491678536904243,3.8272469789605115,2.5380000000000003,5,False
1270,1.6096277720663725,4.489815093688687,3.8274579257380763,2.54,5,False
1271,1.607414490952682,4.487936858443089,3.8276505686393647,2.5420000000000003,5,False
1272,1.6051950835013942,4.486043780408919,3.8278248722995847,2.544,5,False
1273,1.6029695710886969,4.484135808827633,3.827980801353943,2.5460000000000003,5,False
1274,1.6007379750907798,4.482212892940695,3.8281183204376457,2.548,5,False
1275,1.59850031688383,4.480274981989567,3.828237394185898,2.5500000000000003,5,False
1276,1.596256617844038,4.478322025215708,3.828337987233906,2.552,5,False
1277,1.5940068993475909,4.476353971860582,3.828420064216876,2.5540000000000003,5,False
1278,1.5917511827706792,4.47437077116565,3.8284835897700153,2.556,5,False
1279,1.5894894894894898,4.472372372372374,3.8285285285285293,2.5580000000000003,5,False
1280,1.5872218440601658,4.470358744327686,3.828554863374849,2.56,5,False
1281,1.5849482837586544,4.468329934300393,3.828562650180302,2.562,5,False
1282,1.5826688490408556,4.466286009164777,3.8285519630634397,2.564,5,False
1283,1.580383580362671,4.464227035795113,3.8285228761428156,2.566,5,False
1284,1.5780925181799994,4.462153081065685,3.8284754635369813,2.568,5,False
1285,1.5757957029487446,4.460064211850767,3.8284097993644908,2.57,5,False
1286,1.5734931751248047,4.4579604950246425,3.8283259577438953,2.572,5,False
1287,1.5711849751640814,4.455841997461591,3.828224012793747,2.574,5,False
1288,1.5688711435224738,4.453708786035887,3.828104038632598,2.576,5,False
1289,1.566551720655885,4.451560927621815,3.8279661093790027,2.578,5,True
1290,1.564226747020213,4.449398489093649,3.827810299151511,2.58,5,False
1291,1.5618962630713595,4.44722153732567,3.8276366820686762,2.582,5,False
1292,1.559560309265225,4.445030139192158,3.827445332249051,2.584,5,False
1293,1.5572189260577114,4.442824361567395,3.827236323811188,2.586,5,False
1294,1.5548721539047168,4.440604271325652,3.8270097308736384,2.588,5,False
1295,1.5525200332621436,4.438369935341216,3.8267656275549555,2.59,5,False
1296,1.5501626045858912,4.436121420488361,3.8265040879736913,2.592,5,False
1297,1.5477999083318617,4.43385879364137,3.8262251862484,2.594,5,False
1298,1.5454319849559541,4.43158212167452,3.825928996497631,2.596,5,False
1299,1.5430588749140701,4.429291471462091,3.825615592839938,2.598,5,False
1300,1.5406806186621094,4.426986909878359,3.8252850493938735,2.6,5,False
1301,1.5382972566559736,4.424668503797609,3.8249374402779894,2.602,5,False
1302,1.535908829351562,4.422336320094113,3.824572839610839,2.604,5,False
1303,1.5335153772047767,4.419990425642155,3.824191321510974,2.606,5,False
1304,1.5311169406715168,4.4176308873160135,3.823792960096947,2.608,5,False
1305,1.5287135602076842,4.415257771989967,3.8233778294873098,2.61,5,False
1306,1.526305276269178,4.4128711465382935,3.8229460038006158,2.612,5,False
1307,1.5238921293119003,4.4104710778352745,3.8224975571554167,2.614,5,False
1308,1.521474159791751,4.408057632755187,3.822032563670265,2.616,5,False
1309,1.519051408164631,4.405630878172313,3.821551097463714,2.618,5,False
1310,1.5166239148864396,4.403190880960926,3.8210532326543127,2.62,5,False
1311,1.514191720413079,4.400737707995312,3.8205390433606183,2.622,5,False
1312,1.5117548652004487,4.398271426149744,3.8200086037011793,2.624,5,False
1313,1.5093133897044504,4.395792102298505,3.8194619877945497,2.626,5,False
1314,1.5068673343809835,4.393299803315873,3.818899269759283,2.628,5,True
1315,1.5044167396859496,4.3907945960761285,3.81832052371393,2.63,5,False
1316,1.5019616460752487,4.388276547453548,3.8177258237770437,2.632,5,False
1317,1.4995020940047812,4.385745724322412,3.8171152440671756,2.634,5,False
1318,1.4970381239304478,4.383202193556998,3.816488858702878,2.636,5,False
1319,1.4945697763081498,4.3806460220315895,3.815846741802705,2.638,5,False
1320,1.4920970915937868,4.378077276620459,3.815188967485208,2.64,5,False
1321,1.48962011024326,4.375496024197891,3.814515609868938,2.642,5,False
1322,1.4871388727124701,4.372902331638164,3.813826743072451,2.644,5,False
1323,1.484653419457317,4.370296265815554,3.8131224412142948,2.646,5,False
1324,1.4821637909337013,4.367677893604343,3.812402778413025,2.648,5,False
1325,1.4796700275975248,4.365047281878808,3.8116678287871926,2.65,5,False
1326,1.4771721699046862,4.36240449751323,3.8109176664553503,2.652,5,False
1327,1.474670258311088,4.359749607381888,3.8101523655360516,2.654,5,False
1328,1.4721643332726295,4.3570826783590615,3.8093720001478473,2.656,5,False
1329,1.4696544352452119,4.354403777319027,3.808576644409291,2.658,5,False
1330,1.467140604684735,4.351712971136065,3.807766372438933,2.66,5,False
1331,1.4646228820471006,4.349010326684456,3.8069412583553284,2.662,5,False
1332,1.4621013077882077,4.346295910838475,3.8061013762770264,2.664,5,False
1333,1.4595759223639588,4.343569790472408,3.805246800322583,2.666,5,False
1334,1.457046766230253,4.340832032460527,3.8043776046105484,2.668,5,False
1335,1.4545138798429917,4.338082703677117,3.803493863259475,2.67,5,False
1336,1.451977303658075,4.335321870996452,3.802595650387916,2.672,5,False
1337,1.4494370781314039,4.332549601292816,3.801683040114424,2.674,5,False
1338,1.446893243718878,4.329765961440481,3.800756106557549,2.676,5,False
1339,1.4443458408763994,4.326971018313736,3.7998149238358456,2.678,5,True
1340,1.4417949100598675,4.324164838786851,3.798859566067866,2.68,5,False
1341,1.4392404917251835,4.32134748973411,3.797890107372163,2.682,5,False
1342,1.436682626328247,4.318519038029792,3.796906621867287,2.684,5,False
1343,1.4341213543249602,4.3156795505481735,3.7959091836717924,2.686,5,False
1344,1.4315567161712226,4.312829094163538,3.794897866904231,2.688,5,False
1345,1.4289887523229352,4.30996773575016,3.793872745683154,2.69,5,False
1346,1.426417503235998,4.30709554218232,3.792833894127115,2.692,5,False
1347,1.4238430093663124,4.3042125803342985,3.7917813863546663,2.694,5,False
1348,1.4212653111697784,4.301318917080374,3.7907152964843607,2.696,5,False
1349,1.4186844491022967,4.298414619294824,3.7896356986347493,2.698,5,False
1350,1.4161004636197676,4.295499753851929,3.788542666924385,2.7,5,False
1351,1.4135133951780927,4.292574387625968,3.787436275471821,2.702,5,False
1352,1.4109232842331714,4.289638587491219,3.786316598395608,2.704,5,False
1353,1.408330171240905,4.286692420321964,3.7851837098142993,2.706,5,False
1354,1.4057340966571938,4.2837359529924806,3.7840376838464493,2.708,5,False
1355,1.4031351009379383,4.280769252377046,3.7828785946106054,2.71,5,False
1356,1.4005332245390392,4.277792385349941,3.781706516225325,2.712,5,False
1357,1.3979285079163979,4.274805418785448,3.7805215228091593,2.714,5,False
1358,1.3953209915259128,4.271808419557837,3.7793236884806576,2.716,5,False
1359,1.3927107158234873,4.268801454541397,3.7781130873583755,2.718,5,False
1360,1.3900977212650196,4.265784590610403,3.776889793560865,2.72,5,False
1361,1.3874820483064119,4.262757894639132,3.7756538812066776,2.722,5,False
1362,1.3848637374035635,4.259721433501867,3.7744054244143657,2.724,5,False
1363,1.382242829012376,4.256675274072885,3.7731444973024817,2.726,5,False
1364,1.3796193635887493,4.253619483226464,3.7718711739895783,2.728,5,True
1365,1.3769933815885846,4.250554127836886,3.7705855285942085,2.73,5,False
1366,1.3743649234677822,4.247479274778427,3.769287635234923,2.732,5,False
1367,1.3717340296822427,4.244394990925369,3.7679775680302763,2.734,5,False
1368,1.3691007406878664,4.2413013431519895,3.7666554010988187,2.736,5,False
1369,1.3664650969405545,4.2381983983325675,3.765321208559104,2.738,5,False
1370,1.3638271388962064,4.2350862233413835,3.7639750645296837,2.74,5,False
1371,1.3611869070107243,4.231964885052715,3.762617043129111,2.742,5,False
1372,1.3585444417400074,4.228834450340841,3.761247218475937,2.744,5,False
1373,1.355899783539957,4.225694986080042,3.759865664688715,2.746,5,False
1374,1.3532529728664737,4.222546559144596,3.758472455885997,2.748,5,False
1375,1.3506040501754584,4.219389236408785,3.7570676661863374,2.75,5,False
1376,1.3479530559228101,4.216223084746882,3.755651369708285,2.7520000000000002,5,False
1377,1.3453000305644314,4.213048171033173,3.7542236405703964,2.754,5,False
1378,1.3426450145562214,4.209864562141933,3.752784552891219,2.7560000000000002,5,False
1379,1.3399880483540818,4.206672324947442,3.7513341807893092,2.758,5,False
1380,1.3373291724139122,4.203471526323978,3.7498725983832175,2.7600000000000002,5,False
1381,1.3346684271916136,4.200262233145821,3.7483998797914957,2.762,5,False
1382,1.332005853143087,4.197044512287252,3.746916099132699,2.7640000000000002,5,False
1383,1.3293414907242327,4.1938184306225486,3.745421330525378,2.766,5,False
1384,1.3266753803909503,4.1905840550259885,3.743915648088084,2.7680000000000002,5,False
1385,1.324007562599142,4.187341452371852,3.74239912593937,2.77,5,False
1386,1.321338077804707,4.184090689534417,3.7408718381977897,2.7720000000000002,5,False
1387,1.3186669664635473,4.180831833387967,3.739333858981895,2.774,5,False
1388,1.3159942690315627,4.177564950806778,3.7377852624102377,2.7760000000000002,5,False
1389,1.3133200259646534,4.174290108665126,3.7362261226013693,2.778,5,True
1390,1.3106442777187202,4.171007373837295,3.734656513673844,2.7800000000000002,5,False
1391,1.3079670647496646,4.167716813197563,3.7330765097462137,2.782,5,False
1392,1.3052884275133856,4.164418493620207,3.7314861849370295,2.7840000000000003,5,False
1393,1.3026084064657848,4.161112481979508,3.729885613364845,2.786,5,False
1394,1.2999270420627627,4.157798845149745,3.728274869148213,2.7880000000000003,5,False
1395,1.2972443747602205,4.154477650005196,3.7266540264056847,2.79,5,False
1396,1.294560445014057,4.151148963420142,3.7250231592558127,2.7920000000000003,5,False
1397,1.2918752932801747,4.147812852268861,3.723382341817151,2.794,5,False
1398,1.2891889600144724,4.14446938342563,3.7217316482082485,2.7960000000000003,5,False
1399,1.286501485672853,4.141118623764732,3.7200711525476615,2.798,5,False
1400,1.2838129107112142,4.137760640160444,3.71840092895394,2.8000000000000003,5,False
1401,1.281123275585459,4.134395499487045,3.7167210515456364,2.802,5,False
1402,1.278432620751487,4.131023268618815,3.7150315944413044,2.8040000000000003,5,False
1403,1.2757409866651988,4.127644014430032,3.713332631759495,2.806,5,False
1404,1.2730484137824944,4.1242578037949755,3.711624237618761,2.8080000000000003,5,False
1405,1.2703549425592766,4.120864703587928,3.709906486137657,2.81,5,False
1406,1.2676606134514428,4.117464780683161,3.7081794514347304,2.8120000000000003,5,False
1407,1.264965466914896,4.114058101954959,3.7064432076285385,2.814,5,False
1408,1.2622695434055362,4.110644734277603,3.7046978288376318,2.816,5,False
1409,1.259572883379263,4.107224744525366,3.7029433891805614,2.818,5,False
1410,1.2568755272919785,4.103798199572532,3.701179962775881,2.82,5,False
1411,1.2541775155995816,4.100365166293377,3.699407623742143,2.822,5,False
1412,1.251478888757975,4.096925711562184,3.6976264461979,2.824,5,False
1413,1.2487796872230574,4.093479902253228,3.6958365042617047,2.826,5,False
1414,1.2460799514507304,4.090027805240791,3.6940378720521077,2.828,5,True
1415,1.2433797218968936,4.086569487399149,3.692230623687662,2.83,5,False
1416,1.240679039017449,4.083105015602586,3.6904148332869218,2.832,5,False
1417,1.2379779432682954,4.079634456725374,3.6885905749684365,2.834,5,False
1418,1.2352764751053353,4.0761578776417995,3.686757922850761,2.836,5,False
1419,1.2325746749844684,4.072675345226137,3.684916951052447,2.838,5,False
1420,1.229872583361595,4.0691869263526685,3.683067733692046,2.84,5,False
1421,1.2271702406926162,4.06569268789567,3.681210344888111,2.842,5,False
1422,1.2244676874334324,4.062192696729421,3.6793448587591944,2.844,5,False
1423,1.2217649640399435,4.058687019728203,3.6774713494238487,2.846,5,False
1424,1.2190621109680515,4.055175723766294,3.675589891000626,2.848,5,False
1425,1.2163591686736557,4.0516588757179735,3.6737005576080795,2.85,5,False
1426,1.2136561776126573,4.04813654245752,3.6718034233647603,2.852,5,False
1427,1.210953178240957,4.044608790859213,3.669898562389222,2.854,5,False
1428,1.208250211014455,4.041075687797331,3.6679860488000147,2.856,5,False
1429,1.205547316389052,4.037537300146153,3.666065956715694,2.858,5,False
1430,1.2028445348206485,4.033993694779959,3.66413836025481,2.86,5,False
1431,1.2001419067651453,4.030444938573027,3.662203333535916,2.862,5,False
1432,1.197439472678443,4.026891098399636,3.660260950677564,2.864,5,False
1433,1.1947372730164418,4.023332241134067,3.6583112857983067,2.866,5,False
1434,1.1920353482350434,4.0197684336506,3.656354413016697,2.868,5,False
1435,1.1893337387901466,4.016199742823509,3.6543904064512858,2.87,5,False
1436,1.1866324851376533,4.012626235527077,3.652419340220625,2.872,5,False
1437,1.1839316277334635,4.009047978635582,3.6504412884432695,2.874,5,False
1438,1.1812312070334785,4.005465039023305,3.648456325237771,2.876,5,False
1439,1.1785312634935976,4.001877483564522,3.646464524722681,2.878,5,True
1440,1.1758318375697225,3.998285379133513,3.64446596101655,2.88,5,False
1441,1.1731329697177533,3.994688792604559,3.642460708237935,2.882,5,False
1442,1.1704347003935915,3.9910877908519393,3.640448840505387,2.884,5,False
1443,1.167737070053136,3.9874824407499285,3.6384304319374543,2.886,5,False
1444,1.1650401191522886,3.98387280917281,3.636405556652693,2.888,5,False
1445,1.1623438881469497,3.9802589629948617,3.6343742887696564,2.89,5,False
1446,1.15964841749302,3.9766409690903632,3.632336702406894,2.892,5,False
1447,1.1569537476463991,3.9730188943335922,3.630292871682959,2.894,5,False
1448,1.1542599190629887,3.969392805598829,3.6282428707164045,2.896,5,False
1449,1.1515669721986885,3.9657627697603517,3.6261867736257822,2.898,5,False
1450,1.1488749475094007,3.9621288536924415,3.6241246545296457,2.9,5,False
1451,1.1461838854510238,3.958491124269375,3.6220565875465454,2.902,5,False
1452,1.14349382647946,3.954849648365433,3.6199826467950356,2.904,5,False
1453,1.1408048110506086,3.951204492854893,3.6179029063936676,2.906,5,False
1454,1.1381168796203716,3.947555724612037,3.615817440460994,2.908,5,False
1455,1.135430072644648,3.9439034105111404,3.613726323115567,2.91,5,False
1456,1.1327444305793402,3.9402476174264853,3.6116296284759404,2.912,5,False
1457,1.130059993880347,3.9365884122323496,3.609527430660665,2.914,5,False
1458,1.1273768030035698,3.9329258618030116,3.6074198037882925,2.916,5,False
1459,1.1246948984049094,3.9292600330127527,3.6053068219773774,2.918,5,False
1460,1.1220143205402664,3.9255909927358497,3.60318855934647,2.92,5,False
1461,1.1193351098655402,3.9219188078465823,3.6010650900141243,2.922,5,False
1462,1.1166573068366337,3.918243545219231,3.598936488098892,2.924,5,False
1463,1.1139809519094441,3.9145652717280712,3.5968028277193245,2.926,5,False
1464,1.1113060855398758,3.910884054247388,3.5946641829939776,2.928,5,True
1465,1.108632748183827,3.9071999596514555,3.5925206280414,2.93,5,False
1466,1.1059609802971984,3.9035130548145545,3.5903722369801443,2.932,5,False
1467,1.103290822335891,3.899823406610964,3.588219083928765,2.934,5,False
1468,1.1006223147558059,3.8961310819149624,3.5860612430058127,2.936,5,False
1469,1.0979554980128428,3.8924361476008307,3.5838987883298414,2.938,5,False
1470,1.0952904125629028,3.8887386705428466,3.5817317940194022,2.94,5,False
1471,1.0926270988618862,3.8850387176152887,3.5795603341930473,2.942,5,False
1472,1.0899655973656945,3.8813363556924396,3.5773844829693315,2.944,5,False
1473,1.0873059485302266,3.877631651648572,3.5752043144668035,2.946,5,False
1474,1.0846481928113845,3.873924672357971,3.5730199028040177,2.948,5,False
1475,1.0819923706650676,3.8702154846949117,3.570831322099526,2.95,5,False
1476,1.0793385225471783,3.866504155533678,3.5686386464718827,2.952,5,False
1477,1.0766866889136149,3.8627907517485416,3.566441950039636,2.954,5,False
1478,1.07403691022028,3.8590753402137894,3.5642413069213426,2.956,5,False
1479,1.0713892269230727,3.8553579878036954,3.562036791235552,2.958,5,False
1480,1.0687436794778944,3.851638761392541,3.5598284771008175,2.96,5,False
1481,1.0661003083406453,3.8479177278546035,3.5576164386356925,2.962,5,False
1482,1.0634591539672271,3.8441949540641653,3.555400749958729,2.964,5,False
1483,1.0608202568135383,3.8404705068955014,3.553181485188477,2.966,5,False
1484,1.0581836573354813,3.836744453222894,3.5509587184434923,2.968,5,False
1485,1.0555493959889555,3.8330168599206202,3.5487325238423253,2.97,5,False
1486,1.0529175132298625,3.829287793862961,3.5465029755035284,2.972,5,False
1487,1.050288049514102,3.825557321924194,3.5442701475456544,2.974,5,False
1488,1.0476610452975756,3.8218255109785995,3.542034114087257,2.976,5,False
1489,1.0450365410361824,3.8180924279004542,3.539794949246886,2.978,5,True
1490,1.0424145771858244,3.8143581395640402,3.5375527271430944,2.98,5,False
1491,1.039795194202401,3.8106227128436347,3.535307521894436,2.982,5,False
1492,1.0371784325418143,3.8068862146135185,3.5330594076194632,2.984,5,False
1493,1.0345643326599636,3.803148711747969,3.5308084584367267,2.986,5,False
1494,1.03195293501275,3.7994102711212667,3.5285547484647797,2.988,5,False
1495,1.0293442800560735,3.7956709596076887,3.526298351822174,2.99,5,False
1496,1.0267384082458357,3.791930844081515,3.524039342627462,2.992,5,False
1497,1.0241353600379361,3.788189991417027,3.5217777949991986,2.994,5,False
1498,1.0215351758882767,3.784448468488502,3.519513783055934,2.996,5,False
1499,1.0189378962527562,3.7807063421702174,3.5172473809162197,2.998,5,False
1500,1.0163435615872765,3.776963679336454,3.5149786626986095,3.0,5,False
1501,1.0137522123477376,3.7732205468614906,3.5127077025216553,3.0020000000000002,5,False
1502,1.0111638889900412,3.7694770116196086,3.510434574503911,3.004,5,False
1503,1.0085786319700862,3.7657331404850827,3.5081593527639257,3.0060000000000002,5,False
1504,1.0059964817437743,3.7619890003321963,3.505882111420255,3.008,5,False
1505,1.0034174787670054,3.7582446580352245,3.5036029245914486,3.0100000000000002,5,False
1506,1.0008416634956814,3.75450018046845,3.501321866396062,3.012,5,False
1507,0.998269076385701,3.7507556345061492,3.499039010952645,3.0140000000000002,5,False
1508,0.9956997578929663,3.7470110870226034,3.49675443237975,3.016,5,False
1509,0.9931337484733767,3.7432666048920895,3.4944682047959303,3.0180000000000002,5,False
1510,0.9905710885828346,3.73952225498889,3.49218040231974,3.02,5,False
1511,0.9880118186772383,3.7357781041872804,3.4898910990697276,3.0220000000000002,5,False
1512,0.9854559792124901,3.7320342193615414,3.4876003691644484,3.024,5,False
1513,0.9829036106444893,3.7282906673859504,3.4853082867224523,3.0260000000000002,5,False
1514,0.9803547534291378,3.7245475151347907,3.483014925862296,3.028,5,True
1515,0.9778094480223349,3.720804829482337,3.480720360702527,3.0300000000000002,5,False
1516,0.9752677348799822,3.71706267730287,3.4784246653617,3.032,5,False
1517,0.9727296544579799,3.7133211254706704,3.4761279139583685,3.0340000000000003,5,False
1518,0.9701952472122287,3.7095802408600145,3.4738301806110825,3.036,5,False
1519,0.9676645535986286,3.7058400903451827,3.471531539438395,3.0380000000000003,5,False
1520,0.9651376140730815,3.702100740800456,3.469232064558861,3.04,5,False
1521,0.9626144690914861,3.6983622591001097,3.4669318300910277,3.0420000000000003,5,False
1522,0.9600951591097447,3.6946247121184257,3.4646309101534523,3.044,5,False
1523,0.9575797245837567,3.690888166729682,3.462329378864685,3.0460000000000003,5,False
1524,0.9550682059694239,3.687152689808158,3.460027310343278,3.048,5,False
1525,0.9525606437226456,3.6834183482281335,3.4577247787077847,3.0500000000000003,5,False
1526,0.9500570782993227,3.679685208863886,3.4554218580767566,3.052,5,False
1527,0.9475575501553563,3.6759533385896948,3.4531186225687462,3.0540000000000003,5,False
1528,0.9450620997466471,3.6722228042798424,3.4508151463023076,3.056,5,False
1529,0.942570767529095,3.6684936728086033,3.4485115033959906,3.0580000000000003,5,False
1530,0.940083593958601,3.664766011050259,3.4462077679683487,3.06,5,False
1531,0.9376006194910653,3.661039885879088,3.4439040141379342,3.0620000000000003,5,False
1532,0.9351218845823893,3.657315364169371,3.441600316023301,3.064,5,False
1533,0.9326474296884721,3.653592512795384,3.439296747742998,3.0660000000000003,5,False
1534,0.9301772952652159,3.649871398631408,3.4369933834155795,3.068,5,False
1535,0.9277115217685205,3.6461520885517227,3.4346902971596,3.0700000000000003,5,False
1536,0.9252501496542866,3.6424346494306055,3.432387563093608,3.072,5,False
1537,0.9227932193784147,3.638719148142337,3.4300852553361585,3.074,5,False
1538,0.9203407713968054,3.6350056515611953,3.427783448005803,3.076,5,False
1539,0.9178928461653598,3.6312942265614607,3.425482215221094,3.078,5,True
1540,0.9154494841399774,3.6275849400174107,3.4231816311005834,3.08,5,False
1541,0.9130107257765597,3.6238778588033265,3.420881769762825,3.082,5,False
1542,0.9105766115310066,3.6201730497934848,3.4185827053263695,3.084,5,False
1543,0.9081471818592198,3.6164705798621664,3.4162845119097702,3.086,5,False
1544,0.9057224772170985,3.6127705158836494,3.4139872636315785,3.088,5,False
1545,0.9033025380605441,3.609072924732213,3.4116910346103473,3.09,5,False
1546,0.9008874048454567,3.605377873282137,3.4093958989646302,3.092,5,False
1547,0.898477118027738,3.601685428407701,3.4071019308129795,3.094,5,False
1548,0.896071718063287,3.5979956569831826,3.4048092042739446,3.096,5,False
1549,0.8936712454080057,3.594308625882862,3.4025177934660817,3.098,5,False
1550,0.8912757405177937,3.590624401981017,3.40022777250794,3.1,5,False
1551,0.8888852438485522,3.586943052151929,3.397939215518074,3.102,5,False
1552,0.886499795856181,3.583264643269874,3.395652196615035,3.104,5,False
1553,0.8841194369965818,3.5795892422091353,3.3933667899173763,3.106,5,False
1554,0.881744207725654,3.575916915843987,3.391083069543649,3.108,5,False
1555,0.8793741484992994,3.572247731048713,3.3888011096124075,3.11,5,False
1556,0.8770092997734172,3.568581754697587,3.3865209842422,3.112,5,False
1557,0.8746497020039097,3.5649190536648954,3.3842427675515854,3.114,5,False
1558,0.8722953956466757,3.5612596948249102,3.3819665336591105,3.116,5,False
1559,0.8699464211576171,3.557603745051915,3.3796923566833295,3.118,5,False
1560,0.8676028189926334,3.553951271220187,3.377420310742795,3.12,5,False
1561,0.8652646296076266,3.550302340204006,3.3751504699560604,3.122,5,False
1562,0.8629318934584957,3.5466570188776503,3.372882908441676,3.124,5,False
1563,0.8606046510011426,3.5430153741154,3.3706177003181947,3.126,5,False
1564,0.858282942691467,3.539377472791532,3.3683549197041693,3.128,5,True
1565,0.8559668089853699,3.5357433817803288,3.366094640718153,3.13,5,False
1566,0.8536562903387517,3.5321131679560676,3.3638369374786974,3.132,5,False
1567,0.8513514272075133,3.5284868981930284,3.3615818841043543,3.134,5,False
1568,0.8490522600475545,3.524864639365488,3.3593295547136757,3.136,5,False
1569,0.8467588293147773,3.5212464583477296,3.3570800234252167,3.138,5,False
1570,0.8444711754650809,3.517632422014028,3.3548333643575274,3.14,5,False
1571,0.8421893389543667,3.514022597238665,3.3525896516291596,3.142,5,False
1572,0.8399133602385344,3.510417050895918,3.350348959358667,3.144,5,False
1573,0.837643279773486,3.506815849860068,3.3481113616646025,3.146,5,False
1574,0.8353791380151205,3.5032190610053933,3.345876932665517,3.148,5,False
1575,0.8331209754193398,3.4996267512061725,3.343645746479964,3.15,5,False
1576,0.8308688324420435,3.496038987336684,3.341417877226494,3.152,5,False
1577,0.8286227495391328,3.4924558362712093,3.3391933990236624,3.154,5,False
1578,0.826382767166508,3.4888773648840257,3.3369723859900198,3.156,5,False
1579,0.8241489257800702,3.4853036400494126,3.3347549122441182,3.158,5,False
1580,0.8219212658357189,3.4817347286416496,3.332541051904511,3.16,5,False
1581,0.8196998277893559,3.478170697535015,3.3303308790897495,3.162,5,False
1582,0.8174846520968808,3.4746116136037886,3.3281244679183866,3.164,5,False
1583,0.8152757792141949,3.4710575437222495,3.3259218925089753,3.166,5,False
1584,0.8130732495971982,3.4675085547646765,3.3237232269800674,3.168,5,False
1585,0.8108771037017919,3.4639647136053475,3.321528545450214,3.17,5,False
1586,0.8086873819838761,3.4604260871185453,3.319337922037971,3.172,5,False
1587,0.8065041248993521,3.456892742178547,3.317151430861888,3.174,5,False
1588,0.804327372904119,3.453364745659629,3.3149691460405166,3.176,5,False
1589,0.802157166454079,3.4498421644360744,3.3127911416924123,3.178,5,True
1590,0.7999935460051316,3.4463250653821587,3.3106174919361235,3.18,5,False
1591,0.7978365520131782,3.442813515372165,3.308448270890207,3.182,5,False
1592,0.7956862249341186,3.439307581280369,3.3062835526732117,3.184,5,False
1593,0.7935426052238538,3.435807329981052,3.3041234114036913,3.186,5,False
1594,0.7914057333382841,3.4323128283484916,3.301967921200198,3.188,5,False
1595,0.7892756497333109,3.4288241432569673,3.299817156181284,3.19,5,False
1596,0.7871523948648337,3.4253413415807596,3.2976711904655027,3.192,5,False
1597,0.7850360091887538,3.4218644901941464,3.295530098171406,3.194,5,False
1598,0.7829265331609715,3.418393655971406,3.2933939534175445,3.196,5,False
1599,0.7808240072373877,3.41492890578682,3.291262830322474,3.198,5,False
1600,0.7787284718739022,3.4114703065146648,3.2891368030047436,3.2,5,False
1601,0.7766399675264166,3.4080179250292213,3.2870159455829073,3.202,5,False
1602,0.7745585346508307,3.404571828204767,3.2849003321755177,3.204,5,False
1603,0.7724842137030457,3.4011320829155833,3.282790036901126,3.206,5,False
1604,0.7704170451389614,3.3976987560359464,3.2806851338782854,3.208,5,False
1605,0.7683570694144795,3.3942719144401376,3.278585697225548,3.21,5,False
1606,0.7663043269854992,3.3908516250024356,3.2764918010614674,3.212,5,False
1607,0.7642588583079226,3.38743795459712,3.2744035195045944,3.214,5,False
1608,0.762220703837649,3.3840309700984674,3.2723209266734816,3.216,5,False
1609,0.7601899040305795,3.38063073838076,3.270244096686681,3.218,5,False
1610,0.7581664993426147,3.377237326318275,3.2681731036627464,3.22,5,False
1611,0.7561505302296553,3.3738508007852928,3.266108021720229,3.222,5,False
1612,0.7541420371476015,3.3704712286560916,3.2640489249776827,3.224,5,False
1613,0.7521410605523544,3.3670986768049507,3.2619958875536574,3.226,5,False
1614,0.750147640899814,3.363733212106149,3.2599489835667073,3.228,5,True
1615,0.7481618186458816,3.3603749014339663,3.257908287135385,3.23,5,False
1616,0.7461836342464568,3.3570238116626805,3.255873872378241,3.232,5,False
1617,0.7442131281574415,3.353680009666573,3.25384581341383,3.234,5,False
1618,0.7422503408347348,3.35034356231992,3.2518241843607023,3.236,5,False
1619,0.7402953127342387,3.3470145364970025,3.249809059337412,3.238,5,False
1620,0.7383480843118524,3.3436929990720987,3.2478005124625096,3.24,5,False
1621,0.7364086960234777,3.3403790169194894,3.2457986178545495,3.242,5,False
1622,0.7344771883250144,3.337072656913451,3.243803449632083,3.244,5,False
1623,0.7325536016723636,3.3337739859282642,3.2418150819136624,3.246,5,False
1624,0.7306379765214254,3.330483070838209,3.2398335888178402,3.248,5,False
1625,0.7287303533281008,3.3271999785175623,3.237859044463169,3.25,5,False
1626,0.72683077254829,3.323924775840604,3.2358915229682013,3.2520000000000002,5,False
1627,0.7249392746378941,3.320657529681615,3.2339310984514893,3.254,5,False
1628,0.723055900052813,3.3173983069148725,3.231977845031585,3.2560000000000002,5,False
1629,0.7211806892489481,3.314147174414656,3.2300318368270404,3.258,5,False
1630,0.719313682682199,3.310904199055244,3.2280931479564097,3.2600000000000002,5,False
1631,0.7174549208084674,3.3076694477109165,3.2261618525382434,3.262,5,False
1632,0.7156044440836528,3.304442987255953,3.2242380246910955,3.2640000000000002,5,False
1633,0.7137622929636566,3.3012248845646317,3.2223217385335166,3.266,5,False
1634,0.7119285079043789,3.2980152065112325,3.2204130681840604,3.2680000000000002,5,False
1635,0.7101031293617206,3.294814019970033,3.2185120877612787,3.27,5,False
1636,0.7082861977915821,3.291621391815314,3.216618871383724,3.2720000000000002,5,False
1637,0.7064777536498643,3.288437388921355,3.2147334931699496,3.274,5,False
1638,0.7046778373924668,3.2852620781624315,3.2128560272385056,3.2760000000000002,5,False
1639,0.7028864894752918,3.282095526412828,3.210986547707947,3.278,5,True
1640,0.7011037503542382,3.278937800546818,3.209125128696824,3.2800000000000002,5,False
1641,0.6993296604852077,3.275788967438685,3.207271844323689,3.282,5,False
1642,0.6975642603241005,3.2726490939627064,3.205426768707097,3.2840000000000003,5,False
1643,0.6958075903268173,3.2695182469931616,3.203589975965598,3.286,5,False
1644,0.6940596909492585,3.2663964934043284,3.2017615402177455,3.2880000000000003,5,False
1645,0.6923206026473252,3.2632839000704887,3.1999415355820915,3.29,5,False
1646,0.6905903658769169,3.2601805338659187,3.1981300361771874,3.2920000000000003,5,False
1647,0.6888690210939354,3.257086461664899,3.1963271161215867,3.294,5,False
1648,0.6871566087542804,3.254001750341709,3.194532849533842,3.2960000000000003,5,False
1649,0.6854531693138531,3.250926466770627,3.1927473105325053,3.298,5,False
1650,0.6837587432285538,3.247860677825931,3.190970573236129,3.3000000000000003,5,False
1651,0.6820733709542829,3.2448044503819027,3.1892027117632638,3.302,5,False
1652,0.6803970929469412,3.2417578513128196,3.187443800232465,3.3040000000000003,5,False
1653,0.6787299496624293,3.2387209474929612,3.1856939127622836,3.306,5,False
1654,0.6770719815566477,3.2356938057966067,3.1839531234712717,3.3080000000000003,5,False
1655,0.6754232290854971,3.232676493098036,3.182221506477982,3.31,5,False
1656,0.673783732704878,3.2296690762715254,3.180499135900967,3.3120000000000003,5,False
1657,0.6721535328706911,3.2266716221913576,3.178786085858779,3.314,5,False
1658,0.6705326700388368,3.223684197731809,3.1770824304699703,3.3160000000000003,5,False
1659,0.668921184665216,3.2207068697671604,3.175388243853093,3.318,5,False
1660,0.6673191172057286,3.21773970517169,3.173703600126701,3.3200000000000003,5,False
1661,0.6657265081162759,3.214782770819677,3.1720285734093436,3.322,5,False
1662,0.664143397852758,3.2118361335854,3.1703632378195756,3.3240000000000003,5,False
1663,0.6625698268710761,3.2088998603431396,3.168707667475949,3.326,5,False
1664,0.66100583562713,3.2059740179671747,3.1670619364970163,3.3280000000000003,5,True
1665,0.6594514645768211,3.203058673331783,3.1654261190013298,3.33,5,False
1666,0.6579067541760494,3.2001538933112443,3.163800289107441,3.332,5,False
1667,0.6563717448807151,3.1972597447798377,3.1621845209339026,3.334,5,False
1668,0.65484647714672,3.194376294611843,3.1605788885992676,3.336,5,False
1669,0.6533309914299636,3.191503609681538,3.1589834662220886,3.338,5,False
1670,0.6518253281863473,3.1886417568632033,3.157398327920917,3.34,5,False
1671,0.6503295278717709,3.185790803031116,3.155823547814305,3.342,5,False
1672,0.6488436309421355,3.1829508150595576,3.1542592000208067,3.344,5,False
1673,0.6473676778533413,3.1801218598228056,3.1527053586589724,3.346,5,False
1674,0.6459017090612895,3.17730400419514,3.1511620978473562,3.348,5,False
1675,0.64444576502188,3.1744973150508384,3.1496294917045096,3.35,5,False
1676,0.6429998861910139,3.171701859264182,3.1481076143489846,3.352,5,False
1677,0.6415641130245914,3.1689177037094494,3.1465965398993347,3.354,5,False
1678,0.6401384859785133,3.166144915260918,3.145096342474111,3.356,5,False
1679,0.63872304550868,3.1633835607928673,3.1436070961918667,3.358,5,False
1680,0.6373178320709927,3.160633707179579,3.142128875171155,3.36,5,False
1681,0.6359228861213508,3.1578954212953287,3.1406617535305252,3.362,5,False
1682,0.6345382481156563,3.1551687700143987,3.139205805388533,3.364,5,False
1683,0.6331639585098087,3.152453820211066,3.1377611048637304,3.366,5,False
1684,0.631800057759709,3.1497506387596115,3.136327726074668,3.368,5,False
1685,0.6304465863212576,3.147059292534311,3.1349057431398992,3.37,5,False
1686,0.6291035846503554,3.1443798484094465,3.133495230177976,3.372,5,False
1687,0.6277710932029028,3.141712373259297,3.132096261307451,3.374,5,False
1688,0.6264491524348005,3.1390569339581416,3.1307089106468773,3.376,5,False
1689,0.6251378028019486,3.1364135973802565,3.129333252314806,3.378,5,True
1690,0.6238370847602485,3.1337824303999247,3.1279693604297902,3.38,5,False
1691,0.6225470387656,3.1311634998914237,3.126617309110382,3.382,5,False
1692,0.6212677052739044,3.1285568727290336,3.125277172475135,3.384,5,False
1693,0.6199991247410613,3.12596261578703,3.1239490246425987,3.386,5,False
1694,0.6187413376229726,3.1233807959396955,3.1226329397313286,3.388,5,False
1695,0.6174943843755377,3.1208114800613087,3.1213289918598757,3.39,5,False
1696,0.6162583054546579,3.1182547350261487,3.1200372551467916,3.392,5,False
1697,0.6150331413162334,3.1157106277084936,3.11875780371063,3.394,5,False
1698,0.6138189324161649,3.1131792249826225,3.1174907116699426,3.396,5,False
1699,0.6126157192103531,3.1106605937228156,3.1162360531432824,3.398,5,False
1700,0.6114235421546985,3.1081548008033515,3.1149939022492013,3.4,5,False
1701,0.6102424417051016,3.105661913098509,3.1137643331062512,3.402,5,False
1702,0.6090724583174633,3.1031819974825674,3.1125474198329854,3.404,5,False
1703,0.6079136324476835,3.1007151208298054,3.111343236547955,3.406,5,False
1704,0.6067660045516636,3.0982613500145035,3.110151857369715,3.408,5,False
1705,0.6056296150853038,3.0958207519109404,3.1089733564168154,3.41,5,False
1706,0.6045045045045045,3.0933933933933937,3.1078078078078084,3.412,5,False
1707,0.6033907132651666,3.0909793413361437,3.1066552856612475,3.414,5,False
1708,0.6022882818231906,3.0885786626134695,3.105515864095685,3.416,5,False
1709,0.6011972506344769,3.08619142409965,3.104389617229673,3.418,5,False
1710,0.6001176601549263,3.0838176926689647,3.103276619181764,3.42,5,False
1711,0.5990495508404394,3.081457535195692,3.10217694407051,3.422,5,False
1712,0.5979929631469166,3.0791110185541113,3.1010906660144637,3.424,5,False
1713,0.5969479375302587,3.076778209618502,3.1000178591321776,3.426,5,False
1714,0.5959145144463659,3.0744591752631427,3.098958597542204,3.428,5,True
1715,0.5948927343511393,3.072153982362313,3.097912955363095,3.43,5,False
1716,0.5938826377004792,3.0698626977902923,3.096881006713403,3.432,5,False
1717,0.5928842649502859,3.0675853884213575,3.0958628257116803,3.434,5,False
1718,0.5918976565564609,3.0653221211297916,3.0948584864764808,3.436,5,False
1719,0.5909228529749038,3.06307296278987,3.0938680631263544,3.438,5,False
1720,0.5899598946615157,3.060837980275874,3.0928916297798557,3.44,5,False
1721,0.5890088220721968,3.0586172404620817,3.091929260555535,3.442,5,False
1722,0.5880696756628483,3.056410810222773,3.090981029571946,3.444,5,False
1723,0.58714249588937,3.054218756432226,3.090047010947641,3.446,5,False
1724,0.5862273232076632,3.0520411459647203,3.089127278801172,3.448,5,False
1725,0.585324198073628,3.049878045694535,3.088221907251092,3.45,5,False
1726,0.5844331609431654,3.0477295224959504,3.0873309704159526,3.452,5,False
1727,0.5835542522721755,3.045595643243243,3.086454542414306,3.454,5,False
1728,0.5826875125165593,3.043476474810695,3.0855926973647065,3.456,5,False
1729,0.581832982132217,3.0413720840725826,3.0847455093857037,3.458,5,False
1730,0.5809907015750497,3.039282537903187,3.0839130525958516,3.46,5,False
1731,0.5801607113009576,3.037207903176786,3.0830954011137033,3.462,5,False
1732,0.5793430517658413,3.03514824676766,3.082292629057809,3.464,5,False
1733,0.5785377634256015,3.033103635550086,3.081504810546723,3.466,5,False
1734,0.5777448867361388,3.0310741363983458,3.080732019698997,3.468,5,False
1735,0.5769644621533536,3.0290598161867166,3.079974330633183,3.47,5,False
1736,0.5761965301331465,3.027060741789478,3.0792318174678335,3.472,5,False
1737,0.5754411311314185,3.0250769800809088,3.0785045543215013,3.474,5,False
1738,0.5746983056040696,3.0231085979352894,3.077792615312739,3.476,5,False
1739,0.5739680940070009,3.0211556622268976,3.0770960745600977,3.478,5,True
1740,0.5732505367961125,3.019218239830013,3.0764150061821316,3.48,5,False
1741,0.5725456744273054,3.0172963976189138,3.075749484297391,3.482,5,False
1742,0.5718535473564799,3.0153902024678807,3.0750995830244303,3.484,5,False
1743,0.5711741960395367,3.013499721251192,3.074465376481801,3.486,5,False
1744,0.5705076609323763,3.0116250208431268,3.073846938788055,3.488,5,False
1745,0.5698539824908995,3.009766168117964,3.0732443440617447,3.49,5,False
1746,0.5692132011710069,3.0079232299499834,3.0726576664214234,3.492,5,False
1747,0.5685853574285985,3.006096273213463,3.0720869799856425,3.494,5,False
1748,0.5679704917195756,3.0042853647826826,3.0715323588729553,3.496,5,False
1749,0.5673686444998385,3.0024905715319217,3.070993877201914,3.498,5,False
1750,0.5667798562252875,3.0007119603354586,3.07047160909107,3.5,5,False
1751,0.5662041673518237,2.998949598067573,3.0699656286589767,3.5020000000000002,5,False
1752,0.5656416183353474,2.997203551602544,3.0694760100241862,3.504,5,False
1753,0.5650922496317592,2.99547388781465,3.06900282730525,3.5060000000000002,5,False
1754,0.5645561016969598,2.9937606735781714,3.0685461546207224,3.508,5,False
1755,0.5640332149868494,2.992063975767386,3.068106066089154,3.5100000000000002,5,False
1756,0.5635236299573292,2.990383861256573,3.0676826358290983,3.512,5,False
1757,0.5630273870642992,2.9887203969200122,3.067275937959107,3.5140000000000002,5,False
1758,0.5625445267636606,2.9870736496319834,3.0668860465977326,3.516,5,False
1759,0.5620750895113132,2.985443686266764,3.0665130358635273,3.5180000000000002,5,False
1760,0.5616191157631585,2.9838305736986346,3.0661569798750445,3.52,5,False
1761,0.561176645975096,2.9822343788018717,3.065817952750835,3.5220000000000002,5,False
1762,0.5607477206030274,2.9806551684507583,3.065496028609453,3.524,5,False
1763,0.5603323801028525,2.9790930095195707,3.0651912815694495,3.5260000000000002,5,False
1764,0.5599306649304722,2.9775479688825883,3.0649037857493773,3.528,5,True
1765,0.559542615541787,2.9760201134140907,3.0646336152677884,3.5300000000000002,5,False
1766,0.5591682723926976,2.9745095099883576,3.064380844243235,3.532,5,False
1767,0.5588076759391045,2.9730162254796677,3.0641455467942715,3.5340000000000003,5,False
1768,0.5584608666369082,2.9715403267622995,3.0639277970394483,3.536,5,False
1769,0.5581278849420094,2.9700818807105325,3.063727669097317,3.5380000000000003,5,False
1770,0.5578087713103086,2.9686409541986465,3.0635452370864327,3.54,5,False
1771,0.5575035661977065,2.9672176141009188,3.063380575125345,3.5420000000000003,5,False
1772,0.5572123100601035,2.9658119272916306,3.0632337573326085,3.544,5,False
1773,0.5569350433534004,2.96442396064506,3.063104857826775,3.5460000000000003,5,False
1774,0.5566718065334976,2.9630537810354856,3.0629939507263955,3.548,5,False
1775,0.5564226400562958,2.9617014553371876,3.0629011101500243,3.5500000000000003,5,False
1776,0.5561875843776957,2.960367050424445,3.0628264102162124,3.552,5,False
1777,0.5559666799535975,2.959050633171535,3.0627699250435123,3.5540000000000003,5,False
1778,0.5557599672399022,2.95775227045274,3.0627317287504776,3.556,5,False
1779,0.55556748669251,2.9564720291423354,3.0627118954556587,3.5580000000000003,5,False
1780,0.5553892787673218,2.955209976114604,3.0627104992776104,3.56,5,False
1781,0.5552253839202381,2.953966178243822,3.0627276143348827,3.5620000000000003,5,False
1782,0.5550758426071594,2.9527407024042702,3.062763314746029,3.564,5,False
1783,0.5549406952839863,2.951533615470227,3.0628176746296027,3.5660000000000003,5,False
1784,0.5548199824066193,2.9503449843159717,3.0628907681041544,3.568,5,False
1785,0.5547137444309593,2.949174875815783,3.062982669288238,3.5700000000000003,5,False
1786,0.5546220218129068,2.948023356843941,3.063093452300404,3.572,5,False
1787,0.554544855008362,2.9468904942747236,3.0632231912592065,3.5740000000000003,5,False
1788,0.5544822844732259,2.945776354982411,3.063371960283198,3.576,5,False
1789,0.554434350663399,2.944681005841282,3.063539833490929,3.5780000000000003,5,True
1790,0.5544010940347817,2.9436045137256155,3.0637268850009542,3.58,5,False
1791,0.5543825550432747,2.94254694550969,3.0639331889318244,3.5820000000000003,5,False
1792,0.5543787741447785,2.9415083680677854,3.064158819402092,3.584,5,False
1793,0.5543897917951939,2.940488848274181,3.0644038505303106,3.586,5,False
1794,0.5544156484504215,2.9394884530031553,3.064668356435031,3.588,5,False
1795,0.5544563845663615,2.9385072491289876,3.064952411234807,3.59,5,False
1796,0.5545120405989148,2.937545303525957,3.0652560890481895,3.592,5,False
1797,0.5545826570039818,2.936602683068343,3.065579463993732,3.594,5,False
1798,0.5546682742374633,2.935679454630424,3.065922610189987,3.596,5,False
1799,0.5547689327552596,2.9347756850864792,3.066285601755506,3.598,5,False
1800,0.5548846730132717,2.933891441310789,3.066668512808842,3.6,5,False
1801,0.5550155354673998,2.9330267901776303,3.067071417468547,3.602,5,False
1802,0.5551615605735447,2.932181798561284,3.067494389853174,3.604,5,False
1803,0.5553227887876069,2.9313565333360287,3.067937504081274,3.606,5,False
1804,0.555499260565487,2.9305510613761436,3.0684008342714018,3.608,5,False
1805,0.5556910163630855,2.929765449555908,3.0688844545421077,3.61,5,False
1806,0.5558980966363032,2.9289997647495998,3.069388439011945,3.612,5,False
1807,0.5561205418410404,2.928254073831499,3.069912861799465,3.614,5,False
1808,0.5563583924331978,2.927528443675885,3.0704577970232214,3.616,5,False
1809,0.5566116888686761,2.9268229411570363,3.0710233188017657,3.618,5,False
1810,0.5568804716033757,2.9261376331492324,3.0716095012536506,3.62,5,False
1811,0.5571647810931973,2.9254725865267526,3.0722164184974283,3.622,5,False
1812,0.5574646577940415,2.9248278681638746,3.0728441446516515,3.624,5,False
1813,0.5577801421618088,2.9242035449348798,3.0734927538348726,3.626,5,False
1814,0.5581112746523997,2.9235996837140457,3.0741623201656436,3.628,5,True
1815,0.5584580957217153,2.923016351375652,3.0748529177625175,3.63,5,False
1816,0.5588206458256555,2.9224536147939766,3.0755646207440455,3.632,5,False
1817,0.5591989654201212,2.9219115408433014,3.0762975032287816,3.634,5,False
1818,0.5595930949610131,2.921390196397903,3.077051639335277,3.636,5,False
1819,0.5600030749042314,2.9208896483320608,3.0778271031820843,3.638,5,False
1820,0.560428945705677,2.920409963520054,3.078623968887756,3.64,5,False
1821,0.5608707478212505,2.9199512088361628,3.079442310570844,3.642,5,False
1822,0.5613285217068524,2.919513451154666,3.0802822023499026,3.644,5,False
1823,0.5618023078183831,2.9190967573498416,3.0811437183434807,3.646,5,False
1824,0.5622921466117435,2.918701194295969,3.0820269326701335,3.648,5,False
1825,0.5627980785428341,2.918326828867329,3.0829319194484133,3.65,5,False
1826,0.5633201440675555,2.917973727938199,3.0838587527968713,3.652,5,False
1827,0.5638583836418081,2.917641958382858,3.0848075068340597,3.654,5,False
1828,0.5644128377214925,2.9173315870755854,3.0857782556785316,3.656,5,False
1829,0.5649835467625094,2.917042680890661,3.0867710734488396,3.658,5,False
1830,0.5655705512207595,2.916775306702364,3.0877860342635364,3.66,5,False
1831,0.566173891552143,2.916529531384972,3.0888232122411723,3.662,5,False
1832,0.5667936082125612,2.9163054218127655,3.0898826815003018,3.664,5,False
1833,0.5674297416579137,2.916103044860023,3.0909645161594765,3.666,5,False
1834,0.568082332344102,2.915922467401024,3.092068790337249,3.668,5,False
1835,0.568751420727026,2.9157637563100476,3.0931955781521716,3.67,5,False
1836,0.5694370472625867,2.915626978461372,3.0943449537227963,3.672,5,False
1837,0.5701392524066844,2.9155122007292773,3.0955169911676754,3.674,5,False
1838,0.57085807661522,2.915419489988042,3.0967117646053626,3.676,5,False
1839,0.5715935603440937,2.9153489131119454,3.097929348154408,3.678,5,True
1840,0.5723457440492067,2.9153005369752676,3.099169815933367,3.68,5,False
1841,0.5731146681864588,2.9152744284522862,3.100433242060789,3.682,5,False
1842,0.5739003732117511,2.9152706544172817,3.101719700655228,3.684,5,False
1843,0.574702899580984,2.9152892817445313,3.103029265835236,3.686,5,False
1844,0.5755222877500582,2.915330377308316,3.104362011719365,3.688,5,False
1845,0.5763585781748741,2.915394007982914,3.1057180124261685,3.69,5,False
1846,0.5772118113113327,2.915480240642605,3.1070973420741983,3.692,5,False
1847,0.5780820276153342,2.915589142161667,3.1085000747820066,3.694,5,False
1848,0.578969267542779,2.91572077941438,3.109926284668145,3.696,5,False
1849,0.5798735715495681,2.915875219275023,3.1113760458511672,3.698,5,False
1850,0.5807949800916021,2.9160525286178753,3.112849432449625,3.7,5,False
1851,0.5817335336247811,2.916252774317215,3.114346518582071,3.702,5,False
1852,0.5826892726050061,2.916476023247322,3.1158673783670574,3.704,5,False
1853,0.5836622374881777,2.916722342282476,3.1174120859231365,3.706,5,False
1854,0.5846524687301964,2.916991798296955,3.1189807153688607,3.708,5,False
1855,0.5856600067869626,2.917284458165039,3.1205733408227827,3.71,5,False
1856,0.5866848921143774,2.9176003887610067,3.122190036403455,3.712,5,False
1857,0.5877271651683403,2.9179396569591365,3.1238308762294285,3.714,5,False
1858,0.5887868664047533,2.9183023296337085,3.125495934419258,3.716,5,False
1859,0.5898640362795158,2.9186884736590013,3.1271852850914934,3.718,5,False
1860,0.5909587152485294,2.919098155909295,3.1288990023646894,3.72,5,False
1861,0.5920709437676936,2.9195314432588666,3.1306371603573955,3.722,5,False
1862,0.5932007622929099,2.919988402581997,3.1323998331881673,3.724,5,False
1863,0.5943482112800783,2.920469100752965,3.1341870949755544,3.726,5,False
1864,0.5955133311850997,2.9209736046460497,3.1359990198381116,3.728,5,True
1865,0.5966961624638747,2.9215019811355294,3.1378356818943898,3.73,5,False
1866,0.5978967455723037,2.922054297095684,3.139697155262942,3.732,5,False
1867,0.5991151209662872,2.922630619400793,3.1415835140623196,3.734,5,False
1868,0.6003513291017263,2.9232310149251353,3.1434948324110765,3.736,5,False
1869,0.6016054104345208,2.9238555505429886,3.145431184427763,3.738,5,False
1870,0.6028774054205719,2.924504293128633,3.1473926442309335,3.74,5,False
1871,0.6041673545157799,2.9251773095563482,3.1493792859391387,3.742,5,False
1872,0.6054752981760456,2.9258746667004134,3.151391183670934,3.744,5,False
1873,0.6068012768572695,2.9265964314351063,3.1534284115448674,3.746,5,False
1874,0.6081453310153522,2.9273426706347063,3.1554910436794947,3.748,5,False
1875,0.609507501106194,2.9281134511734948,3.1575791541933675,3.75,5,False
1876,0.6108878275856959,2.928908839925748,3.1596928172050367,3.7520000000000002,5,False
1877,0.612286350909758,2.9297289037657457,3.161832106833056,3.754,5,False
1878,0.6137031115342816,2.930573709567768,3.1639970971959777,3.7560000000000002,5,False
1879,0.6151381499151664,2.931443324206093,3.1661878624123534,3.758,5,False
1880,0.6165915065083137,2.9323378145550003,3.168404476600737,3.7600000000000002,5,False
1881,0.6180632217696237,2.9332572474887693,3.1706470138796794,3.762,5,False
1882,0.6195533361549974,2.9342016898816787,3.1729155483677336,3.7640000000000002,5,False
1883,0.6210618901203346,2.935171208608008,3.175210154183452,3.766,5,False
1884,0.622588924121537,2.9361658705420353,3.177530905445387,3.7680000000000002,5,False
1885,0.6241344786145041,2.937185742558041,3.1798778762720907,3.77,5,False
1886,0.6256985940551372,2.9382308915303037,3.1822511407821166,3.7720000000000002,5,False
1887,0.6272813108993365,2.939301384333102,3.184650773094015,3.774,5,False
1888,0.6288826696030028,2.9403972878407156,3.187076847326339,3.7760000000000002,5,False
1889,0.6305027106220364,2.941518668927424,3.1895294375976424,3.778,5,True
1890,0.6321414744123384,2.9426655944675044,3.1920086180264757,3.7800000000000002,5,False
1891,0.6337990014298086,2.9438381313352378,3.194514462731392,3.782,5,False
1892,0.6354753321303485,2.945036346404902,3.197047045830945,3.7840000000000003,5,False
1893,0.6371705069698578,2.946260306550778,3.199606441443685,3.786,5,False
1894,0.638884566404238,2.9475100786471438,3.2021927236881655,3.7880000000000003,5,False
1895,0.6406175508893888,2.948785729568278,3.204805966682938,3.79,5,False
1896,0.6423695008812115,2.950087326188461,3.207446244546557,3.7920000000000003,5,False
1897,0.6441404568356061,2.9514149353819707,3.210113631397572,3.794,5,False
1898,0.6459304592084739,2.952768624023087,3.2128082013545383,3.7960000000000003,5,False
1899,0.6477395484557142,2.954148458986087,3.2155300285360044,3.798,5,False
1900,0.6495677650332292,2.9555545071452527,3.218279187060527,3.8000000000000003,5,False
1901,0.6514151493969181,2.9569868353748614,3.2210557510466553,3.802,5,False
1902,0.6532817420026826,2.9584455105491934,3.2238597946129435,3.8040000000000003,5,False
1903,0.6551675833064224,2.9599305995425267,3.226691391877943,3.806,5,False
1904,0.6570727137640388,2.9614421692291413,3.229550616960207,3.8080000000000003,5,False
1905,0.6589971738314317,2.9629802864833152,3.232437543978287,3.81,5,False
1906,0.6609410039645023,2.9645450181793285,3.235352247050736,3.8120000000000003,5,False
1907,0.6629042446191505,2.96613643119146,3.238294800296106,3.814,5,False
1908,0.6648869362512778,2.9677545923939888,3.24126527783295,3.8160000000000003,5,False
1909,0.6668891193167839,2.969399568661194,3.244263753779819,3.818,5,False
1910,0.6689108342715699,2.971071426867354,3.247290302255267,3.8200000000000003,5,False
1911,0.6709521215715358,2.9727702338867488,3.2503449973778444,3.822,5,False
1912,0.6730130216725834,2.974496056593659,3.253427913266107,3.8240000000000003,5,False
1913,0.6750935750306118,2.97624896186236,3.256539124038603,3.826,5,False
1914,0.6771938221015228,2.9780290165671337,3.259678703813888,3.8280000000000003,5,True
1915,0.6793138033412162,2.979836287582258,3.262846726710513,3.83,5,False
1916,0.6814535592055933,2.981670841782014,3.266043266847031,3.8320000000000003,5,False
1917,0.6836131301505535,2.9835327460406784,3.2692683983419926,3.834,5,False
1918,0.6857925566319987,2.9854220672325305,3.2725221953139525,3.8360000000000003,5,False
1919,0.6879918791058285,2.9873388722318506,3.275804731881461,3.838,5,False
1920,0.6902111380279436,2.9892832279129165,3.2791160821630716,3.84,5,False
1921,0.6924503738542456,2.991255201150009,3.282456320277338,3.842,5,False
1922,0.6947096270406339,2.993254858817406,3.2858255203428106,3.844,5,False
1923,0.6969889380430099,2.995282267789387,3.2892237564780418,3.846,5,False
1924,0.6992883473172734,2.997337494940231,3.2926511028015852,3.848,5,False
1925,0.701607895319326,2.9994206071442173,3.296107633431993,3.85,5,False
1926,0.703947622505067,3.001531671275625,3.2995934224878156,3.852,5,False
1927,0.7063075693303984,3.0036707542087324,3.3031085440876082,3.854,5,False
1928,0.7086877762512193,3.005837922817819,3.3066530723499215,3.856,5,False
1929,0.7110882837234318,3.0080332439771658,3.310227081393309,3.858,5,False
1930,0.7135091322029351,3.010256784561049,3.3138306453363207,3.86,5,False
1931,0.7159503621456308,3.01250861144375,3.3174638382975123,3.862,5,False
1932,0.7184120140074186,3.0147887914995453,3.321126734395433,3.864,5,False
1933,0.7208941282442003,3.017097391602717,3.3248194077486373,3.866,5,False
1934,0.7233967453118751,3.019434478627542,3.328541932475677,3.868,5,False
1935,0.7259199056663448,3.0218001194483004,3.332294382695104,3.87,5,False
1936,0.7284636497635087,3.024194380939271,3.336076832525471,3.872,5,False
1937,0.7310280180592689,3.026617329974733,3.3398893560853313,3.874,5,False
1938,0.7336130510095246,3.029069033428966,3.343732027493236,3.876,5,False
1939,0.7362187890701775,3.031549558176248,3.347604920867738,3.878,5,True
1940,0.7388452726971271,3.034058971090859,3.351508110327389,3.88,5,False
1941,0.741492542346275,3.036597339047078,3.355441669990743,3.882,5,False
1942,0.7441606384735209,3.039164728919184,3.35940567397635,3.884,5,False
1943,0.7468496015347663,3.041761207581456,3.3634001964027647,3.886,5,False
1944,0.7495594719859109,3.0443868419081737,3.367425311388539,3.888,5,False
1945,0.752290290282856,3.047041698773615,3.3714810930522234,3.89,5,False
1946,0.7550420968815013,3.0497258450520595,3.3755676155123715,3.892,5,False
1947,0.7578149322377488,3.052439347617787,3.379684952887538,3.894,5,False
1948,0.7606088368074975,3.0551822733450757,3.383833179296271,3.896,5,False
1949,0.7634238510466492,3.0579546891082057,3.388012368857126,3.898,5,False
1950,0.7662600154111034,3.060756661781455,3.3922225956886534,3.9,5,False
1951,0.769117370356762,3.063588258239104,3.3964639339094074,3.902,5,False
1952,0.7719959563395241,3.0664495453554306,3.4007364576379393,3.904,5,False
1953,0.7748958138152919,3.069340590004715,3.4050402409928022,3.906,5,False
1954,0.7778169832399643,3.0722614590612345,3.4093753580925465,3.908,5,False
1955,0.7807595050694435,3.07521221939927,3.413741883055728,3.91,5,False
1956,0.7837234197596286,3.0781929378930997,3.4181398900008952,3.912,5,False
1957,0.7867087677664214,3.081203681417003,3.422569453046604,3.914,5,False
1958,0.7897155895457215,3.084244516845259,3.427030646311404,3.916,5,False
1959,0.7927439255534305,3.087315511052147,3.4315235439138494,3.918,5,False
1960,0.7957938162454478,3.0904167309119455,3.4360482199724913,3.92,5,False
1961,0.7988653020776753,3.093548243298936,3.4406047486058844,3.922,5,False
1962,0.8019584235060123,3.096710115087393,3.445193203932577,3.924,5,False
1963,0.8050732209863602,3.0999024131515993,3.449813660071125,3.926,5,False
1964,0.8082097349746193,3.103125204365833,3.45446619114008,3.928,5,True
1965,0.8113680059266907,3.1063785556043735,3.459150871257994,3.93,5,False
1966,0.8145480742984738,3.1096625337414987,3.463867774543418,3.932,5,False
1967,0.8177499805458704,3.112977205651489,3.468616975114907,3.934,5,False
1968,0.8209737651247804,3.116322638208623,3.473398547091012,3.936,5,False
1969,0.8242194684911051,3.119698898287181,3.4782125645902866,3.938,5,False
1970,0.8274871311007438,3.1231060527614396,3.48305910173128,3.94,5,False
1971,0.8307767934095985,3.12654416850568,3.487938232632548,3.942,5,False
1972,0.8340884958735684,3.1300133123941793,3.4928500314126403,3.944,5,False
1973,0.8374222789485557,3.1335135513012204,3.497794572190113,3.946,5,False
1974,0.8407781830904592,3.1370449521010775,3.5027719290835133,3.948,5,False
1975,0.8441562487551814,3.140607581668034,3.507782176211399,3.95,5,False
1976,0.8475565163986206,3.1442015068763647,3.512825387692317,3.952,5,False
1977,0.8509790264766797,3.1478267946003538,3.5179016376448247,3.954,5,False
1978,0.8544238194452577,3.151483511714277,3.5230110001874717,3.956,5,False
1979,0.8578909357602561,3.155171725092414,3.528153549438811,3.958,5,False
1980,0.8613804158775745,3.1588915016090433,3.5333293595173947,3.96,5,False
1981,0.8648923002531151,3.162642908138446,3.538538504541777,3.962,5,False
1982,0.8684266293427766,3.1664260115548997,3.5437810586305067,3.964,5,False
1983,0.8719834436024609,3.1702408787326832,3.549057095902139,3.966,5,False
1984,0.8755627834880677,3.1740875765460768,3.5543666904752254,3.968,5,False
1985,0.8791646894554987,3.1779661718693593,3.559709916468319,3.97,5,False
1986,0.8827892019606529,3.1818767315768084,3.5650868479999698,3.972,5,False
1987,0.8864363614594327,3.185819322542706,3.5704975591887336,3.974,5,False
1988,0.890106208407737,3.189794011641328,3.57594212415316,3.976,5,False
1989,0.8937987832614681,3.193800865746956,3.581420617011804,3.978,5,False
1990,0.8975141264765246,3.1978399517338674,3.586933111883214,3.98,5,False
1991,0.9012522785088088,3.2019113364763423,3.592479682885947,3.982,5,False
1992,0.9050132798142203,3.2060150868486597,3.598060404138552,3.984,5,False
1993,0.9087971708486604,3.210151269725099,3.6036753497595835,3.986,5,False
1994,0.9126039920680284,3.214319951979938,3.609324593867591,3.988,5,False
1995,0.9164337839282268,3.218521200487458,3.6150082105811316,3.99,5,False
1996,0.920286586885154,3.222755082121935,3.620726274018752,3.992,5,False
1997,0.9241624413947129,3.227021663757652,3.62647885829901,3.994,5,False
1998,0.9280613879128021,3.231321012268885,3.632266037540454,3.996,5,False
1999,0.9319834668953236,3.2356531945299145,3.638087885861639,3.998,5,False
2000,0.9359287187981766,3.2400182774150186,3.6439444773811145,4.0,5,False
2001,0.9398971840772627,3.2444163277984766,3.649835886217435,4.002,5,False
2002,0.9438889031884837,3.2488474125545705,3.6557621864891545,4.0040000000000004,5,False
2003,0.947903916587737,3.2533115985575742,3.6617234523148205,4.006,5,False
2004,0.9519422647309248,3.25780895268177,3.6677197578129888,4.008,5,False
2005,0.9560039880739482,3.2623395418014374,3.6737511771022113,4.01,5,False
2006,0.9600891270727089,3.266903432790856,3.6798177843010436,4.0120000000000005,5,False
2007,0.9641977221831042,3.2715006925243015,3.6859196535280305,4.014,5,False
2008,0.9683298138610367,3.276131387876056,3.69205685890173,4.016,5,False
2009,0.9724854425624062,3.280795585720397,3.6982294745406925,4.018,5,False
2010,0.9766646487431158,3.285493352931606,3.704437574563473,4.0200000000000005,5,False
2011,0.9808674728590625,3.290224756383959,3.7106812330886205,4.022,5,False
2012,0.9850939553661482,3.2949898629517365,3.716960524234688,4.024,5,False
2013,0.9893441367202738,3.299788739509217,3.7232755221202276,4.026,5,False
2014,0.9936180573773417,3.3046214529306828,3.7296263008637967,4.0280000000000005,5,False
2015,0.9979157577932494,3.309488070090409,3.736012934583941,4.03,5,False
2016,1.0022372784238978,3.3143886578626747,3.7424354973992147,4.032,5,False
2017,1.0065826597251886,3.319323283121762,3.748894063428171,4.034,5,False
2018,1.0109519421530244,3.32429201274195,3.7553887067893665,4.0360000000000005,5,False
2019,1.0153451661633017,3.329294913597514,3.761919501601345,4.038,5,False
2020,1.0197623722119227,3.334332052562736,3.7684865219826644,4.04,5,False
2021,1.0242036007547883,3.339403496511894,3.7750898420518753,4.042,5,False
2022,1.028668892247801,3.3445093123192704,3.781729535927533,4.0440000000000005,5,False
2023,1.0331582871468572,3.349649566859138,3.788405677728185,4.046,5,False
2024,1.0376718259078597,3.3548243270057805,3.7951183415723864,4.048,5,False
2025,1.0422095489867096,3.3600336596334763,3.8018676015786896,4.05,5,False
2026,1.0467714968393087,3.365277631616506,3.8086535318656503,4.0520000000000005,5,False
2027,1.0513577099215536,3.3705563098291442,3.8154762065518137,4.054,5,False
2028,1.055968228689347,3.3758697611456725,3.8223356997557354,4.056,5,False
2029,1.0606030935985897,3.3812180524403703,3.8292320855959687,4.058,5,False
2030,1.0652623451051846,3.3866012505875203,3.836165438191069,4.0600000000000005,5,False
2031,1.0699460236650273,3.392019422461394,3.8431358316595814,4.062,5,False
2032,1.0746541697340217,3.3974726349362765,3.8501433401200633,4.064,5,False
2033,1.079386823768067,3.402960954886442,3.8571880376910643,4.066,5,False
2034,1.0841440262230668,3.4084844491861768,3.8642699984911424,4.0680000000000005,5,False
2035,1.0889258175549168,3.4140431847097523,3.871389296638842,4.07,5,False
2036,1.0937322382195203,3.4196372283314505,3.8785460062527193,4.072,5,False
2037,1.0985633286727778,3.425266646925552,3.8857402014513274,4.074,5,False
2038,1.103419129370592,3.4309315073663376,3.8929719563532217,4.0760000000000005,5,False
2039,1.1082996807688585,3.4366318765280797,3.9002413450769455,4.078,5,False
2040,1.1132050233234814,3.442367821285062,3.907548441741059,4.08,5,False
2041,1.11813519749036,3.448139408511564,3.9148933204641114,4.082,5,False
2042,1.1230902437253978,3.453946705081866,3.9222760553646596,4.0840000000000005,5,False
2043,1.1280702024844906,3.459789777870242,3.929696720561248,4.086,5,False
2044,1.1330751142235416,3.4656686937509735,3.9371553901724328,4.088,5,False
2045,1.1381050193984508,3.47158351959834,3.9446521383167674,4.09,5,False
2046,1.1431599584651213,3.477534322286624,3.9521870391128067,4.0920000000000005,5,False
2047,1.1482399718794496,3.483521168690099,3.959760166679096,4.094,5,False
2048,1.1533451000973383,3.4895441256830466,3.967371595134194,4.096,5,False
2049,1.1584753835746877,3.495603260139745,3.9750213985966485,4.098,5,False
2050,1.1636308627673984,3.5016986389344744,3.9827096511850146,4.1,5,False
2051,1.1688115781313735,3.507830328941516,3.990436427017847,4.102,5,False
2052,1.1740175701225088,3.513998397035144,3.9982018002136925,4.104,5,False
2053,1.1792488791967075,3.52020291008964,4.006005844891106,4.106,5,False
2054,1.18450554580987,3.526443934979283,4.01384863516864,4.108,5,False
2055,1.189787610417899,3.5327215385783544,4.02173024516485,4.11,5,False
2056,1.195095113476691,3.5390357877611294,4.029650748998282,4.112,5,False
2057,1.2004280954421485,3.5453867494018882,4.037610220787492,4.114,5,False
2058,1.2057865967701717,3.5517744903749104,4.045608734651032,4.116,5,False
2059,1.2111706579166641,3.5581990775544785,4.053646364707458,4.118,5,False
2060,1.2165803193375215,3.564660577814865,4.061723185075314,4.12,5,False
2061,1.222015621488647,3.5711590580303527,4.069839269873159,4.122,5,False
2062,1.2274766048259407,3.5776945850752204,4.0779946932195426,4.124,5,False
2063,1.2329633098053059,3.58426722582375,4.086189529233022,4.126,5,False
2064,1.2384757768826382,3.5908770471502147,4.094423852032142,4.128,5,False
2065,1.244014046513841,3.5975241159288975,4.102697735735459,4.13,5,False
2066,1.2495781591548147,3.6042084990340766,4.111011254461526,4.132,5,False
2067,1.2551681552614617,3.610930263340033,4.119364482328896,4.134,5,False
2068,1.2607840752896786,3.617689475721042,4.127757493456118,4.136,5,False
2069,1.2664259596953678,3.624486203051384,4.136190361961744,4.138,5,False
2070,1.27209384893443,3.6313205122053387,4.14466316196433,4.14,5,False
2071,1.2777877834627687,3.6381924700571893,4.153175967582431,4.142,5,False
2072,1.2835078037362793,3.645102143481207,4.1617288529345915,4.144,5,False
2073,1.2892539502108644,3.6520495993516757,4.170321892139367,4.146,5,False
2074,1.295026263342425,3.6590349045428727,4.1789551593153105,4.148,5,False
2075,1.300824783586865,3.6660581259290828,4.18762872858098,4.15,5,False
2076,1.306649551400078,3.6731193303845755,4.196342674054916,4.152,5,False
2077,1.3125006072379686,3.6802185847836357,4.205097069855679,4.154,5,False
2078,1.3183779915564369,3.687355956000541,4.213891990101819,4.156,5,False
2079,1.3242817448113866,3.6945315109095755,4.222727508911893,4.158,5,False
2080,1.3302119074587124,3.701745316385009,4.231603700404445,4.16,5,False
2081,1.3361685199543176,3.7089974393011267,4.240520638698032,4.162,5,False
2082,1.342151622754103,3.7162879465322063,4.249478397911206,4.164,5,False
2083,1.3481612563139722,3.723616904952531,4.258477052162525,4.166,5,False
2084,1.3541974610898195,3.7309843814363717,4.26751667557053,4.168,5,False
2085,1.3602602775375487,3.7383904428580124,4.27659734225378,4.17,5,False
2086,1.3663497461130607,3.7458351560917307,4.285719126330826,4.172,5,False
2087,1.3724659072722583,3.753318588011812,4.294882101920226,4.174,5,False
2088,1.3786088014710367,3.760840805492525,4.304086343140522,4.176,5,False
2089,1.3847784691652991,3.768401875408153,4.313331924110271,4.178,5,False
2090,1.3909749508109468,3.7760018646329785,4.322618918948028,4.18,5,False
2091,1.3971982868638824,3.78364084004128,4.331947401772348,4.182,5,False
2092,1.4034485177800011,3.791318868507332,4.341317446701773,4.184,5,False
2093,1.4097256840152064,3.7990360169054154,4.350729127854862,4.186,5,False
2094,1.416029826025399,3.8067923521098113,4.360182519350167,4.188,5,False
2095,1.4223609842664826,3.814587940994802,4.369677695306246,4.19,5,False
2096,1.4287191991943509,3.822422850434657,4.379214729841639,4.192,5,False
2097,1.4351045112649081,3.8302971473036607,4.388793697074904,4.194,5,False
2098,1.441516960934055,3.838210898476094,4.398414671124595,4.196,5,False
2099,1.4479565886576953,3.846164170826237,4.408077726109269,4.198,5,False
2100,1.4544234348917227,3.8541570312283615,4.417782936147466,4.2,5,False
2101,1.4609175400920411,3.8621895465567517,4.427530375357747,4.202,5,False
2102,1.4674389447145515,3.8702617836856863,4.437320117858662,4.204,5,False
2103,1.4739876892151575,3.8783738094894478,4.447152237768769,4.206,5,False
2104,1.4805638140497535,3.886525690842309,4.457026809206609,4.208,5,False
2105,1.4871673596742432,3.8947174946185514,4.466943906290744,4.21,5,False
2106,1.493798366544527,3.902949287692454,4.476903603139721,4.212,5,False
2107,1.5004568751165082,3.911221136938301,4.4869059738721,4.214,5,False
2108,1.5071429258460818,3.919533109230362,4.496951092606423,4.216,5,False
2109,1.5138565591891513,3.9278852714429227,4.507039033461248,4.218,5,False
2110,1.520597815601617,3.936277690450259,4.517169870555125,4.22,5,False
2111,1.5273667355393836,3.9447104331266565,4.5273436780066145,4.222,5,False
2112,1.534163359458344,3.9531835663463846,4.537560529934256,4.224,5,False
2113,1.5409877278144029,3.961697156983728,4.547820500456609,4.226,5,False
2114,1.5478398810634606,3.9702512719129643,4.558123663692225,4.228,5,False
2115,1.5547198596614207,3.978845978008377,4.568470093759661,4.23,5,False
2116,1.5616277040641777,3.9874813421442385,4.578859864777461,4.232,5,False
2117,1.5685634547276355,3.9961574311948307,4.589293050864181,4.234,5,False
2118,1.5755271521076946,4.004874312034434,4.5997697261383745,4.236,5,False
2119,1.582518836660258,4.0136320515373285,4.610289964718596,4.238,5,False
2120,1.5895385488412208,4.022430716577787,4.620853840723392,4.24,5,False
2121,1.5965863291064863,4.031270374030094,4.631461428271316,4.242,5,False
2122,1.6036622179119555,4.040151090768528,4.642112801480924,4.244,5,False
2123,1.6107662557135318,4.04907293366737,4.65280803447077,4.246,5,False
2124,1.61789848296711,4.058035969600894,4.6635472013594,4.248,5,False
2125,1.6250589401285929,4.0670402654433815,4.674330376265367,4.25,5,False
2126,1.6322476676538822,4.0760858880691115,4.685157633307227,4.252,5,False
2127,1.6394647059988803,4.085172904352367,4.696029046603535,4.2540000000000004,5,False
2128,1.6467100956194825,4.094301381167421,4.7069446902728345,4.256,5,False
2129,1.6539838769715927,4.103471385388555,4.7179046384336845,4.258,5,False
2130,1.6612860905111102,4.112682983890047,4.728908965204633,4.26,5,False
2131,1.6686167766939404,4.121936243546182,4.739957744704243,4.2620000000000005,5,False
2132,1.6759759759759763,4.131231231231231,4.751051051051052,4.264,5,False
