,x,y,z,t,batnum,emission_point
0,0.570870870870871,4.457957957957958,3.4249249249249254,0.0,1,False
1,0.5993418217421693,4.444050032064919,3.4100133178604928,0.002,1,False
2,0.6276134014626211,4.4302004718327,3.3952426006300076,0.004,1,False
3,0.6556861497033442,4.416409176769862,3.3806123364009593,0.006,1,False
4,0.6835606061354558,4.402676046384966,3.366122088340835,0.008,1,False
5,0.7112373104300745,4.3890009801865775,3.3517714196171258,0.01,1,False
6,0.7387168022583178,4.375383877683257,3.337559893397321,0.012,1,False
7,0.7659996212913041,4.361824638383569,3.3234870728489114,0.014,1,False
8,0.7930863072001505,4.348323161796074,3.3095525211393837,0.016,1,False
9,0.8199773996559753,4.334879347429336,3.295755801436229,0.018000000000000002,1,False
10,0.8466734383298965,4.3214930947919195,3.282096476906939,0.02,1,False
11,0.8731749628930313,4.308164303392382,3.2685741107189985,0.022,1,False
12,0.8994825130164985,4.294892872739292,3.2551882660399007,0.024,1,False
13,0.9255966283714153,4.281678702341209,3.241938506037133,0.026000000000000002,1,False
14,0.9515178486288997,4.2685216917066935,3.228824393878185,0.028,1,False
15,0.9772467134600697,4.255421740344313,3.2158454927305478,0.03,1,False
16,1.0027837625360432,4.242378747762628,3.20300136576171,0.032,1,False
17,1.0281295355279376,4.229392613470199,3.1902915761391597,0.034,1,False
18,1.053284572106871,4.216463236975592,3.177715687030388,0.036000000000000004,1,False
19,1.0782494119439618,4.203590517787368,3.1652732616028842,0.038,1,False
20,1.1030245947103272,4.1907743554140895,3.1529638630241372,0.04,1,False
21,1.1276106600770854,4.178014649364321,3.140787054461637,0.042,1,False
22,1.1520081477153543,4.165311299146622,3.1287423990828738,0.044,1,False
23,1.1762175972962514,4.1526642042695565,3.1168294600553343,0.046,1,False
24,1.2002395484908945,4.140073264241689,3.105047800546511,0.048,1,False
25,1.2240745409704024,4.127538378571579,3.0933969837238915,0.05,1,False
26,1.2477231144058918,4.115059446767791,3.081876572754967,0.052000000000000005,1,False
27,1.2711858084684813,4.102636368338888,3.0704861308072244,0.054,1,False
28,1.2944631628292884,4.090269042793432,3.0592252210481554,0.056,1,False
29,1.3175557171594314,4.077957369639985,3.0480934066452487,0.058,1,False
30,1.3404640111300277,4.065701248387111,3.0370902507659943,0.06,1,False
31,1.3631885844121954,4.053500578543371,3.0262153165778796,0.062,1,False
32,1.385729976677052,4.041355259617329,3.015468167248397,0.064,1,False
33,1.4080887275957161,4.029265191117548,3.0048483659450347,0.066,1,False
34,1.4302653768393048,4.017230272552589,2.994355475835282,0.068,1,False
35,1.4522604640789365,4.005250403431014,2.983989060086628,0.07,1,False
36,1.4740745289857287,3.99332548326139,2.9737486818665637,0.07200000000000001,1,False
37,1.4957081112307995,3.981455411552275,2.963633904342576,0.074,1,False
38,1.5171617504852666,3.969640087812234,2.953644290682157,0.076,1,False
39,1.538435986420248,3.9578794115498286,2.9437794040527945,0.078,1,False
40,1.5595313587068615,3.946173282273622,2.934038807621979,0.08,1,False
41,1.5804484070162252,3.9345215994921774,2.9244220645571994,0.082,1,False
42,1.6011876710194566,3.922924262714056,2.914928738025946,0.084,1,False
43,1.6217496903876736,3.9113811714478213,2.9055583911957057,0.08600000000000001,1,False
44,1.642135004791994,3.899892225202035,2.8963105872339705,0.088,1,False
45,1.6623441539035357,3.888457323485262,2.88718488930823,0.09,1,False
46,1.6823776773934176,3.8770763658060634,2.878180860585973,0.092,1,False
47,1.7022361149327563,3.865749251673002,2.8692980642346892,0.094,1,False
48,1.7219200061926698,3.85447588059464,2.860536063421866,0.096,1,False
49,1.7414298908442762,3.843256152079541,2.851894421314996,0.098,1,False
50,1.760766308558693,3.8320899656362655,2.843372701081566,0.1,1,False
51,1.7799297990070393,3.820977220773379,2.834970465889068,0.10200000000000001,1,False
52,1.7989209018604315,3.8099178169994423,2.826687278904989,0.10400000000000001,1,False
53,1.8177401567899878,3.798911653823018,2.8185227032968196,0.106,1,False
54,1.8363881034668266,3.7879586307526707,2.8104763022320505,0.108,1,False
55,1.8548652815620656,3.777058647296961,2.802547638878169,0.11,1,False
56,1.8731722307468228,3.766211602964453,2.794736276402666,0.112,1,False
57,1.891309490692215,3.7554173972637073,2.787041777973031,0.114,1,False
58,1.9092776010693615,3.744675929703287,2.7794637067567516,0.116,1,False
59,1.9270771015493797,3.733987099791758,2.7720016259213205,0.11800000000000001,1,False
60,1.9447085318033868,3.7233508070376797,2.764655098634224,0.12,1,False
61,1.962172431502501,3.7127669509496157,2.7574236880629543,0.122,1,False
62,1.979469340317841,3.7022354310361276,2.750306957374999,0.124,1,False
63,1.996599797920523,3.691756146805778,2.7433044697378475,0.126,1,False
64,2.013564343981667,3.6813289977671326,2.7364157883189897,0.128,1,False
65,2.030363518172389,3.6709538834287505,2.7296404762859154,0.13,1,False
66,2.0469978601638084,3.660630703299196,2.7229780968061146,0.132,1,False
67,2.063467909627041,3.6503593568870314,2.716428213047075,0.134,1,False
68,2.0797742062332065,3.64013974370082,2.709990388176288,0.136,1,False
69,2.095917289653422,3.6299717632491237,2.703664185361242,0.138,1,False
70,2.111897699558806,3.619855315040505,2.6974491677694266,0.14,1,False
71,2.1277159756204753,3.6097902985835266,2.6913448985683317,0.14200000000000002,1,False
72,2.1433726575095493,3.5997766133867515,2.6853509409254452,0.14400000000000002,1,False
73,2.1588682848971437,3.5898141589587422,2.679466858008259,0.146,1,False
74,2.174203397454378,3.579902834808061,2.6736922129842604,0.148,1,False
75,2.1893785348523696,3.5700425404432714,2.668026569020941,0.15,1,False
76,2.2043942367622367,3.560233175372936,2.662469489285789,0.152,1,False
77,2.2192510428550967,3.5504746391056154,2.6570205369462934,0.154,1,False
78,2.233949492802068,3.5407668311498752,2.6516792751699443,0.156,1,False
79,2.2484901262742683,3.5311096510142757,2.6464452671242307,0.158,1,False
80,2.2628734829428145,3.521502998207382,2.641318075976644,0.16,1,False
81,2.2771001024788258,3.511946772237754,2.636297264894671,0.162,1,False
82,2.2911705245534195,3.5024408726139558,2.6313823970458023,0.164,1,False
83,2.3050852888377134,3.4929851988445497,2.626573035597528,0.166,1,False
84,2.318844935002825,3.4835796504380987,2.6218687437173367,0.168,1,False
85,2.332450002719873,3.474224126903165,2.617269084572718,0.17,1,False
86,2.3459010316599747,3.464918527748311,2.6127736213311614,0.17200000000000001,1,False
87,2.359198561494248,3.4556627524821004,2.6083819171601568,0.17400000000000002,1,False
88,2.372343131893811,3.446456700613097,2.6040935352271943,0.176,1,False
89,2.3853352825297813,3.4373002716498586,2.599908038699761,0.178,1,False
90,2.3981755530732776,3.4281933651009524,2.5958249907453483,0.18,1,False
91,2.4108644831954167,3.4191358804749394,2.5918439545314453,0.182,1,False
92,2.4234026125673167,3.410127717280382,2.5879644932255417,0.184,1,False
93,2.435790480860095,3.4011687750258432,2.5841861699951254,0.186,1,False
94,2.4480286277448715,3.3922589532198857,2.5805085480076886,0.188,1,False
95,2.4601175928927614,3.383398151371072,2.576931190430718,0.19,1,False
96,2.4720579159748843,3.374586268987965,2.573453660431705,0.192,1,False
97,2.4838501366623578,3.365823205579127,2.5700755211781385,0.194,1,False
98,2.495494794626299,3.357108860653121,2.5667963358375068,0.196,1,False
99,2.506992429537827,3.3484431337185097,2.5636156675773027,0.198,1,False
100,2.5183435810680583,3.339825924283856,2.560533079565012,0.2,1,False
101,2.5295487888881114,3.3312571318577207,2.5575481349681253,0.202,1,False
102,2.5406085926691038,3.322736655948668,2.554660396954132,0.20400000000000001,1,False
103,2.5515235320821548,3.3142643960652602,2.5518694286905226,0.20600000000000002,1,False
104,2.5622941467983815,3.305840251716061,2.549174793344787,0.20800000000000002,1,False
105,2.5729209764889,3.297464122409631,2.546576054084412,0.21,1,False
106,2.5834045608248304,3.289135907654535,2.544072774076889,0.212,1,False
107,2.59374543947729,3.2808555069593335,2.5416645164897074,0.214,1,False
108,2.603944152117396,3.2726228198325913,2.539350844490357,0.216,1,False
109,2.614001238416267,3.2644377457828693,2.5371313212463256,0.218,1,False
110,2.623917238045021,3.256300184318731,2.535005509925104,0.22,1,False
111,2.633692690674775,3.2482100349487393,2.532972973694182,0.222,1,False
112,2.643328135976647,3.240167197181455,2.531033275721047,0.224,1,False
113,2.6528241136217554,3.232171570525443,2.529185979173192,0.226,1,False
114,2.6621811632812182,3.2242230544892645,2.527430647218103,0.228,1,False
115,2.6713998246261523,3.216321548581484,2.5257668430232716,0.23,1,False
116,2.6804806373276766,3.208466952310662,2.5241941297561863,0.232,1,False
117,2.6894241410569086,3.2006591651853618,2.522712070584337,0.234,1,False
118,2.698230875484966,3.1928980867141465,2.5213202286752128,0.23600000000000002,1,False
119,2.706901380282967,3.1851836164055785,2.5200181671963033,0.23800000000000002,1,False
120,2.7154361951220287,3.1775156537682197,2.518805449315098,0.24,1,False
121,2.72383585967327,3.1698940983106345,2.517681638199087,0.242,1,False
122,2.732100913607808,3.162318849541384,2.516646297015759,0.244,1,False
123,2.740231896596761,3.1547898069690317,2.515698988932604,0.246,1,False
124,2.748229348311247,3.147306870102139,2.5148392771171104,0.248,1,False
125,2.7560938084223836,3.1398699384492703,2.5140667247367685,0.25,1,False
126,2.7638258166012877,3.1324789115189864,2.513380894959068,0.252,1,False
127,2.771425912519079,3.1251336888198518,2.5127813509514985,0.254,1,False
128,2.7788946358468736,3.1178341698604273,2.5122676558815478,0.256,1,False
129,2.7862325262557914,3.1105802541492777,2.5118393729167074,0.258,1,False
130,2.793440123416948,3.1033718411949636,2.5114960652244664,0.26,1,False
131,2.8005179670014626,3.0962088305060487,2.511237295972313,0.262,1,False
132,2.807466596680453,3.089091121591095,2.5110626283277377,0.264,1,False
133,2.814286552125037,3.082018613958666,2.51097162545823,0.266,1,True
134,2.8209783730063314,3.0749912071173235,2.510963850531279,0.268,1,False
135,2.8275425989954566,3.068008800575631,2.511038866714375,0.27,1,False
136,2.8339797697635274,3.06107129384215,2.5111962371750063,0.272,1,False
137,2.840290424981664,3.054178586425444,2.511435525080663,0.274,1,False
138,2.846475104320983,3.047330577834075,2.5117562935988333,0.276,1,False
139,2.852534347452603,3.0405271675766077,2.5121581058970097,0.278,1,False
140,2.8584686940476405,3.033768255161601,2.512640525142678,0.28,1,False
141,2.864278683777216,3.027053740097621,2.5132031145033307,0.28200000000000003,1,False
142,2.8699648563124454,3.0203835218932293,2.5138454371464563,0.28400000000000003,1,False
143,2.8755277513244453,3.0137575000569874,2.5145670562395432,0.28600000000000003,1,False
144,2.8809679084843367,3.0071755740974586,2.5153675349500815,0.28800000000000003,1,False
145,2.8862858674632346,3.000637643523206,2.516246436445561,0.29,1,False
146,2.891482167932259,2.994143607842792,2.517203323893471,0.292,1,False
147,2.8965573495625274,2.987693366564779,2.518237760461302,0.294,1,False
148,2.9015119520251567,2.9812868191977295,2.5193493093165413,0.296,1,False
149,2.9063465149912657,2.9749238652502075,2.5205375336266798,0.298,1,False
150,2.9110615781319717,2.9686044042307733,2.521801996559207,0.3,1,False
151,2.9156576811183927,2.9623283356479924,2.5231422612816115,0.302,1,False
152,2.9201353636216467,2.9560955590104254,2.524557890961384,0.304,1,False
153,2.924495165312851,2.9499059738266347,2.526048448766013,0.306,1,False
154,2.9287376258631244,2.943759479605184,2.5276134978629887,0.308,1,False
155,2.9328632849435836,2.9376559758546352,2.5292526014197994,0.31,1,False
156,2.9368726822253484,2.9315953620835526,2.5309653226039366,0.312,1,False
157,2.940766357379534,2.9255775378004967,2.5327512245828867,0.314,1,False
158,2.9445448500772615,2.9196024025140317,2.534609870524143,0.316,1,True
159,2.948208699989645,2.9136698557327185,2.5365408235951916,0.318,1,False
160,2.9517584467878053,2.907779796965122,2.5385436469635234,0.32,1,False
161,2.955194630142858,2.9019321257198025,2.540617903796628,0.322,1,False
162,2.958517789725925,2.896126741505325,2.542763157261995,0.324,1,False
163,2.961728465208119,2.89036354383025,2.544978970527113,0.326,1,False
164,2.9648271962605603,2.884642432203141,2.5472649067594726,0.328,1,False
165,2.967814522554368,2.878963306132562,2.5496205291265626,0.33,1,False
166,2.970690983760658,2.873326065127073,2.5520454007958717,0.332,1,False
167,2.9734571195505493,2.8677306086952385,2.554539084934891,0.334,1,False
168,2.9761134695951585,2.86217683634562,2.557101144711109,0.336,1,False
169,2.9786605735656044,2.856664647586782,2.5597311432920153,0.338,1,False
170,2.981098971133005,2.8511939419272854,2.5624286438451,0.34,1,False
171,2.983429201968478,2.8457646188756933,2.5651932095378513,0.342,1,False
172,2.985651805743142,2.840376577940569,2.5680244035377604,0.34400000000000003,1,False
173,2.9877673221281116,2.835029718630473,2.5709217890123144,0.34600000000000003,1,False
174,2.98977629079451,2.829723940453971,2.573884929129005,0.34800000000000003,1,False
175,2.9916792514134496,2.8244591429196233,2.5769133870553205,0.35000000000000003,1,False
176,2.9934767436560525,2.8192352255359943,2.580006725958751,0.352,1,False
177,2.9951693071934344,2.8140520878116453,2.5831645090067847,0.354,1,False
178,2.9967574816967137,2.808909629255138,2.586386299366913,0.356,1,False
179,2.998241806837009,2.803807749375038,2.589671660206624,0.358,1,False
180,2.9996228222854353,2.7987463476799057,2.593020154693407,0.36,1,False
181,3.0009010677131145,2.7937253236783044,2.5964313459947532,0.362,1,False
182,3.0020770827911614,2.7887445768787966,2.59990479727815,0.364,1,False
183,3.003151407190695,2.7838040067899454,2.603440071711088,0.366,1,True
184,3.004124580582834,2.778903512920312,2.6070367324610566,0.368,1,False
185,3.0049971426386954,2.7740429947784615,2.610694342695546,0.37,1,False
186,3.005769633029395,2.769222351872954,2.614412465582043,0.372,1,False
187,3.0064425914260546,2.7644414837123543,2.6181906642880395,0.374,1,False
188,3.00701655749979,2.7597002898052234,2.6220285019810246,0.376,1,False
189,3.00749207092172,2.7549986696601256,2.625925541828487,0.378,1,False
190,3.0078696713629602,2.750336522785621,2.6298813469979168,0.38,1,False
191,3.008149898494631,2.7457137486902754,2.633895480656804,0.382,1,False
192,3.0083332919878485,2.741130246882648,2.6379675059726373,0.384,1,False
193,3.0084203915137326,2.7365859168713054,2.6420969861129064,0.386,1,False
194,3.0084117367433976,2.7320806581648056,2.6462834842450995,0.388,1,False
195,3.008307867347966,2.7276143702717155,2.650526563536708,0.39,1,False
196,3.0081093229985516,2.7231869527005963,2.654825787155221,0.392,1,False
197,3.007816643366276,2.7187983049600093,2.6591807182681273,0.394,1,False
198,3.0074303681222525,2.714448326558518,2.6635909200429166,0.396,1,False
199,3.0069510369376036,2.710136917004686,2.668055955647078,0.398,1,False
200,3.0063791894834435,2.705863975807074,2.672575388248102,0.4,1,False
201,3.005715365430893,2.701629402474247,2.677148781013477,0.402,1,False
202,3.0049601044510674,2.6974330965147657,2.6817756971106927,0.404,1,False
203,3.004113946215087,2.6932749574371937,2.6864556997072397,0.406,1,False
204,3.0031774303940666,2.6891548847500926,2.6911883519706055,0.40800000000000003,1,False
205,3.0021510966591283,2.6850727779620276,2.695973217068282,0.41000000000000003,1,False
206,3.0010354846813847,2.681028536581558,2.700809858167756,0.41200000000000003,1,False
207,2.9998311341319592,2.6770220601172485,2.705697838436519,0.41400000000000003,1,False
208,2.998538584681965,2.673053248077661,2.710636721042059,0.41600000000000004,1,True
209,2.9971583760025235,2.6691219999713596,2.7156260691518677,0.418,1,False
210,2.9956910477647503,2.6652282153069047,2.7206654459334323,0.42,1,False
211,2.9941371396397645,2.6613717935928602,2.7257544145542427,0.422,1,False
212,2.9924971912986824,2.657552634337789,2.7308925381817892,0.424,1,False
213,2.990771742412623,2.653770637050252,2.7360793799835603,0.426,1,False
214,2.9889613326527043,2.6500257012388135,2.7413145031270463,0.428,1,False
215,2.987066501690044,2.646317726412036,2.7465974707797365,0.43,1,False
216,2.98508778919576,2.642646612078482,2.75192784610912,0.432,1,False
217,2.98302573484097,2.6390122577467134,2.757305192282687,0.434,1,False
218,2.9808808782967917,2.635414562925294,2.7627290724679257,0.436,1,False
219,2.9786537592343434,2.631853427122786,2.768199049832327,0.438,1,False
220,2.976344917324743,2.628328749847752,2.7737146875433787,0.44,1,False
221,2.973954892239108,2.6248404306087547,2.7792755487685725,0.442,1,False
222,2.971484223648555,2.6213883689143556,2.7848811966753955,0.444,1,False
223,2.968933451224205,2.6179724642731195,2.7905311944313396,0.446,1,False
224,2.966303114637174,2.6145926161936077,2.7962251052038933,0.448,1,False
225,2.9635937535585786,2.6112487241843825,2.8019624921605444,0.45,1,False
226,2.9608059076595388,2.6079406877540072,2.807742918468784,0.452,1,False
227,2.957940116611172,2.604668406411044,2.8135659472961017,0.454,1,False
228,2.954996920084596,2.601431779664057,2.8194311418099867,0.456,1,False
229,2.9519768577509273,2.5982307070216066,2.8253380651779265,0.458,1,False
230,2.9488804692812853,2.595065087992258,2.8312862805674155,0.46,1,False
231,2.945708294346789,2.591934822084571,2.8372753511459385,0.462,1,False
232,2.942460872618553,2.58883980880711,2.843304840080987,0.464,1,False
233,2.939138743767697,2.5857799476684376,2.8493743105400497,0.466,1,True
234,2.93574244746534,2.582755138177115,2.8554833256906167,0.468,1,False
235,2.932272523382596,2.5797652798417072,2.8616314487001766,0.47000000000000003,1,False
236,2.928729511190588,2.5768102721707753,2.8678182427362207,0.47200000000000003,1,False
237,2.9251139505604296,2.5738900146728816,2.8740432709662356,0.47400000000000003,1,False
238,2.921426381163242,2.57100440685659,2.880306096557714,0.47600000000000003,1,False
239,2.917667342670141,2.5681533482304624,2.8866062826781427,0.47800000000000004,1,False
240,2.913837374752244,2.565336738303061,2.8929433924950123,0.48,1,False
241,2.9099370170806695,2.562554476582949,2.8993169891758117,0.482,1,False
242,2.905966809326537,2.55980646257869,2.905726635888032,0.484,1,False
243,2.9019272911609626,2.5570925957988444,2.9121718957991614,0.486,1,False
244,2.8978190022550647,2.5544127757519774,2.918652332076689,0.488,1,False
245,2.8936424822799602,2.55176690194665,2.9251675078881054,0.49,1,False
246,2.8893982709067694,2.549154873891425,2.9317169864009,0.492,1,False
247,2.8850869078066075,2.5465765910948654,2.9383003307825604,0.494,1,False
248,2.880708932650594,2.5440319530655335,2.944917104200578,0.496,1,False
249,2.876264885109846,2.541520859311992,2.951566869822441,0.498,1,False
250,2.871755304855481,2.5390432093428035,2.9582491908156405,0.5,1,False
251,2.867180731558617,2.536598902666531,2.964963630347665,0.502,1,False
252,2.862541704890374,2.5341878387917376,2.9717097515860043,0.504,1,False
253,2.857838764521867,2.531809917226984,2.9784871176981467,0.506,1,False
254,2.8530724501242153,2.5294650374808354,2.9852952918515836,0.508,1,False
255,2.8482433013685355,2.5271530990618523,2.9921338372138018,0.51,1,False
256,2.843351857925948,2.5248740014785978,2.9990023169522932,0.512,1,False
257,2.8383986594675683,2.5226276442396363,3.005900294234547,0.514,1,False
258,2.8333842456645155,2.5204139268535277,3.0128273322280514,0.516,1,True
259,2.8283091561879066,2.5182327488288365,3.0197829941002983,0.518,1,False
260,2.8231739307088604,2.5160840096741253,3.026766843018773,0.52,1,False
261,2.817979108898494,2.513967608897956,3.0337784421509695,0.522,1,False
262,2.812725230427925,2.5118834460088917,3.0408173546643735,0.524,1,False
263,2.807412834968272,2.509831420515494,3.0478831437264775,0.526,1,False
264,2.802042462190653,2.5078114319263274,3.0549753725047686,0.528,1,False
265,2.796614651766186,2.505823379749953,3.0620936041667384,0.53,1,False
266,2.791129943365988,2.503867163494934,3.0692374018798754,0.532,1,False
267,2.7855888766611776,2.501942682669834,3.076406328811668,0.534,1,False
268,2.779991991322872,2.500049836783214,3.0835999481296072,0.536,1,False
269,2.7743398270221893,2.4981885253436373,3.090817823001182,0.538,1,False
270,2.7686329234302467,2.496358647859666,3.098059516593881,0.54,1,False
271,2.762871820218164,2.494560103839864,3.105324592075196,0.542,1,False
272,2.7570570570570574,2.4927927927927933,3.1126126126126135,0.544,1,False
273,2.7511891736180454,2.4910566142270163,3.119923141373625,0.546,1,False
274,2.7452687095722452,2.4893514676510957,3.1272557415257194,0.548,1,False
275,2.739296204590776,2.487677252573595,3.1346099762363857,0.55,1,False
276,2.7332721983447534,2.486033868503075,3.1419854086731145,0.552,1,False
277,2.727197230505298,2.4844212149480995,3.149381602003394,0.554,1,False
278,2.7210718407435266,2.482839191417232,3.1567981193947148,0.556,1,False
279,2.7148965687305555,2.4812876974190337,3.164234524014565,0.558,1,False
280,2.7086719541375053,2.479766632462068,3.1716903790304367,0.56,1,False
281,2.7023985366354912,2.4782758960548965,3.179165247609815,0.562,1,False
282,2.6960768558956336,2.4768153877060834,3.186658692920194,0.5640000000000001,1,False
283,2.6897074515890482,2.4753850069241903,3.1941702781290604,0.5660000000000001,1,True
284,2.6832908633868535,2.4739846532177805,3.2016995664039047,0.5680000000000001,1,False
285,2.676827630960168,2.4726142260954154,3.2092461209122147,0.5700000000000001,1,False
286,2.670318293980109,2.4712736250656597,3.216809504821484,0.5720000000000001,1,False
287,2.663763392117795,2.469962749637074,3.224389281299197,0.5740000000000001,1,False
288,2.6571634650443436,2.468681499318222,3.2319850135128467,0.5760000000000001,1,False
289,2.6505190524308717,2.4674297736176665,3.2395962646299203,0.578,1,False
290,2.6438306939484986,2.4662074720439695,3.247222597817909,0.58,1,False
291,2.637098929268341,2.4650144941056937,3.254863576244301,0.582,1,False
292,2.6303242980615176,2.4638507393114017,3.262518763076587,0.584,1,False
293,2.6235073399991444,2.462716107169657,3.2701877214822557,0.586,1,False
294,2.616648594752344,2.461610497189022,3.2778700146287965,0.588,1,False
295,2.609748601992228,2.460533808878058,3.285565205683699,0.59,1,False
296,2.602807901389918,2.4594859417453288,3.2932728578144537,0.592,1,False
297,2.5958270326165316,2.458466795299397,3.3009925341885484,0.594,1,False
298,2.588806535343187,2.4574762690488257,3.3087237979734736,0.596,1,False
299,2.581746949241,2.456514262502176,3.316466212336718,0.598,1,False
300,2.57464881398109,2.4555806751680116,3.324219340445771,0.6,1,False
301,2.5675126692345756,2.4546754065548955,3.331982745468124,0.602,1,False
302,2.5603390546725735,2.4537983561713896,3.3397559905712644,0.604,1,False
303,2.5531285099662004,2.4529494235260567,3.3475386389226824,0.606,1,False
304,2.5458815747865766,2.45212850812746,3.3553302536898677,0.608,1,False
305,2.5385987888048183,2.451335509484161,3.36313039804031,0.61,1,False
306,2.5312806916920443,2.450570327104723,3.3709386351414965,0.612,1,False
307,2.5239278231193722,2.449832860497709,3.3787545281609197,0.614,1,False
308,2.5165407227579206,2.4491230091716814,3.3865776402660677,0.616,1,True
309,2.5091199302788048,2.448440672635202,3.39440753462443,0.618,1,False
310,2.5016659853531453,2.4477857503968354,3.4022437744034963,0.62,1,False
311,2.4941794276520586,2.447158141965142,3.410085922770756,0.622,1,False
312,2.4866607968466647,2.446557746848686,3.417933542893698,0.624,1,False
313,2.479110632608078,2.4459844645560294,3.4257861979398125,0.626,1,False
314,2.4715294746074186,2.4454381945957344,3.433643451076588,0.628,1,False
315,2.4639178625158045,2.4449188364763645,3.4415048654715164,0.63,1,False
316,2.4562763360043527,2.444426289706483,3.449370004292085,0.632,1,False
317,2.448605434744181,2.44396045379465,3.4572384307057833,0.634,1,False
318,2.4409056984064077,2.44352122824943,3.4651097078801003,0.636,1,False
319,2.4331776666621505,2.443108512579386,3.4729833989825285,0.638,1,False
320,2.4254218791825277,2.44272220629308,3.4808590671805537,0.64,1,False
321,2.4176388756386578,2.4423622088990746,3.4887362756416676,0.642,1,False
322,2.409829195701655,2.4420284199059314,3.4966145875333585,0.644,1,False
323,2.401993379042642,2.4417207388222155,3.5044935660231173,0.646,1,False
324,2.3941319653327344,2.441439065156488,3.512372774278432,0.648,1,False
325,2.3862454942430493,2.4411832984173105,3.520251775466792,0.65,1,False
326,2.3783345054447063,2.440953338113248,3.5281301327556887,0.652,1,False
327,2.370399538608822,2.4407490837528614,3.5360074093126097,0.654,1,False
328,2.3624411334065143,2.4405704348447137,3.5438831683050447,0.656,1,False
329,2.3544598295089023,2.440417290897368,3.551756972900484,0.658,1,False
330,2.3464561665871027,2.440289551419387,3.5596283862664166,0.66,1,False
331,2.338430684312233,2.440187115919333,3.567496971570331,0.662,1,False
332,2.330383922355412,2.440109883905768,3.5753622919797188,0.664,1,False
333,2.3223164203877578,2.440057754887256,3.583223910662068,0.666,1,True
334,2.314228718080387,2.4400306283723583,3.591081390784867,0.668,1,False
335,2.306121355104418,2.440028403869639,3.598934295515609,0.67,1,False
336,2.2979948711309697,2.4400509808876594,3.6067821880217803,0.672,1,False
337,2.2898498058311585,2.4400982589349822,3.6146246314708708,0.674,1,False
338,2.2816866988761038,2.4401701375201714,3.62246118903037,0.676,1,False
339,2.2735060899369213,2.4402665161517882,3.6302914238677686,0.678,1,False
340,2.2653085186847313,2.4403872943383957,3.6381148991505543,0.68,1,False
341,2.2570945247906504,2.440532371588558,3.6459311780462182,0.682,1,False
342,2.248864647925796,2.440701647410835,3.65373982372225,0.684,1,False
343,2.240619427761287,2.4408950213137905,3.6615403993461366,0.686,1,False
344,2.2323594039682404,2.4411123928059872,3.6693324680853685,0.6880000000000001,1,False
345,2.2240851162177737,2.441353661395989,3.677115593107437,0.6900000000000001,1,False
346,2.215797104181007,2.441618726592357,3.6848893375798304,0.6920000000000001,1,False
347,2.207495907529056,2.4419074879036544,3.692653264670038,0.6940000000000001,1,False
348,2.19918206593304,2.442219844838444,3.7004069375455493,0.6960000000000001,1,False
349,2.1908561190640747,2.4425556969052873,3.708149919373854,0.6980000000000001,1,False
350,2.1825186065932805,2.4429149436127475,3.715881773322441,0.7000000000000001,1,False
351,2.1741700681917733,2.4432974844693884,3.7236020625588004,0.7020000000000001,1,False
352,2.1658110435306726,2.4437032189837717,3.731310350250422,0.704,1,False
353,2.157442072281095,2.4441320466644596,3.7390061995647934,0.706,1,False
354,2.1490636941141594,2.4445838670200164,3.7466891736694063,0.708,1,False
355,2.140676448700982,2.4450585795590025,3.75435883573175,0.71,1,False
356,2.1322808757126825,2.4455560837899823,3.7620147489193125,0.712,1,False
357,2.123877514820378,2.446076279221517,3.7696564763995837,0.714,1,False
358,2.1154669056951865,2.4466190653621704,3.7772835813400536,0.716,1,True
359,2.107049588008225,2.4471843417205053,3.784895626908212,0.718,1,False
360,2.098626101430613,2.447772007805083,3.792492176271547,0.72,1,False
361,2.0901969856334666,2.448381963124467,3.800072792597549,0.722,1,False
362,2.0817627802879053,2.4490141071872205,3.8076370390537075,0.724,1,False
363,2.0733240250650464,2.449668339501905,3.8151844788075127,0.726,1,False
364,2.0648812596360067,2.4503445595770836,3.822714675026452,0.728,1,False
365,2.056435023671906,2.4510426669213192,3.830227190878017,0.73,1,False
366,2.04798585684386,2.451762561043174,3.8377215895296954,0.732,1,False
367,2.0395342988229883,2.452504141451211,3.8451974341489783,0.734,1,False
368,2.0310808892804078,2.4532673076539937,3.8526542879033547,0.736,1,False
369,2.0226261678872364,2.4540519591600822,3.860091713960313,0.738,1,False
370,2.014170674314593,2.454857995478041,3.8675092754873437,0.74,1,False
371,2.0057149482335945,2.4556853161164334,3.8749065356519363,0.742,1,False
372,1.9972595293153583,2.45653382058382,3.8822830576215797,0.744,1,False
373,1.9888049572310038,2.4574034083887657,3.8896384045637635,0.746,1,False
374,1.9803517716516472,2.458293979039831,3.896972139645977,0.748,1,False
375,1.9719005122484088,2.4592054320455796,3.904283826035712,0.75,1,False
376,1.963451718692403,2.4601376669145743,3.911573026900454,0.752,1,False
377,1.95500593065475,2.4610905831553773,3.918839305407694,0.754,1,False
378,1.9465636878065675,2.462064080276551,3.9260822247249227,0.756,1,False
379,1.9381255298189732,2.4630580577866596,3.9333013480196297,0.758,1,False
380,1.9296919963630843,2.4640724151942637,3.9404962384593034,0.76,1,False
381,1.9212636271100187,2.4651070520079275,3.9476664592114323,0.762,1,False
382,1.9128409617308961,2.4661618677362123,3.9548115734435076,0.764,1,False
383,1.9044245398968322,2.467236761887682,3.9619311443230187,0.766,1,True
384,1.896014901278946,2.468331633970898,3.9690247350174532,0.768,1,False
385,1.887612585548355,2.4694463834944242,3.9760919086943036,0.77,1,False
386,1.879218132376176,2.4705809099668223,3.983132228521056,0.772,1,False
387,1.8708320814335289,2.4717351128966554,3.990145257665203,0.774,1,False
388,1.862454972391531,2.472908891792486,3.997130559294232,0.776,1,False
389,1.8540873449212985,2.4741021461628767,4.004087696575633,0.778,1,False
390,1.8457297386939515,2.4753147755163907,4.011016232676896,0.78,1,False
391,1.8373826933806066,2.4765466793615896,4.017915730765511,0.782,1,False
392,1.8290467486523816,2.4777977572070364,4.024785754008965,0.784,1,False
393,1.8207224441803953,2.4790679085612948,4.03162586557475,0.786,1,False
394,1.8124103196357644,2.480357032932925,4.038435628630352,0.788,1,False
395,1.8041109146896086,2.481665029830493,4.045214606343266,0.79,1,False
396,1.795824769013044,2.482991798762559,4.051962361880977,0.792,1,False
397,1.7875524222771881,2.484337239237686,4.058678458410976,0.794,1,False
398,1.7792944141531608,2.4857012507644374,4.065362459100753,0.796,1,False
399,1.7710512843120776,2.487083732851375,4.072013927117796,0.798,1,False
400,1.762823572425059,2.488484585007062,4.078632425629595,0.8,1,False
401,1.7546118181632204,2.4899037067400602,4.08521751780364,0.802,1,False
402,1.746416561197681,2.491340997558934,4.091768766807422,0.804,1,False
403,1.7382383411995581,2.4927963569722444,4.098285735808426,0.806,1,False
404,1.7300776978399703,2.494269684488555,4.104767987974148,0.808,1,False
405,1.7219351707900346,2.4957608796164266,4.11121508647207,0.81,1,False
406,1.713811299720869,2.4972698418644246,4.117626594469686,0.812,1,False
407,1.7057066243035923,2.4987964707411097,4.124002075134485,0.8140000000000001,1,False
408,1.6976216842093217,2.5003406657550458,4.130341091633957,0.8160000000000001,1,True
409,1.6895570191091749,2.501902326414794,4.136643207135589,0.8180000000000001,1,False
410,1.68151316867427,2.5034813522289183,4.1429079848068735,0.8200000000000001,1,False
411,1.673490672575724,2.5050776427059804,4.149134987815296,0.8220000000000001,1,False
412,1.665490070484656,2.506691097354544,4.155323779328351,0.8240000000000001,1,False
413,1.6575119020721836,2.508321615683171,4.161473922513524,0.8260000000000001,1,False
414,1.6495567070094246,2.509969097200424,4.167584980538306,0.8280000000000001,1,False
415,1.6416250249674964,2.511633441414866,4.173656516570187,0.8300000000000001,1,False
416,1.6337173956175177,2.51331454783506,4.179688093776656,0.8320000000000001,1,False
417,1.6258343586306057,2.515012315969566,4.1856792753252,0.834,1,False
418,1.6179764536778785,2.5167266453269512,4.191629624383314,0.836,1,False
419,1.6101442204304532,2.5184574354157743,4.197538704118482,0.838,1,False
420,1.6023381985594485,2.5202045857446,4.2034060776981965,0.84,1,False
421,1.5945589277359828,2.52196799582199,4.209231308289947,0.842,1,False
422,1.5868069476311728,2.5237475651565084,4.2150139590612214,0.844,1,False
423,1.5790827979161368,2.5255431932567154,4.22075359317951,0.846,1,False
424,1.5713870182619925,2.5273547796311746,4.226449773812302,0.848,1,False
425,1.5637201483398586,2.529182223788451,4.232102064127088,0.85,1,False
426,1.556082727820852,2.531025425237104,4.237710027291356,0.852,1,False
427,1.548475296376091,2.532884283485698,4.2432732264725965,0.854,1,False
428,1.5408983936766933,2.5347586980427943,4.248791224838298,0.856,1,False
429,1.533352559393777,2.5366485684169566,4.25426358555595,0.858,1,False
430,1.5258383331984593,2.5385537941167478,4.259689871793043,0.86,1,False
431,1.518356254761859,2.5404742746507303,4.265069646717066,0.862,1,False
432,1.5109068637550933,2.5424099095274655,4.2704024734955075,0.864,1,False
433,1.5034906998492805,2.5443605982555177,4.27568791529586,0.866,1,True
434,1.496108302715538,2.546326240343449,4.280925535285609,0.868,1,False
435,1.4887602120249843,2.548306735299821,4.286114896632244,0.87,1,False
436,1.4814469674487365,2.550301982633198,4.2912555625032605,0.872,1,False
437,1.4741691086579132,2.552311881852143,4.296347096066142,0.874,1,False
438,1.4669271753236317,2.5543363324652155,4.301389060488379,0.876,1,False
439,1.45972170711701,2.5563752339809818,4.306381018937463,0.878,1,False
440,1.4525532437091662,2.558428485908002,4.311322534580881,0.88,1,False
441,1.4454223247712177,2.56049598775484,4.316213170586124,0.882,1,False
442,1.4383294899742833,2.5625776390300583,4.321052490120682,0.884,1,False
443,1.4312752789894794,2.5646733392422187,4.3258400563520425,0.886,1,False
444,1.4242602314879254,2.566782987899885,4.330575432447696,0.888,1,False
445,1.4172848871407382,2.568906484511619,4.335258181575131,0.89,1,False
446,1.4103497856190357,2.5710437285859835,4.33988786690184,0.892,1,False
447,1.4034554665939365,2.573194619631542,4.344464051595311,0.894,1,False
448,1.3966024697365573,2.575359057156856,4.348986298823031,0.896,1,False
449,1.389791334718017,2.5775369406704884,4.3534541717524915,0.898,1,False
450,1.3830226012094329,2.5797281696810024,4.3578672335511826,0.9,1,False
451,1.3762968088819234,2.58193264369696,4.362225047386592,0.902,1,False
452,1.3696144974066056,2.5841502622269243,4.366527176426211,0.904,1,False
453,1.3629762064545976,2.5863809247794576,4.370773183837528,0.906,1,False
454,1.3563824756970182,2.588624530863123,4.3749626327880335,0.908,1,False
455,1.349833844804984,2.5908809799864834,4.3790950864452185,0.91,1,False
456,1.3433308534496136,2.5931501716580994,4.383170107976565,0.912,1,False
457,1.3368740413020244,2.5954320053865363,4.387187260549571,0.914,1,False
458,1.330463948033334,2.5977263806803546,4.391146107331721,0.916,1,True
459,1.3241011133146616,2.600033197048119,4.3950462114905084,0.918,1,False
460,1.3177860768171241,2.6023523539983904,4.3988871361934185,0.92,1,False
461,1.3115193782118393,2.604683751039732,4.402668444607942,0.922,1,False
462,1.305301557169925,2.607027287680707,4.406389699901573,0.924,1,False
463,1.2991331533624997,2.6093828634298766,4.410050465241793,0.926,1,False
464,1.2930147064606807,2.611750377795805,4.413650303796097,0.928,1,False
465,1.286946756135586,2.614129730287054,4.417188778731972,0.93,1,False
466,1.2809298420583337,2.616520820412187,4.420665453216909,0.932,1,False
467,1.2749645039000415,2.6189235476797657,4.424079890418397,0.934,1,False
468,1.2690512813318269,2.621337811598354,4.427431653503927,0.936,1,False
469,1.263190714024808,2.623763511676512,4.430720305640984,0.9380000000000001,1,False
470,1.2573833416501032,2.6262005474228056,4.433945409997063,0.9400000000000001,1,False
471,1.2516297038788298,2.6286488183457952,4.437106529739649,0.9420000000000001,1,False
472,1.245930340382106,2.6311082239540444,4.440203228036233,0.9440000000000001,1,False
473,1.240285790831049,2.6335786637561154,4.443235068054305,0.9460000000000001,1,False
474,1.2346965948967772,2.6360600372605707,4.446201612961355,0.9480000000000001,1,False
475,1.2291632922504085,2.6385522439759734,4.44910242592487,0.9500000000000001,1,False
476,1.2236864225630604,2.641055183410886,4.451937070112344,0.9520000000000001,1,False
477,1.2182665255058516,2.6435687550738716,4.454705108691261,0.9540000000000001,1,False
478,1.2129041407498984,2.6460928584734917,4.457406104829115,0.9560000000000001,1,False
479,1.2075998079663206,2.6486273931183097,4.460039621693392,0.9580000000000001,1,False
480,1.202354066826235,2.651172258516888,4.462605222451584,0.96,1,False
481,1.1971674570007589,2.65372735417779,4.465102470271178,0.962,1,False
482,1.1920405181610114,2.6562925796095778,4.467530928319667,0.964,1,False
483,1.18697378997811,2.658867834320813,4.469890159764537,0.966,1,True
484,1.1819678121231716,2.66145301782006,4.472179727773279,0.968,1,False
485,1.1770231242673153,2.6640480296158806,4.474399195513384,0.97,1,False
486,1.1721402660816582,2.666652769216837,4.476548126152337,0.972,1,False
487,1.167319777237319,2.669267136131493,4.478626082857634,0.974,1,False
488,1.162562197405414,2.67189102986841,4.480632628796759,0.976,1,False
489,1.1578680662570628,2.674524349936151,4.482567327137201,0.978,1,False
490,1.1532379234633825,2.67716699584328,4.484429741046456,0.98,1,False
491,1.148672308695491,2.679818867098357,4.486219433692005,0.982,1,False
492,1.1441717616245066,2.682479863209948,4.487935968241346,0.984,1,False
493,1.139736821921546,2.685149883686612,4.489578907861961,0.986,1,False
494,1.135368029257728,2.6878288280369143,4.491147815721344,0.988,1,False
495,1.1310659233041707,2.690516595769416,4.492642254986982,0.99,1,False
496,1.1268310437319906,2.6932130863926815,4.494061788826367,0.992,1,False
497,1.1226639302123074,2.695918199415271,4.495405980406985,0.994,1,False
498,1.118565122416237,2.6986318343457487,4.49667439289633,0.996,1,False
499,1.1145351600148992,2.7013538906926775,4.4978665894618866,0.998,1,False
500,1.110574582679411,2.7040842679646193,4.498982133271148,1.0,1,False
501,1.1066839300808902,2.706822865670137,4.500020587491601,1.002,1,False
502,1.102863741890454,2.7095695833177933,4.5009815152907375,1.004,1,False
503,1.099114557779222,2.7123243204161516,4.501864479836048,1.006,1,False
504,1.0954369174183105,2.7150869764737724,4.502669044295017,1.008,1,False
505,1.0918313604788374,2.71785745099922,4.503394771835137,1.01,1,False
506,1.0882984266319218,2.7206356435010575,4.504041225623899,1.012,1,False
507,1.0848386555486804,2.7234214534878456,4.504607968828789,1.014,1,False
508,1.0814525869002323,2.726214780468149,4.505094564617298,1.016,1,True
509,1.0781407603576938,2.729015523950529,4.5055005761569165,1.018,1,False
510,1.0749037155921837,2.7318235834435485,4.505825566615134,1.02,1,False
511,1.0717419922748195,2.734638858455771,4.506069099159438,1.022,1,False
512,1.0686561300767194,2.737461248495757,4.506230736957319,1.024,1,False
513,1.0656466686690012,2.740290653072072,4.506310043176268,1.026,1,False
514,1.0627141477227822,2.743126971693276,4.506306580983772,1.028,1,False
515,1.0598591069091814,2.745970103867934,4.506219913547322,1.03,1,False
516,1.057082085899316,2.7488199491046066,4.506049604034405,1.032,1,False
517,1.0543836243643039,2.7516764069118587,4.505795215612516,1.034,1,False
518,1.0517642619752623,2.7545393767982502,4.505456311449138,1.036,1,False
519,1.0492245384033103,2.7574087582723457,4.505032454711765,1.038,1,False
520,1.0467649933195649,2.7602844508427067,4.504523208567885,1.04,1,False
521,1.0443861663951441,2.7631663540178972,4.503928136184987,1.042,1,False
522,1.042088597301166,2.7660543673064786,4.50324680073056,1.044,1,False
523,1.0398728257087484,2.7689483902170133,4.502478765372094,1.046,1,False
524,1.0377393912890092,2.771848322258066,4.50162359327708,1.048,1,False
525,1.035688833713066,2.7747540629381966,4.500680847613005,1.05,1,False
526,1.033721692652037,2.7776655117659703,4.499650091547362,1.052,1,False
527,1.03183850777704,2.7805825682499483,4.498530888247637,1.054,1,False
528,1.0300398187591924,2.783505131898693,4.49732280088132,1.056,1,False
529,1.028326165269613,2.7864331022207676,4.496025392615901,1.058,1,False
530,1.0266980869794184,2.789366378724735,4.49463822661887,1.06,1,False
531,1.0251561235597277,2.792304860919157,4.493160866057718,1.062,1,False
532,1.023700814681658,2.795248448312597,4.491592874099929,1.064,1,False
533,1.0223327000163276,2.7981970404136174,4.489933813912999,1.066,1,True
534,1.021052319234854,2.8011505367307814,4.488183248664414,1.068,1,False
535,1.019860212008355,2.8041088367726505,4.486340741521663,1.07,1,False
536,1.018756918007949,2.807071840047788,4.484405855652237,1.072,1,False
537,1.0177429769047537,2.810039446064756,4.482378154223624,1.074,1,False
538,1.0168189283698865,2.813011554332118,4.480257200403314,1.076,1,False
539,1.0159853120744655,2.8159880643584363,4.4780425573587985,1.078,1,False
540,1.0152426676896091,2.818968875652274,4.475733788257566,1.08,1,False
541,1.014591534886434,2.8219538877221915,4.473330456267102,1.082,1,False
542,1.0140324533360596,2.824943000076755,4.470832124554903,1.084,1,False
543,1.0135659627096025,2.827936112224524,4.4682383562884525,1.086,1,False
544,1.0131926026781808,2.8309331236740634,4.4655487146352435,1.088,1,False
545,1.0129129129129129,2.833933933933934,4.462762762762762,1.09,1,False
546,1.0127272602535298,2.836938418801571,4.459880226729312,1.092,1,False
547,1.012635320214217,2.8399463592298937,4.456901484156428,1.094,1,False
548,1.0126365954777738,2.842957512460694,4.453827075556462,1.096,1,False
549,1.0127305887269988,2.8459716357357614,4.450657541441761,1.098,1,False
550,1.0129168026446915,2.8489884862968875,4.447393422324675,1.1,1,False
551,1.0131947399136505,2.8520078213858646,4.444035258717552,1.102,1,False
552,1.013563903216676,2.8550293982444837,4.440583591132741,1.104,1,False
553,1.0140237952365658,2.8580529741145337,4.43703896008259,1.106,1,False
554,1.0145739186561193,2.8610783062378076,4.433401906079448,1.108,1,False
555,1.0152137761581363,2.8641051518560965,4.429672969635667,1.11,1,False
556,1.0159428704254145,2.86713326821119,4.425852691263591,1.112,1,False
557,1.0167607041407536,2.8701624125448806,4.421941611475571,1.114,1,False
558,1.0176667799869532,2.873192342098959,4.417940270783955,1.116,1,True
559,1.018660600646812,2.8762228141152164,4.4138492097010955,1.118,1,False
560,1.019741668803128,2.879253585835443,4.409668968739337,1.12,1,False
561,1.020909487138702,2.8822844145014317,4.405400088411029,1.122,1,False
562,1.0221635583363322,2.8853150573549717,4.401043109228522,1.124,1,False
563,1.0235033850788184,2.888345271637856,4.396598571704163,1.1260000000000001,1,False
564,1.0249284700489576,2.891374814591872,4.392067016350301,1.1280000000000001,1,False
565,1.0264383159295511,2.8944034434588155,4.3874489836792865,1.1300000000000001,1,False
566,1.0280324254033972,2.8974309154804754,4.382745014203466,1.1320000000000001,1,False
567,1.0297103011532946,2.900456987898643,4.377955648435192,1.1340000000000001,1,False
568,1.0314714458620426,2.903481417955108,4.373081426886808,1.1360000000000001,1,False
569,1.03331536221244,2.9065039628916627,4.368122890070666,1.1380000000000001,1,False
570,1.035241552887287,2.9095243799500996,4.363080578499116,1.1400000000000001,1,False
571,1.037249520569381,2.9125424263722075,4.357955032684504,1.1420000000000001,1,False
572,1.0393387679415222,2.915557859399778,4.352746793139181,1.1440000000000001,1,False
573,1.0415087976865096,2.918570436274603,4.347456400375493,1.1460000000000001,1,False
574,1.0437591124871415,2.921579914238474,4.342084394905792,1.1480000000000001,1,False
575,1.0460892150262175,2.92458605053318,4.336631317242426,1.1500000000000001,1,False
576,1.0484986079865373,2.927588602400514,4.331097707897742,1.1520000000000001,1,False
577,1.0509867940508983,2.9305873270822658,4.32548410738409,1.154,1,False
578,1.0535532759021007,2.9335819818202267,4.319791056213818,1.156,1,False
579,1.0561975562229435,2.9365723238561885,4.314019094899278,1.158,1,False
580,1.0589191376962261,2.939558110431942,4.308168763952816,1.16,1,False
581,1.0617175230047466,2.942539098789279,4.302240603886779,1.162,1,False
582,1.0645922148313047,2.945515046169989,4.2962351552135205,1.164,1,False
583,1.0675427158586992,2.9484857098158646,4.290152958445384,1.166,1,True
584,1.0705685287697297,2.951450846968696,4.283994554094724,1.168,1,False
585,1.0736691562471947,2.954410214870274,4.277760482673885,1.17,1,False
586,1.0768441009738936,2.957363570762392,4.271451284695218,1.172,1,False
587,1.0800928656326245,2.9603106718868366,4.26506750067107,1.174,1,False
588,1.083414952906188,2.9632512754854035,4.25860967111379,1.176,1,False
589,1.0868098654773817,2.96618513879988,4.252078336535728,1.178,1,False
590,1.0902771060290057,2.9691120190720612,4.2454740374492355,1.18,1,False
591,1.0938161772438586,2.972031673543734,4.238797314366655,1.182,1,False
592,1.0974265818047402,2.9749438594566935,4.23204870780034,1.184,1,False
593,1.1011078223944482,2.977848334052727,4.225228758262638,1.186,1,False
594,1.1048594016957825,2.980744854573628,4.218338006265896,1.188,1,False
595,1.1086808223915423,2.9836331782611873,4.211376992322466,1.19,1,False
596,1.1125715871645259,2.9865130623571954,4.204346256944695,1.192,1,False
597,1.116531198697533,2.989384264103444,4.197246340644932,1.194,1,False
598,1.1205591596733626,2.9922465407417227,4.190077783935525,1.196,1,False
599,1.124654972774814,2.995099649513825,4.182841127328824,1.198,1,False
600,1.1288181406846856,2.9979433476615407,4.175536911337178,1.2,1,False
601,1.1330481660857765,3.00077739242666,4.168165676472935,1.202,1,False
602,1.1373445516608869,3.0036015410509753,4.160727963248445,1.204,1,False
603,1.1417068000928141,3.006415550776276,4.153224312176054,1.206,1,False
604,1.1461344140643586,3.009219178844356,4.1456552637681146,1.208,1,False
605,1.1506268962583188,3.0120121824970054,4.138021358536971,1.21,1,False
606,1.1551837493574941,3.0147943189760134,4.130323136994978,1.212,1,False
607,1.1598044760446826,3.0175653455231726,4.1225611396544775,1.214,1,False
608,1.1644885790026858,3.0203250193802744,4.114735907027824,1.216,1,True
609,1.1692355609142993,3.0230730977891085,4.106847979627363,1.218,1,False
610,1.1740449244623243,3.0258093379914675,4.098897897965446,1.22,1,False
611,1.1789161723295598,3.0285334972291413,4.090886202554419,1.222,1,False
612,1.1838488071988045,3.0312453327439224,4.082813433906633,1.224,1,False
613,1.1888423317528576,3.0339446017776006,4.074680132534435,1.226,1,False
614,1.193896248674518,3.036631061571967,4.0664868389501745,1.228,1,False
615,1.1990100606465848,3.0393044693688136,4.058234093666202,1.23,1,False
616,1.2041832703518567,3.041964582409931,4.049922437194865,1.232,1,False
617,1.2094153804731336,3.04461115793711,4.04155241004851,1.234,1,False
618,1.2147058936932138,3.0472439531921416,4.033124552739489,1.236,1,False
619,1.2200543126948968,3.049862725416818,4.02463940578015,1.238,1,False
620,1.2254601401609815,3.0524672318529293,4.016097509682839,1.24,1,False
621,1.2309228787742672,3.055057229742267,4.007499404959909,1.242,1,False
622,1.2364420312175528,3.0576324763266216,3.9988456321237074,1.244,1,False
623,1.2420171001736366,3.0601927288477846,3.990136731686583,1.246,1,False
624,1.247647588325319,3.0627377445475474,3.981373244160885,1.248,1,False
625,1.2533329983553982,3.0652672806677006,3.972555710058959,1.25,1,False
626,1.2590728329466736,3.0677810944500354,3.9636846698931585,1.252,1,False
627,1.264866594781944,3.070278943136343,3.9547606641758284,1.254,1,False
628,1.270713786544009,3.0727605839684147,3.945784233419321,1.256,1,False
629,1.2766139109156664,3.07522577418804,3.9367559181359817,1.258,1,False
630,1.282566470579717,3.0776742710370133,3.9276762588381615,1.26,1,False
631,1.2885709682189583,3.080105831757121,3.9185457960382073,1.262,1,False
632,1.2946269065161906,3.0825202135901595,3.9093650702484717,1.264,1,False
633,1.3007337881542118,3.084917173777917,3.9001346219813007,1.266,1,True
634,1.306891115815822,3.087296469562184,3.890854991749043,1.268,1,False
635,1.3130983921838193,3.089657858184752,3.881526720064046,1.27,1,False
636,1.3193551199410034,3.0920010968874125,3.872150347438661,1.272,1,False
637,1.325660801770174,3.0943259429119583,3.862726414385237,1.274,1,False
638,1.3320149403541288,3.0966321535001775,3.853255461416122,1.276,1,False
639,1.3384170383756675,3.0989194858938625,3.8437380290436645,1.278,1,False
640,1.3448665985175885,3.1011876973348036,3.8341746577802125,1.28,1,False
641,1.3513631234626926,3.103436545064795,3.824565888138118,1.282,1,False
642,1.357906115893777,3.1056657863256234,3.814912260629725,1.284,1,False
643,1.3644950784936418,3.107875178359083,3.805214315767388,1.286,1,False
644,1.3711295139450854,3.110064478406962,3.7954725940634493,1.288,1,False
645,1.3778089249309073,3.1122334437110553,3.785687636030263,1.29,1,False
646,1.3845328141339064,3.114381831513151,3.775859982180176,1.292,1,False
647,1.3913006842368822,3.1165093990550417,3.765990173025537,1.294,1,False
648,1.398112037922633,3.1186159035785175,3.756078749078695,1.296,1,False
649,1.404966377873959,3.120701102325371,3.7461262508519986,1.298,1,False
650,1.4118632067736578,3.1227647525373907,3.736133218857796,1.3,1,False
651,1.418802027304529,3.1248066114563695,3.726100193608437,1.302,1,False
652,1.425782342149372,3.1268264363240985,3.71602771561627,1.304,1,False
653,1.4328036539909859,3.128823984382369,3.705916325393646,1.306,1,False
654,1.4398654655121694,3.1307990128729717,3.69576656345291,1.308,1,False
655,1.4469672793957216,3.1327512790376972,3.685578970306413,1.31,1,False
656,1.454108598324442,3.134680540118336,3.6753540864665033,1.312,1,False
657,1.461288924981129,3.1365865533566817,3.6650924524455295,1.314,1,False
658,1.468507762048582,3.138469075994523,3.65479460875584,1.316,1,True
659,1.4757646122096002,3.140327865273652,3.644461095909785,1.318,1,False
660,1.4830589781469823,3.1421626784358585,3.6340924544197124,1.32,1,False
661,1.4903903625435277,3.143973272722936,3.6236892247979715,1.322,1,False
662,1.4977582680820354,3.145759405376674,3.6132519475569103,1.324,1,False
663,1.505162197445304,3.1475208336388643,3.602781163208878,1.326,1,False
664,1.5126016533161333,3.149257314751297,3.5922774122662244,1.328,1,False
665,1.5200761383773214,3.150968605955763,3.5817412352412963,1.33,1,False
666,1.5275851553116682,3.152654464494055,3.5711731726464437,1.332,1,False
667,1.5351282068019725,3.1543146476079627,3.560573764994015,1.334,1,False
668,1.5427047955310345,3.155948912539279,3.5499435527963605,1.336,1,False
669,1.5503144241816504,3.157557016529792,3.5392830765658263,1.338,1,False
670,1.557956595436622,3.1591387168212957,3.528592876814764,1.34,1,False
671,1.5656308119787474,3.16069377065558,3.5178734940555207,1.342,1,False
672,1.573336576490825,3.162221935274435,3.5071254688004454,1.344,1,False
673,1.5810733916556547,3.163722967919653,3.4963493415618867,1.346,1,False
674,1.588840760156035,3.165196625833025,3.4855456528521938,1.348,1,False
675,1.5966381846747657,3.1666426662563416,3.4747149431837157,1.35,1,False
676,1.6044651678946462,3.168060846431395,3.463857753068802,1.352,1,False
677,1.6123212124984736,3.169450923599974,3.4529746230197986,1.354,1,False
678,1.6202058211690487,3.170812655003872,3.442066093549057,1.356,1,False
679,1.6281184965891697,3.1721457978848795,3.4311327051689253,1.358,1,False
680,1.636058741441636,3.173450109484787,3.4201749983917518,1.36,1,False
681,1.644026058409247,3.1747253470453867,3.4091935137298868,1.362,1,False
682,1.652019950174801,3.175971267808467,3.3981887916956763,1.364,1,False
683,1.660039919421098,3.1771876290158234,3.387161372801472,1.366,1,True
684,1.668085468830936,3.1783741879092426,3.376111797559621,1.368,1,False
685,1.6761561010871147,3.1795307017305183,3.3650406064824727,1.37,1,False
686,1.6842513188724335,3.180656927721442,3.3539483400823764,1.372,1,False
687,1.6923706248696906,3.1817526231238014,3.3428355388716793,1.374,1,False
688,1.7005135217616851,3.182817545179391,3.3317027433627318,1.3760000000000001,1,False
689,1.7086795122312166,3.1838514511300007,3.320550494067882,1.3780000000000001,1,False
690,1.7168680989610843,3.1848540982174214,3.309379331499479,1.3800000000000001,1,False
691,1.725078784634087,3.1858252436834444,3.2981897961698707,1.3820000000000001,1,False
692,1.733311071933023,3.1867646447698603,3.286982428591407,1.3840000000000001,1,False
693,1.7415644635406926,3.1876720587184613,3.275757769276436,1.3860000000000001,1,False
694,1.7498384621398941,3.188547242771038,3.264516358737308,1.3880000000000001,1,False
695,1.758132570413427,3.1893899541693806,3.253258737486368,1.3900000000000001,1,False
696,1.76644629104409,3.190199950155281,3.24198544603597,1.3920000000000001,1,False
697,1.7747791267146826,3.1909769879705308,3.23069702489846,1.3940000000000001,1,False
698,1.783130580108003,3.1917208248569207,3.219394014586186,1.3960000000000001,1,False
699,1.791500153906851,3.192431218056241,3.208076955611499,1.3980000000000001,1,False
700,1.7998873507940256,3.193107924810284,3.196746388486746,1.4000000000000001,1,False
701,1.8082916734523256,3.19375070236084,3.185402853724275,1.4020000000000001,1,False
702,1.81671262456455,3.1943593079496986,3.1740468918364377,1.4040000000000001,1,False
703,1.8251497068134985,3.194933498818655,3.1626790433355816,1.4060000000000001,1,False
704,1.8336024228819687,3.195473032209496,3.151299848734056,1.408,1,False
705,1.8420702754527611,3.1959776653640155,3.1399098485442076,1.41,1,False
706,1.8505527672086746,3.1964471555240026,3.1285095832783867,1.412,1,False
707,1.8590494008325087,3.1968812599312506,3.117099593448943,1.414,1,False
708,1.8675596790070605,3.197279735827549,3.1056804195682237,1.416,1,True
709,1.876083104415131,3.197642340454688,3.0942526021485772,1.418,1,False
710,1.8846191797395186,3.197968831054462,3.0828166817023552,1.42,1,False
711,1.8931674076630218,3.198258964868659,3.0713731987419037,1.422,1,False
712,1.901727290868441,3.198512499139071,3.0599226937795723,1.424,1,False
713,1.9102983320385738,3.1987291911074887,3.04846570732771,1.426,1,False
714,1.9188800338562193,3.1989087980157045,3.0370027798986654,1.428,1,False
715,1.9274718990041784,3.199051077105508,3.025534452004788,1.43,1,False
716,1.9360734301652482,3.1991557856186916,3.0140612641584257,1.432,1,False
717,1.9446841300222288,3.1992226807970456,3.002583756871928,1.434,1,False
718,1.9533035012579194,3.199251519882361,2.9911024706576423,1.436,1,False
719,1.961931046555118,3.1992420601164295,2.9796179460279197,1.438,1,False
720,1.9705662685966243,3.199194058741042,2.9681307234951078,1.44,1,False
721,1.9792086700652372,3.1991072729979884,2.956641343571554,1.442,1,False
722,1.9878577536437556,3.1989814601290614,2.945150346769609,1.444,1,False
723,1.9965130220149794,3.198816377376051,2.9336582736016212,1.446,1,False
724,2.0051739778617073,3.1986117819807505,2.92216566457994,1.448,1,False
725,2.0138401238667374,3.198367431184947,2.910673060216913,1.45,1,False
726,2.0225109627128703,3.1980830822304354,2.899181001024889,1.452,1,False
727,2.031185997082903,3.1977584923590032,2.8876900275162165,1.454,1,False
728,2.039864729659637,3.1973934188124455,2.876200680203247,1.456,1,False
729,2.0485466631258697,3.196987618832551,2.8647134995983263,1.458,1,False
730,2.057231300164401,3.1965408496611105,2.8532290262138047,1.46,1,False
731,2.0659181434580294,3.1960528685399163,2.8417478005620302,1.462,1,False
732,2.0746066956895546,3.19552343271076,2.8302703631553525,1.464,1,False
733,2.0832964595417742,3.194952299415429,2.8187972545061193,1.466,1,True
734,2.0919869376974884,3.194339225895718,2.8073290151266796,1.468,1,False
735,2.100677632839497,3.1936839693934185,2.7958661855293836,1.47,1,False
736,2.109368047650597,3.1929862871503185,2.7844093062265785,1.472,1,False
737,2.1180576848135906,3.1922459364082125,2.7729589177306138,1.474,1,False
738,2.126746047011274,3.191462674408888,2.761515560553838,1.476,1,False
739,2.135432636926447,3.1906362583941394,2.7500797752086013,1.478,1,False
740,2.1441169572419083,3.1897664456057555,2.738652102207249,1.48,1,False
741,2.1527985106404586,3.1888529932855283,2.7272330820621336,1.482,1,False
742,2.161476799804895,3.187895658675249,2.7158232552856023,1.484,1,False
743,2.1701513274180173,3.186894199016708,2.704423162390003,1.486,1,False
744,2.1788215961626256,3.1858483715516983,2.6930333438876874,1.488,1,False
745,2.1874871087215166,3.1847579335220075,2.6816543402910016,1.49,1,False
746,2.1961473677774923,3.1836226421694307,2.670286692112296,1.492,1,False
747,2.2048018760133496,3.182442254735756,2.6589309398639176,1.494,1,False
748,2.2134501361118883,3.1812165284627762,2.6475876240582177,1.496,1,False
749,2.2220916507559076,3.179945220592282,2.636257285207542,1.498,1,False
750,2.230725922628206,3.1786280883660627,2.6249404638242417,1.5,1,False
751,2.239352454411583,3.177264889025912,2.613637700420666,1.502,1,False
752,2.2479707487888376,3.17585537981362,2.6023495355091613,1.504,1,False
753,2.2565803084427687,3.174399317970977,2.591076509602079,1.506,1,False
754,2.2651806360561757,3.172896460739775,2.579819163211765,1.508,1,False
755,2.2737712343118566,3.1713465653618043,2.5685780368505697,1.51,1,False
756,2.282351605892612,3.1697493890788566,2.557353671030843,1.512,1,False
757,2.29092125348124,3.1681046891327234,2.5461466062649323,1.514,1,False
758,2.299479679760541,3.1664122227651963,2.534957383065187,1.516,1,True
759,2.3080263874133107,3.1646717472180637,2.523786541943955,1.518,1,False
760,2.316560879122352,3.1628830197331186,2.5126346234135863,1.52,1,False
761,2.3250826575704626,3.1610457975521524,2.5015021679864287,1.522,1,False
762,2.333591225440441,3.159159837916956,2.490389716174832,1.524,1,False
763,2.3420860854150867,3.1572248980693196,2.4792978084911437,1.526,1,False
764,2.350566740177198,3.1552407352510348,2.4682269854477137,1.528,1,False
765,2.359032692409575,3.1532071067038934,2.4571777875568905,1.53,1,False
766,2.367483444795017,3.151123769669685,2.446150755331022,1.532,1,False
767,2.3759185000163217,3.1489904813902005,2.435146429282458,1.534,1,False
768,2.3843373607562888,3.1468069991072336,2.4241653499235483,1.536,1,False
769,2.3927395296977183,3.1445730800625733,2.4132080577666395,1.538,1,False
770,2.4011245095234073,3.142288481498011,2.4022750933240817,1.54,1,False
771,2.4094918029161567,3.1399529606553385,2.3913669971082236,1.542,1,False
772,2.417840912558765,3.137566274776346,2.3804843096314143,1.544,1,False
773,2.426171341134031,3.135128181102825,2.369627571406003,1.546,1,False
774,2.434482591324753,3.132638436876565,2.358797322944334,1.548,1,False
775,2.442774165813732,3.1300967993393605,2.3479941047587634,1.55,1,False
776,2.451045567283765,3.1275030257329997,2.3372184573616344,1.552,1,False
777,2.459296298417653,3.1248568732992754,2.326470921265298,1.554,1,False
778,2.4675258618981943,3.122158099279978,2.3157520369821034,1.556,1,False
779,2.475733760408187,3.1194064609168977,2.3050623450243988,1.558,1,False
780,2.4839194966304308,3.116601715451826,2.2944023859045317,1.56,1,False
781,2.492082573247725,3.1137436201265554,2.283772700134854,1.562,1,False
782,2.5002224929428687,3.110831932182875,2.2731738282277107,1.564,1,False
783,2.5083387583986605,3.107866408862578,2.262606310695454,1.566,1,True
784,2.5164308722979,3.104846807407454,2.252070688050431,1.568,1,False
785,2.5244983373233865,3.1017728850592947,2.2415675008049907,1.57,1,False
786,2.5325406561579182,3.0986443990598906,2.231097289471482,1.572,1,False
787,2.540557331484294,3.0954611066510327,2.2206605945622533,1.574,1,False
788,2.5485478659853142,3.092222765074513,2.2102579565896536,1.576,1,False
789,2.5565117623437765,3.088929131572122,2.199889916066032,1.578,1,False
790,2.564448523242481,3.085579963385651,2.189557013503738,1.58,1,False
791,2.572357651364227,3.082175017756891,2.179259789415119,1.582,1,False
792,2.580238649391812,3.078714051927632,2.1689987843125245,1.584,1,False
793,2.5880910200080356,3.075196823139667,2.158774538708302,1.586,1,False
794,2.5959142658956984,3.071623088634787,2.1485875931148035,1.588,1,False
795,2.6037078897375974,3.0679926056547817,2.1384384880443754,1.59,1,False
796,2.611471394216533,3.064305131441442,2.1283277640093656,1.592,1,False
797,2.619204282015304,3.0605604232365606,2.1182559615221246,1.594,1,False
798,2.6269060558167086,3.0567582382819274,2.108223621095001,1.596,1,False
799,2.6345762183035477,3.0528983338193347,2.0982312832403447,1.598,1,False
800,2.6422142721586184,3.0489804670905714,2.088279488470501,1.6,1,False
801,2.6498197200647207,3.0450043953374304,2.0783687772978214,1.602,1,False
802,2.6573920647046525,3.040969875801703,2.068499690234655,1.604,1,False
803,2.664930808761215,3.036876665725179,2.05867276779335,1.606,1,False
804,2.672435454917206,3.0327245223496497,2.0488885504862537,1.608,1,False
805,2.679905505855425,3.0285132029169075,2.039147578825717,1.61,1,False
806,2.68734046425867,3.0242424646687422,2.0294503933240877,1.612,1,False
807,2.6947398328097423,3.0199120648469453,2.0197975344937156,1.614,1,False
808,2.7021031141914373,3.0155217606933076,2.0101895428469474,1.616,1,True
809,2.709429811086558,3.011071309449621,2.000626958896134,1.618,1,False
810,2.7167194261779013,3.0065604683576757,1.9911103231536234,1.62,1,False
811,2.7239714621482656,3.0019889946592624,1.9816401761317637,1.622,1,False
812,2.7311854216804523,2.997356645596173,1.9722170583429048,1.624,1,False
813,2.7383608074572585,2.9926631784101994,1.9628415102993957,1.6260000000000001,1,False
814,2.7454971221614843,2.9879083503431314,1.9535140725135844,1.6280000000000001,1,False
815,2.7525938684759272,2.98309191863676,1.9442352854978198,1.6300000000000001,1,False
816,2.7596505490833896,2.978213640532877,1.9350056897644505,1.6320000000000001,1,False
817,2.7666666666666675,2.973273273273273,1.925825825825826,1.6340000000000001,1,False
818,2.773641828985711,2.968270687977722,1.9166961418097375,1.6360000000000001,1,False
819,2.7805760641090727,2.963206211277921,1.9076167163057487,1.6380000000000001,1,False
820,2.7874695051824556,2.958080283683553,1.8985875355188664,1.6400000000000001,1,False
821,2.794322285351561,2.9528933457042954,1.889608585654096,1.6420000000000001,1,False
822,2.801134537762093,2.9476458378498345,1.8806798529164463,1.6440000000000001,1,False
823,2.807906395559753,2.9423382006298455,1.8718013235109208,1.6460000000000001,1,False
824,2.814637991890244,2.936970874554013,1.8629729836425282,1.6480000000000001,1,False
825,2.8213294598992698,2.9315443001320163,1.8541948195162739,1.6500000000000001,1,False
826,2.827980932732531,2.9260589178735366,1.8454668173371656,1.6520000000000001,1,False
827,2.8345925435357313,2.9205151682882535,1.8367889633102088,1.6540000000000001,1,False
828,2.8411644254545734,2.9149134918858497,1.8281612436404098,1.6560000000000001,1,False
829,2.8476967116347596,2.909254329176005,1.8195836445327755,1.6580000000000001,1,False
830,2.8541895352219924,2.9035381206684003,1.8110561521923128,1.6600000000000001,1,False
831,2.8606430293619756,2.8977653068727176,1.802578752824028,1.6620000000000001,1,False
832,2.8670573272004107,2.8919363282986357,1.7941514326329269,1.6640000000000001,1,False
833,2.873432561882999,2.886051625455837,1.7857741778240181,1.666,1,True
834,2.8797688665554455,2.8801116388540007,1.7774469746023047,1.668,1,False
835,2.8860663743634527,2.8741168090028095,1.7691698091727956,1.67,1,False
836,2.89232521845272,2.868067576411942,1.7609426677404965,1.672,1,False
837,2.8985455319689555,2.8619643815910827,1.752765536510415,1.674,1,False
838,2.9047274480578564,2.855807665049907,1.7446384016875551,1.676,1,False
839,2.9108710998651293,2.849597867298101,1.7365612494769262,1.678,1,False
840,2.9169766205364747,2.8433354288453425,1.7285340660835329,1.68,1,False
841,2.9230441432175946,2.8370207902013127,1.7205568377123825,1.682,1,False
842,2.929073801054193,2.830654391875693,1.7126295505684812,1.684,1,False
843,2.935065727191973,2.824236674378165,1.704752190856836,1.686,1,False
844,2.941020054776637,2.8177680782184074,1.6969247447824531,1.688,1,False
845,2.9469369169538853,2.8112490439061024,1.6891471985503386,1.69,1,False
846,2.9528164468694236,2.804680011950931,1.6814195383654995,1.692,1,False
847,2.9586587776689517,2.7980614228625726,1.6737417504329417,1.694,1,False
848,2.9644640424981747,2.7913937171507097,1.6661138209576722,1.696,1,False
849,2.9702323745027934,2.784677335325022,1.6585357361446977,1.698,1,False
850,2.9759639068285124,2.7779127178951915,1.6510074821990248,1.7,1,False
851,2.9816587726210324,2.771100305370898,1.6435290453256588,1.702,1,False
852,2.9873171050260567,2.7642405382618223,1.6361004117296074,1.704,1,False
853,2.992939037189288,2.7573338570776453,1.6287215676158768,1.706,1,False
854,2.9985247022564288,2.750380702328049,1.6213924991894737,1.708,1,False
855,3.004074233373182,2.743381514522712,1.6141131926554044,1.71,1,False
856,3.009587763685249,2.736336734171317,1.6068836342186745,1.712,1,False
857,3.0150654263383343,2.7292468017835434,1.5997038100842922,1.714,1,False
858,3.020507354478139,2.7221121578690735,1.5925737064572623,1.716,1,True
859,3.0259136812503664,2.7149332429375876,1.5854933095425925,1.718,1,False
860,3.0312845398007204,2.707710497498766,1.5784626055452893,1.72,1,False
861,3.0366200632749,2.700444362062289,1.5714815806703581,1.722,1,False
862,3.041920384818611,2.693135277137839,1.5645502211228068,1.724,1,False
863,3.0471856375775555,2.685783683235096,1.5576685131076409,1.726,1,False
864,3.0524159546974357,2.6783900208637412,1.550836442829867,1.728,1,False
865,3.0576114693239536,2.6709547305334547,1.544053996494492,1.73,1,False
866,3.062772314602813,2.663478252753918,1.5373211603065229,1.732,1,False
867,3.067898623679716,2.655961028034811,1.5306379204709648,1.734,1,False
868,3.072990529700364,2.6484034968858152,1.5240042631928254,1.736,1,False
869,3.0780481658104613,2.6408060998166114,1.51742017467711,1.738,1,False
870,3.08307166515571,2.633169277336882,1.5108856411288267,1.74,1,False
871,3.0880611608818125,2.625493469956304,1.5044006487529806,1.742,1,False
872,3.0930167861344717,2.617779118184562,1.4979651837545793,1.744,1,False
873,3.0979386740593893,2.610026662531333,1.4915792323386277,1.746,1,False
874,3.1028269578022702,2.602236543506303,1.485242780710134,1.748,1,False
875,3.1076817705088144,2.5944092016191473,1.478955815074104,1.75,1,False
876,3.1125032453247266,2.586545077379551,1.4727183216355444,1.752,1,False
877,3.1172915153957073,2.5786446112971917,1.4665302865994612,1.754,1,False
878,3.12204671386746,2.570708243881752,1.460391696170861,1.756,1,False
879,3.126768973885689,2.5627364156429135,1.454302536554751,1.758,1,False
880,3.131458428596095,2.5547295670903556,1.4482627939561372,1.76,1,False
881,3.136115211144381,2.546688138733759,1.442272454580026,1.762,1,False
882,3.1407394546762486,2.5386125710828047,1.4363315046314242,1.764,1,False
883,3.1453312923374033,2.5305033046471745,1.4304399303153381,1.766,1,True
884,3.1498908572735442,2.5223607799365473,1.4245977178367741,1.768,1,False
885,3.1544182826303766,2.5141854374606063,1.4188048534007387,1.77,1,False
886,3.158913701553603,2.5059777177290306,1.413061323212239,1.772,1,False
887,3.163377247188924,2.4977380612515026,1.4073671134762809,1.774,1,False
888,3.167809052682043,2.4894669085377004,1.4017222103978708,1.776,1,False
889,3.172209251178663,2.4811647000973065,1.3961266001820154,1.778,1,False
890,3.176577975824488,2.472831876440004,1.3905802690337215,1.78,1,False
891,3.1809153597652178,2.4644688780754693,1.3850832031579954,1.782,1,False
892,3.185221536146557,2.4560761455133857,1.3796353887598432,1.784,1,False
893,3.189496638114208,2.447654119263434,1.3742368120442716,1.786,1,False
894,3.193740798813873,2.4392032398352947,1.3688874592162878,1.788,1,False
895,3.197954151391254,2.4307239477386484,1.3635873164808974,1.79,1,False
896,3.2021368289920544,2.422216683483176,1.3583363700431073,1.792,1,False
897,3.206288964761977,2.413681887578558,1.353134606107924,1.794,1,False
898,3.2104106918467235,2.4051200005344766,1.3479820108803535,1.796,1,False
899,3.2145021433919982,2.3965314628606107,1.3428785705654032,1.798,1,False
900,3.2185634525435014,2.3879167150666425,1.3378242713680792,1.8,1,False
901,3.2225947524469385,2.379276197662253,1.332819099493388,1.802,1,False
902,3.2265961762480084,2.3706103511571213,1.3278630411463357,1.804,1,False
903,3.230567857092418,2.3619196160609297,1.322956082531929,1.806,1,False
904,3.234509928125866,2.3532044328833583,1.3180982098551748,1.808,1,False
905,3.2384225224940577,2.344465242134089,1.3132894093210796,1.81,1,False
906,3.242305773342695,2.335702484322802,1.3085296671346494,1.812,1,False
907,3.24615981381748,2.3269165999591768,1.3038189695008908,1.814,1,False
908,3.2499847770641157,2.3181080295528966,1.2991573026248104,1.816,1,True
909,3.253780796228305,2.3092772136136404,1.2945446527114153,1.818,1,False
910,3.25754800445575,2.3004245926510896,1.289981005965711,1.82,1,False
911,3.2612865348921525,2.291550607174925,1.285466348592704,1.822,1,False
912,3.264996520683218,2.2826556976948287,1.281000666797402,1.824,1,False
913,3.2686780949746455,2.2737403047204783,1.2765839467848106,1.826,1,False
914,3.2723313909121385,2.2648048687615563,1.272216174759936,1.828,1,False
915,3.275956541641403,2.2558498303277466,1.267897336927786,1.83,1,False
916,3.279553680308137,2.246875629928725,1.2636274194933657,1.832,1,False
917,3.2831229400580466,2.237882708074176,1.259406408661682,1.834,1,False
918,3.286664454036832,2.2288715052737773,1.2552342906377412,1.836,1,False
919,3.2901783553901978,2.219842462037213,1.2511110516265511,1.838,1,False
920,3.293664777263844,2.2107960188741607,1.2470366778331166,1.84,1,False
921,3.297123852803476,2.201732616294303,1.2430111554624448,1.842,1,False
922,3.300555715154795,2.192652694807322,1.2390344707195429,1.844,1,False
923,3.3039604974635037,2.183556694922897,1.2351066098094161,1.846,1,False
924,3.3073383328753034,2.1744450571507072,1.2312275589370714,1.848,1,False
925,3.3106893545359006,2.165318222000436,1.2273973043075161,1.85,1,False
926,3.3140136955909947,2.156176629981763,1.2236158321257555,1.852,1,False
927,3.3173114891862885,2.1470207216043695,1.2198831285967973,1.854,1,False
928,3.320582868467486,2.137850937377936,1.2161991799256466,1.856,1,False
929,3.3238279665802875,2.128667717812143,1.212563972317311,1.858,1,False
930,3.327046916670399,2.119471503416673,1.2089774919767968,1.86,1,False
931,3.330239851883519,2.1102627347012044,1.20543972510911,1.862,1,False
932,3.333406905365354,2.1010418521754195,1.2019506579192576,1.864,1,False
933,3.3365482102616046,2.091809296348999,1.1985102766122462,1.866,1,True
934,3.339663899717974,2.0825655077316236,1.1951185673930813,1.868,1,False
935,3.342754106880164,2.0733109268329737,1.1917755164667707,1.87,1,False
936,3.3458189648938785,2.0640459941627305,1.1884811100383204,1.872,1,False
937,3.3488586069048187,2.0547711502305757,1.1852353343127366,1.874,1,False
938,3.351873166058689,2.045486835546188,1.1820381754950264,1.8760000000000001,1,False
939,3.3548627755011893,2.03619349061925,1.1788896197901955,1.8780000000000001,1,False
940,3.357827568378025,2.0268915559594425,1.175789653403251,1.8800000000000001,1,False
941,3.3607676778348967,2.017581472076444,1.1727382625391993,1.8820000000000001,1,False
942,3.363683237017509,2.0082636794799384,1.1697354334030472,1.8840000000000001,1,False
943,3.366574379071563,1.9989386186796043,1.1667811521998004,1.8860000000000001,1,False
944,3.369441237142761,1.9896067301851244,1.163875405134466,1.8880000000000001,1,False
945,3.3722839443768082,1.9802684545061784,1.1610181784120504,1.8900000000000001,1,False
946,3.3751026339194037,1.9709242321524465,1.1582094582375597,1.8920000000000001,1,False
947,3.3778974389162513,1.9615745036336105,1.1554492308160014,1.8940000000000001,1,False
948,3.380668492513055,1.9522197094593505,1.1527374823523806,1.8960000000000001,1,False
949,3.3834159278555163,1.9428602901393488,1.1500741990517047,1.8980000000000001,1,False
950,3.3861398780893373,1.9334966861832847,1.1474593671189806,1.9000000000000001,1,False
951,3.388840476360221,1.9241293381008389,1.1448929727592136,1.9020000000000001,1,False
952,3.3915178558138726,1.914758686401694,1.1423750021774113,1.9040000000000001,1,False
953,3.3941721495959905,1.905385171595529,1.1399054415785796,1.9060000000000001,1,False
954,3.3968034908522795,1.8960092341920252,1.1374842771677252,1.9080000000000001,1,False
955,3.3994120127284417,1.8866313147008638,1.1351114951498544,1.9100000000000001,1,False
956,3.4019978483701805,1.8772518536317255,1.1327870817299737,1.9120000000000001,1,False
957,3.4045611309231982,1.8678712914942905,1.13051102311309,1.9140000000000001,1,False
958,3.4071019935331965,1.8584900687982406,1.1282833055042099,1.9160000000000001,1,True
959,3.4096205693458788,1.8491086260532559,1.126103915108339,1.9180000000000001,1,False
960,3.412116991506947,1.8397274037690183,1.1239728381304845,1.92,1,False
961,3.4145913931621057,1.8303468424552078,1.121890060775653,1.922,1,False
962,3.4170439074570544,1.8209673826215032,1.1198555692488505,1.924,1,False
963,3.4194746675374996,1.8115894647775894,1.1178693497550842,1.926,1,False
964,3.42188380654914,1.8022135294331438,1.1159313884993594,1.928,1,False
965,3.4242714576376816,1.7928400170978498,1.1140416716866839,1.93,1,False
966,3.426637753948824,1.7834693682813858,1.1122001855220631,1.932,1,False
967,3.4289828286282713,1.774102023493434,1.1104069162105048,1.934,1,False
968,3.4313068148217263,1.7647384232436754,1.1086618499570142,1.936,1,False
969,3.4336098456748916,1.7553790080417895,1.1069649729665985,1.938,1,False
970,3.4358920543334697,1.746024218397459,1.105316271444264,1.94,1,False
971,3.4381535739431626,1.7366744948203634,1.1037157315950175,1.942,1,False
972,3.440394537649673,1.7273302778201836,1.102163339623865,1.944,1,False
973,3.4426150785987044,1.7179920079066004,1.1006590817358133,1.946,1,False
974,3.4448153299359587,1.7086601255892953,1.0992029441358688,1.948,1,False
975,3.4469954248071386,1.699335071377949,1.0977949130290383,1.95,1,False
976,3.4491554963579474,1.6900172857822415,1.096434974620328,1.952,1,False
977,3.451295677734086,1.6807072093118545,1.095123115114744,1.954,1,False
978,3.4534161020812584,1.671405282476468,1.0938593207172937,1.956,1,False
979,3.4555169025451677,1.6621119457857638,1.092643577632983,1.958,1,False
980,3.4575982122715154,1.6528276397494217,1.0914758720668185,1.96,1,False
981,3.4596601644060043,1.6435528048771235,1.090356190223807,1.962,1,False
982,3.4617028920943373,1.6342878816785495,1.0892845183089546,1.964,1,False
983,3.463726528482217,1.6250333106633799,1.0882608425272682,1.966,1,True
984,3.4657312067153447,1.6157895323412965,1.0872851490837536,1.968,1,False
985,3.4677170599394267,1.6065569872219803,1.0863574241834182,1.97,1,False
986,3.4696842213001613,1.5973361158151107,1.0854776540312678,1.972,1,False
987,3.4716328239432537,1.5881273586303701,1.084645824832309,1.974,1,False
988,3.473563001014405,1.5789311561774382,1.0838619227915487,1.976,1,False
989,3.475474885659319,1.569747948965996,1.0831259341139932,1.978,1,False
990,3.4773686110236977,1.5605781775057248,1.0824378450046488,1.98,1,False
991,3.4792443102532453,1.5514222823063055,1.0817976416685222,1.982,1,False
992,3.481102116493661,1.5422807038774187,1.08120531031062,1.984,1,False
993,3.4829421628906503,1.5331538827287445,1.0806608371359483,1.986,1,False
994,3.484764582589915,1.5240422593699647,1.0801642083495142,1.988,1,False
995,3.4865695087371567,1.5149462743107591,1.0797154101563236,1.99,1,False
996,3.4883570744780803,1.50586636806081,1.0793144287613832,1.992,1,False
997,3.4901274129583864,1.4968029811297965,1.0789612503696997,1.994,1,False
998,3.4918806573237786,1.4877565540274014,1.0786558611862795,1.996,1,False
999,3.49361694071996,1.4787275272633038,1.078398247416129,1.998,1,False
1000,3.4953363962926307,1.469716341347185,1.0781883952642548,2.0,1,False
1001,3.4970391571874955,1.4607234367887247,1.0780262909356633,2.0020000000000002,1,False
1002,3.498725356550258,1.4517492540976074,1.0779119206353611,2.004,1,False
1003,3.500395127526618,1.4427942337835096,1.0778452705683548,2.0060000000000002,1,False
1004,3.5020486032622795,1.4338588163561152,1.0778263269396504,2.008,1,False
1005,3.5036859169029446,1.4249434423251022,1.0778550759542551,2.0100000000000002,1,False
1006,3.505307201594317,1.4160485522001551,1.0779315038171746,2.012,1,False
1007,3.506912590482099,1.4071745864909508,1.0780555967334162,2.0140000000000002,1,False
1008,3.5085022167119932,1.3983219857071738,1.0782273409079863,2.016,1,True
1009,3.510076213429701,1.389491190358501,1.078446722545891,2.0180000000000002,1,False
1010,3.5116347137809267,1.3806826409546171,1.0787137278521368,2.02,1,False
1011,3.513177850911371,1.3718967780051992,1.0790283430317302,2.0220000000000002,1,False
1012,3.51470575796674,1.3631340420199327,1.0793905542896784,2.024,1,False
1013,3.5162185680927314,1.3543948735084923,1.079800347830987,2.0260000000000002,1,False
1014,3.5177164144350517,1.3456797129805653,1.080257709860663,2.028,1,False
1015,3.5191994301394014,1.3369890009458274,1.0807626265837125,2.0300000000000002,1,False
1016,3.5206677483514848,1.3283231779139635,1.0813150842051427,2.032,1,False
1017,3.5221215022170034,1.3196826843946505,1.081915068929959,2.0340000000000003,1,False
1018,3.52356082488166,1.3110679608975726,1.0825625669631693,2.036,1,False
1019,3.5249858494911575,1.3024794479324073,1.083257564509779,2.0380000000000003,1,False
1020,3.526396709191198,1.2939175860088394,1.084000047774795,2.04,1,False
1021,3.527793537127484,1.2853828156365454,1.0847900029632236,2.0420000000000003,1,False
1022,3.529176466445718,1.2768755773252103,1.0856274162800716,2.044,1,False
1023,3.5305456302916043,1.2683963115845107,1.0865122739303457,2.0460000000000003,1,False
1024,3.5319011618108447,1.2599454589241321,1.0874445621190516,2.048,1,False
1025,3.533243194149141,1.2515234598537526,1.0884242670511963,2.05,1,False
1026,3.534571860452196,1.243130754883051,1.0894513749317865,2.052,1,False
1027,3.535887293865712,1.2347677845217127,1.0905258719658282,2.054,1,False
1028,3.5371896275353936,1.2264349892794142,1.0916477443583286,2.056,1,False
1029,3.5384789946069404,1.2181328096658397,1.0928169783142931,2.058,1,False
1030,3.5397555282260575,1.2098616861906675,1.0940335600387294,2.06,1,False
1031,3.5410193615384467,1.2016220593635811,1.0952974757366432,2.062,1,False
1032,3.5422706276898106,1.1934143696942576,1.0966087116130414,2.064,1,False
1033,3.5435094598258505,1.1852390576923821,1.0979672538729304,2.066,1,True
1034,3.544735991092271,1.177096563867631,1.0993730887213164,2.068,1,False
1035,3.545950354634775,1.1689873287296897,1.1008262023632065,2.07,1,False
1036,3.5471526835990623,1.1609117927882342,1.102326581003607,2.072,1,False
1037,3.5483431111308392,1.1528703965529505,1.103874210847524,2.074,1,False
1038,3.549521770375805,1.1448635805335146,1.1054690780999643,2.076,1,False
1039,3.550688794479664,1.1368917852396114,1.1071111689659343,2.078,1,False
1040,3.551844316588119,1.128955451180918,1.1088004696504405,2.08,1,False
1041,3.5529884698468717,1.1210550188671184,1.1105369663584896,2.082,1,False
1042,3.554121387401625,1.1131909288078905,1.112320645295088,2.084,1,False
1043,3.5552432023980827,1.1053636215129183,1.114151492665242,2.086,1,False
1044,3.556354047981945,1.097573537491879,1.1160294946739586,2.088,1,False
1045,3.5574540572989166,1.0898211172544576,1.1179546375262437,2.09,1,False
1046,3.558543363494699,1.0821068013103303,1.119926907427104,2.092,1,False
1047,3.559622099714996,1.074431030169183,1.1219462905815463,2.094,1,False
1048,3.5606903991055088,1.066794244340691,1.1240127731945768,2.096,1,False
1049,3.5617483948119406,1.05919688433454,1.126126341471202,2.098,1,False
1050,3.5627962199799943,1.0516393906604071,1.1282869816164287,2.1,1,False
1051,3.5638340077553723,1.0441222038279772,1.1304946798352629,2.102,1,False
1052,3.564861891283777,1.0366457643469256,1.1327494223327115,2.104,1,False
1053,3.5658800037109115,1.0292105127269389,1.1350511953137807,2.106,1,False
1054,3.566888478182478,1.0218168894776933,1.1373999849834775,2.108,1,False
1055,3.5678874478441793,1.0144653351088728,1.1397957775468077,2.11,1,False
1056,3.5688770458417167,1.0071562901301552,1.1422385592087783,2.112,1,False
1057,3.5698574053207963,0.9998901950512256,1.1447283161743957,2.114,1,False
1058,3.570828659427117,0.9926674903817599,1.1472650346486666,2.116,1,True
1059,3.571790941306384,0.9854886166314435,1.1498487008365967,2.118,1,False
1060,3.572744384104298,0.9783540143099526,1.1524793009431937,2.12,1,False
1061,3.573689120966562,0.9712641239269724,1.155156821173463,2.122,1,False
1062,3.5746252850388798,0.9642193859921802,1.157881247732412,2.124,1,False
1063,3.5755530094669514,0.9572202410152595,1.1606525668250463,2.126,1,False
1064,3.5764724273964834,0.9502671295058889,1.1634707646563733,2.128,1,False
1065,3.577383671973175,0.9433604919737522,1.1663358274313986,2.13,1,False
1066,3.5782868763427316,0.9365007689285262,1.1692477413551299,2.132,1,False
1067,3.579182173650853,0.9296884008798955,1.1722064926325722,2.134,1,False
1068,3.580069697043243,0.9229238283375377,1.1752120674687336,2.136,1,False
1069,3.580949579665605,0.9162074918111365,1.178264452068619,2.138,1,False
1070,3.581821954663641,0.9095398318103702,1.181363632637236,2.14,1,False
1071,3.5826869551830525,0.9029212888449217,1.1845095953795903,2.142,1,False
1072,3.583544714369544,0.8963523034244699,1.1877023265006899,2.144,1,False
1073,3.5843953653688168,0.8898333160586981,1.190941812205539,2.146,1,False
1074,3.5852390413265747,0.8833647672572841,1.1942280386991468,2.148,1,False
1075,3.586075875388519,0.8769470975299116,1.1975609921865173,2.15,1,False
1076,3.586906000700353,0.8705807473862589,1.2009406588726588,2.152,1,False
1077,3.587729550407779,0.8642661573360089,1.2043670249625762,2.154,1,False
1078,3.5885466576565,0.8580037678888408,1.2078400766612778,2.156,1,False
1079,3.5893574555922183,0.8517940195544368,1.2113598001737682,2.158,1,False
1080,3.590162077360637,0.8456373528424761,1.214926181705056,2.16,1,False
1081,3.590960656107458,0.8395342082626418,1.2185392074601455,2.162,1,False
1082,3.5917533249783853,0.8334850263246121,1.2221988636440455,2.164,1,False
1083,3.592540217119118,0.8274902475380698,1.22590513646176,2.166,1,True
1084,3.593321465675364,0.821550312412694,1.2296580121182976,2.168,1,False
1085,3.5940972037928214,0.8156656614581683,1.2334574768186635,2.17,1,False
1086,3.5948675646171946,0.8098367351841703,1.2373035167678652,2.172,1,False
1087,3.595632681294187,0.804063974100383,1.2411961181709077,2.174,1,False
1088,3.5963926869694998,0.7983478187164854,1.2451352672327998,2.176,1,False
1089,3.597147714788836,0.7926887095421609,1.2491209501585456,2.178,1,False
1090,3.597897897897899,0.7870870870870872,1.2531531531531532,2.18,1,False
1091,3.598643369442391,0.7815433918609485,1.2572318624216283,2.182,1,False
1092,3.5993842625680132,0.7760580643734221,1.2613570641689782,2.184,1,False
1093,3.60012071042047,0.7706315451341917,1.2655287446002081,2.186,1,False
1094,3.600852846145464,0.7652642746529359,1.2697468899203264,2.188,1,False
1095,3.601580802888696,0.7599566934393382,1.2740114863343375,2.19,1,False
1096,3.6023047137958706,0.7547092420030763,1.2783225200472494,2.192,1,False
1097,3.6030247120126897,0.7495223608538337,1.2826799772640676,2.194,1,False
1098,3.6037409306848556,0.7443964905012885,1.2870838441897994,2.196,1,False
1099,3.6044535029580724,0.7393320714551249,1.2915341070294506,2.198,1,False
1100,3.6051625619780396,0.7343295442250204,1.2960307519880288,2.2,1,False
1101,3.605868240890463,0.7293893493206582,1.300573765270539,2.202,1,False
1102,3.606570672841043,0.7245119272517171,1.3051631330819895,2.204,1,False
1103,3.6072699909754844,0.7196977185278804,1.3097988416273845,2.206,1,False
1104,3.6079663284394874,0.714947163658826,1.3144808771117327,2.208,1,False
1105,3.608659818378756,0.7102607031542377,1.3192092257400392,2.21,1,False
1106,3.609350593938993,0.705638777523794,1.3239838737173117,2.212,1,False
1107,3.610038788265901,0.7010818272771772,1.3288048072485548,2.214,1,False
1108,3.610724534505182,0.6965902929240673,1.3336720125387778,2.216,1,True
1109,3.6114079658025378,0.6921646149741453,1.3385854757929838,2.218,1,False
1110,3.612089215303673,0.6878052339370915,1.3435451832161824,2.22,1,False
1111,3.6127684161542883,0.6835125903225879,1.348551121013378,2.222,1,False
1112,3.613445701500088,0.679287124640314,1.3536032753895788,2.224,1,False
1113,3.614121204486774,0.6751292773999522,1.358701632549789,2.226,1,False
1114,3.6147950582600488,0.6710394891111814,1.363846178699018,2.228,1,False
1115,3.6154673959656147,0.6670182002836844,1.3690369000422693,2.23,1,False
1116,3.616138350749176,0.6630658514271401,1.3742737827845524,2.232,1,False
1117,3.616808055756433,0.6591828830512313,1.3795568131308706,2.234,1,False
1118,3.617476644133089,0.6553697356656364,1.3848859772862339,2.236,1,False
1119,3.6181442490248465,0.651626849780039,1.3902612614556453,2.238,1,False
1120,3.61881100357741,0.6479546659041174,1.3956826518441146,2.24,1,False
1121,3.6194770409364807,0.6443536245475546,1.4011501346566448,2.242,1,False
1122,3.6201424942477605,0.640824166220029,1.4066636960982466,2.244,1,False
1123,3.620807496656952,0.6373667314312238,1.412223322373922,2.246,1,False
1124,3.6214721813097603,0.6339817606908178,1.4178289996886813,2.248,1,False
1125,3.6221366813518836,0.6306696945084939,1.4234807142475279,2.25,1,False
1126,3.6228011299290297,0.6274309733939311,1.4291784522554711,2.2520000000000002,1,False
1127,3.623465660186897,0.6242660378568113,1.4349221999175148,2.254,1,False
1128,3.624130405271191,0.6211753284068141,1.4407119434386686,2.2560000000000002,1,False
1129,3.6247954983276127,0.6181592855536227,1.4465476690239356,2.258,1,False
1130,3.6254610725018646,0.6152183498069147,1.4524293628783247,2.2600000000000002,1,False
1131,3.6261272609396507,0.6123529616763734,1.4583570112068407,2.262,1,False
1132,3.6267941967866717,0.6095635616716785,1.4643306002144922,2.2640000000000002,1,False
1133,3.627462013188632,0.6068505903025114,1.4703501161062835,2.266,1,True
1134,3.628130843291233,0.6042144880785525,1.4764155450872232,2.2680000000000002,1,False
1135,3.628800820240178,0.6016556955094831,1.4825268733623151,2.27,1,False
1136,3.6294720771811693,0.5991746531049829,1.4886840871365687,2.2720000000000002,1,False
1137,3.6301447472599095,0.5967718013747342,1.4948871726149884,2.274,1,False
1138,3.6308189636221018,0.5944475808284166,1.501136116002582,2.2760000000000002,1,False
1139,3.631494859413448,0.5922024319757119,1.5074309035043543,2.278,1,False
1140,3.63217256777965,0.5900367953262998,1.5137715213253138,2.2800000000000002,1,False
1141,3.6328522218664125,0.5879511113898626,1.5201579556704654,2.282,1,False
1142,3.6335339548194363,0.5859458206760793,1.526590192744817,2.2840000000000003,1,False
1143,3.6342178997844266,0.5840213636946324,1.5330682187533737,2.286,1,False
1144,3.6349041899070826,0.5821781809552014,1.5395920199011437,2.2880000000000003,1,False
1145,3.6355929583331092,0.5804167129674683,1.5461615823931316,2.29,1,False
1146,3.636284338208207,0.5787374002411128,1.5527768924343455,2.2920000000000003,1,False
1147,3.636978462678081,0.5771406832858166,1.55943793622979,2.294,1,False
1148,3.6376754648884324,0.57562700261126,1.5661446999844744,2.2960000000000003,1,False
1149,3.638375477984964,0.5741967987271243,1.5728971699034018,2.298,1,False
1150,3.6390786351133797,0.5728505121430892,1.5796953321915825,2.3000000000000003,1,False
1151,3.6397850694193794,0.5715885833688371,1.586539173054019,2.302,1,False
1152,3.6404949140486678,0.5704114529140477,1.5934286786957215,2.3040000000000003,1,False
1153,3.6412083021469472,0.5693195612884024,1.6003638353216931,2.306,1,False
1154,3.6419253668599194,0.5683133490015816,1.607344629136942,2.308,1,False
1155,3.6426462413332885,0.5673932565632662,1.6143710463464767,2.31,1,False
1156,3.6433710587127557,0.5665597244831374,1.6214430731552996,2.312,1,False
1157,3.6440999521440247,0.5658131932708752,1.6285606957684213,2.314,1,False
1158,3.6448330547727967,0.565154103436161,1.6357239003908441,2.316,1,True
1159,3.645570499744776,0.5645828954886758,1.642932673227579,2.318,1,False
1160,3.646312420205663,0.5641000099380999,1.650187000483628,2.32,1,False
1161,3.6470589493011625,0.5637058872941146,1.6574868683640016,2.322,1,False
1162,3.6478102201769778,0.5634009680664004,1.664832263073703,2.324,1,False
1163,3.648566365978808,0.5631856927646381,1.6722231708177415,2.326,1,False
1164,3.649327519852359,0.5630605018985088,1.6796595778011212,2.328,1,False
1165,3.650093814943331,0.5630258359776931,1.687141470228851,2.33,1,False
1166,3.6508653843974286,0.5630821355118719,1.6946688343059346,2.332,1,False
1167,3.651642361360353,0.5632298410107257,1.7022416562373814,2.334,1,False
1168,3.6524248789778078,0.5634693929839361,1.709859922228195,2.336,1,False
1169,3.6532130703954953,0.5638012319411828,1.7175236184833849,2.338,1,False
1170,3.6540070687591175,0.5642257983921477,1.7252327312079545,2.34,1,False
1171,3.654807007214378,0.5647435328465109,1.7329872466069138,2.342,1,False
1172,3.655613018906979,0.5653548758139534,1.7407871508852653,2.344,1,False
1173,3.6564252369826225,0.5660602678041567,1.7486324302480196,2.346,1,False
1174,3.6572437945870115,0.5668601493268002,1.7565230709001796,2.348,1,False
1175,3.6580688248658495,0.5677549608915659,1.7644590590467548,2.35,1,False
1176,3.658900460964839,0.568745143008134,1.7724403808927491,2.352,1,False
1177,3.65973883602968,0.5698311361861856,1.7804670226431711,2.354,1,False
1178,3.6605840832060776,0.5710133809354014,1.788538970503025,2.356,1,False
1179,3.6614363356397353,0.5722923177654624,1.796656210677321,2.358,1,False
1180,3.662295726476354,0.5736683871860495,1.8048187293710611,2.36,1,False
1181,3.663162388861636,0.5751420297068429,1.8130265127892558,2.362,1,False
1182,3.664036455941286,0.5767136858375244,1.821279547136908,2.364,1,False
1183,3.6649180608610026,0.5783837960877736,1.8295778186190272,2.366,1,True
1184,3.665807336766492,0.5801528009672721,1.8379213134406176,2.368,1,False
1185,3.6667044168034564,0.5820211409857007,1.8463100178066887,2.37,1,False
1186,3.6676094341175975,0.5839892566527399,1.8547439179222427,2.372,1,False
1187,3.6685225218546185,0.586057588478071,1.8632229999922911,2.374,1,False
1188,3.669443813160221,0.588226576971374,1.871747250221835,2.376,1,False
1189,3.670373441180109,0.5904966626423314,1.880316654815886,2.378,1,False
1190,3.6713115390599844,0.5928682860006215,1.888931199979447,2.38,1,False
1191,3.67225823994555,0.5953418875559273,1.897590871917527,2.382,1,False
1192,3.673213676982508,0.5979179078179285,1.90629565683513,2.384,1,False
1193,3.6741779833165618,0.6005967872963062,1.9150455409372649,2.386,1,False
1194,3.6751512920934126,0.6033789665007412,1.9238405104289358,2.388,1,False
1195,3.6761337364587647,0.6062648859409144,1.9326805515151522,2.39,1,False
1196,3.6771254495583197,0.6092549861265065,1.9415656504009169,2.392,1,False
1197,3.6781265645377803,0.6123497075671986,1.9504957932912403,2.394,1,False
1198,3.679137214542849,0.6155494907726708,1.9594709663911254,2.396,1,False
1199,3.680157532719229,0.618854776252605,1.9684911559055822,2.398,1,False
1200,3.681187652212623,0.6222660045166809,1.9775563480396132,2.4,1,False
1201,3.6822277061687325,0.6257836160745803,1.9866665289982288,2.402,1,False
1202,3.683277827733262,0.629408051435983,1.9958216849864319,2.404,1,False
1203,3.6843381500519117,0.633139751110571,2.0050218022092325,2.406,1,False
1204,3.6854088062703863,0.6369791556080239,2.014266866871634,2.408,1,False
1205,3.6864899295343867,0.6409267054380234,2.0235568651786457,2.41,1,False
1206,3.687581652989617,0.6449828411102501,2.0328917833352715,2.412,1,False
1207,3.6886841097817786,0.6491480031343848,2.04227160754652,2.414,1,False
1208,3.689797433056576,0.6534226320201074,2.0516963240173958,2.416,1,True
1209,3.690921755959709,0.6578071682771006,2.061165918952908,2.418,1,False
1210,3.692057211636882,0.6623020524150435,2.070680378558059,2.42,1,False
1211,3.6932039332337983,0.6669077249436185,2.0802396890378607,2.422,1,False
1212,3.6943620538961586,0.6716246263725045,2.089843836597314,2.424,1,False
1213,3.6955317067696667,0.6764531972113842,2.0994928074414307,2.426,1,False
1214,3.696713025000025,0.6813938779699366,2.1091865877752127,2.428,1,False
1215,3.697906141732936,0.6864471091578447,2.11892516380367,2.43,1,False
1216,3.6991111901141034,0.6916133312847864,2.1287085217318062,2.432,1,False
1217,3.7003283032892273,0.6968929848604459,2.1385366477646306,2.434,1,False
1218,3.701557614404013,0.702286510394501,2.1484095281071465,2.436,1,False
1219,3.702799256604161,0.7077943483966351,2.1583271489643643,2.438,1,False
1220,3.704053363035376,0.7134169393765264,2.1682894965412864,2.44,1,False
1221,3.7053200668433584,0.7191547238438585,2.1782965570429234,2.442,1,False
1222,3.7065995011738115,0.7250081423083091,2.188348316674277,2.444,1,False
1223,3.70789179917244,0.7309776352795625,2.1984447616403595,2.446,1,False
1224,3.709197093984943,0.7370636432672959,2.208585878146171,2.448,1,False
1225,3.7105155187570267,0.7432666067811937,2.218771652396725,2.45,1,False
1226,3.7118472066343897,0.7495869663309334,2.2290020705970206,2.452,1,False
1227,3.7131922907627386,0.7560251624261989,2.2392771189520713,2.454,1,False
1228,3.7145509042877736,0.762581635576668,2.2495967836668775,2.456,1,False
1229,3.7159231803551984,0.7692568262920243,2.2599610509464516,2.458,1,False
1230,3.7173092521107147,0.7760511750819458,2.2703699069957937,2.46,1,False
1231,3.718709252700026,0.7829651224561166,2.2808233380199163,2.462,1,False
1232,3.720123315268834,0.7899991089242143,2.291321330223821,2.464,1,False
1233,3.7215515729628423,0.7971535749959224,2.301863869812519,2.466,1,True
1234,3.7229941589277527,0.804428961180919,2.3124509429910116,2.468,1,False
1235,3.7244512063092685,0.811825707988888,2.3230825359643106,2.47,1,False
1236,3.725922848253091,0.8193442559295065,2.3337586349374164,2.472,1,False
1237,3.727409217904926,0.8269850455124599,2.344479226115343,2.474,1,False
1238,3.7289104484104714,0.8347485172474245,2.35524429570309,2.476,1,False
1239,3.730426672915434,0.8426351116440853,2.3660538299056695,2.478,1,False
1240,3.7319580245655133,0.8506452692121182,2.376907814928082,2.48,1,False
1241,3.733504636506414,0.8587794304612097,2.3878062369753406,2.482,1,False
1242,3.7350666418838383,0.8670380359010352,2.3987490822524453,2.484,1,False
1243,3.7366441738434886,0.8754215260412803,2.409736336964409,2.486,1,False
1244,3.7382373655310674,0.8839303413916215,2.4207679873162324,2.488,1,False
1245,3.739846350092277,0.8925649224617433,2.4318440195129267,2.49,1,False
1246,3.74147126067282,0.9013257097613232,2.442964419759494,2.492,1,False
1247,3.7431122304184004,0.9102131438000459,2.4541291742609457,2.494,1,False
1248,3.744769392474719,0.9192276650875879,2.4653382692222836,2.496,1,False
1249,3.74644287998748,0.9283697141336338,2.476591690848518,2.498,1,False
1250,3.748132826102384,0.9376397314478607,2.487889425344651,2.5,1,False
1251,3.7498393639651364,0.947038157539954,2.4992314589156956,2.5020000000000002,1,False
1252,3.7515626267214373,0.9565654329195898,2.5106177777666514,2.504,1,False
1253,3.753302747516991,0.9662219980964529,2.5220483681025305,2.5060000000000002,1,False
1254,3.755059859497498,0.9760082935802202,2.533523216128334,2.508,1,False
1255,3.7568340958086637,0.9859247598805768,2.5450423080490747,2.5100000000000002,1,False
1256,3.758625589596189,0.9959718375071995,2.556605630069752,2.512,1,False
1257,3.760434474005776,1.0061499669697729,2.5682131683953795,2.5140000000000002,1,False
1258,3.7622608821831296,1.0164595887779737,2.579864909230958,2.516,1,True
1259,3.7641049472739496,1.0269011434414872,2.5915608387814983,2.5180000000000002,1,False
1260,3.765966802423941,1.0374750714699896,2.6033009432520027,2.52,1,False
1261,3.767846580778805,1.0481818133731662,2.6150852088474825,2.5220000000000002,1,False
1262,3.769744415484244,1.0590218096606931,2.626913621772938,2.524,1,False
1263,3.7716604396859625,1.0699955008422566,2.6387861682333833,2.5260000000000002,1,False
1264,3.77359478652966,1.081103327427532,2.6507028344338175,2.528,1,False
1265,3.775547589161042,1.092345729926205,2.6626636065792533,2.5300000000000002,1,False
1266,3.7775189807258105,1.1037231488479513,2.6746684708746917,2.532,1,False
1267,3.7795090943696668,1.1152360247024578,2.6867174135251446,2.5340000000000003,1,False
1268,3.781518063238315,1.126884797999399,2.6988104207356134,2.536,1,False
1269,3.783546020477457,1.1386699092484618,2.71094747871111,2.5380000000000003,1,False
1270,3.785593099232795,1.1505917989593204,2.7231285736566346,2.54,1,False
1271,3.7876594326500324,1.162650907641663,2.7353536917772003,2.5420000000000003,1,False
1272,3.789745153874871,1.1748476758051631,2.7476228192778067,2.544,1,False
1273,3.7918503960530145,1.1871825439595076,2.7599359423634673,2.5460000000000003,1,False
1274,3.793975292330166,1.199655952614373,2.7722930472391827,2.548,1,False
1275,3.796119975852025,1.2122683422794438,2.784694120109964,2.5500000000000003,1,False
1276,3.7982845797642977,1.225020153464397,2.7971391471808134,2.552,1,False
1277,3.8004692372126847,1.2379118266789169,2.809628114656742,2.5540000000000003,1,False
1278,3.8026740813428885,1.2509438024326807,2.8221610087427513,2.556,1,False
1279,3.8048992453006134,1.264116521235374,2.834737815643854,2.5580000000000003,1,False
1280,3.8071448622315596,1.2774304235966714,2.8473585215650483,2.56,1,False
1281,3.809411065281432,1.2908859500262575,2.8600231127113473,2.562,1,False
1282,3.8116979875959323,1.3044835410338158,2.8727315752877574,2.564,1,False
1283,3.8140057623207633,1.3182236371290208,2.885483895499281,2.566,1,True
1284,3.816334522601627,1.33210667882156,2.8982800595509297,2.568,1,False
1285,3.8186844015842256,1.3461331066211073,2.9111200536477035,2.57,1,False
1286,3.821055532414263,1.3603033610373507,2.924003863994616,2.572,1,False
1287,3.8234480482374416,1.374617882579964,2.9369314767966683,2.574,1,False
1288,3.825862082199464,1.3890771117586345,2.9499028782588708,2.576,1,False
1289,3.828297767446032,1.4036814890830367,2.9629180545862255,2.578,1,False
1290,3.8307552371228493,1.4184314550628576,2.975976991983745,2.58,1,False
1291,3.8332346243756175,1.4333274502077724,2.9890796766564285,2.582,1,False
1292,3.8357360623500396,1.448369915027467,3.0022260948092896,2.584,1,False
1293,3.8382596841918195,1.4635592900316174,3.01541623264733,2.586,1,False
1294,3.8408056230466565,1.4788960157299096,3.028650076375558,2.588,1,False
1295,3.8433740120602566,1.494380532632018,3.041927612198979,2.59,1,False
1296,3.8459649843783215,1.5100132812476306,3.0552488263226016,2.592,1,False
1297,3.8485786731465517,1.5257947020864207,3.0686137049514284,2.594,1,False
1298,3.8512152115106533,1.5417252356580775,3.0820222342904726,2.596,1,False
1299,3.853874732616326,1.557805322472273,3.0954744005447328,2.598,1,False
1300,3.856557369609275,1.5740354030386965,3.1089701899192232,2.6,1,False
1301,3.8592632556352005,1.5904159178670207,3.122509588618942,2.602,1,False
1302,3.8619925238398056,1.6069473074669343,3.136092582848904,2.604,1,False
1303,3.8647453073687945,1.6236300123481107,3.149719158814109,2.606,1,False
1304,3.8675217393678682,1.6404644730202378,3.163389302719569,2.608,1,False
1305,3.87032195298273,1.6574511299929888,3.1771030007702854,2.61,1,False
1306,3.873146081359083,1.6745904237760525,3.1908602391712693,2.612,1,False
1307,3.8759942576426285,1.6918827948791022,3.2046610041275225,2.614,1,False
1308,3.87886661497907,1.7093286838118256,3.2185052818440565,2.616,1,True
1309,3.8817632865141096,1.7269285310838973,3.2323930585258736,2.618,1,False
1310,3.88468440539345,1.744682777205004,3.2463243203779832,2.62,1,False
1311,3.8876301047627937,1.7625918626848198,3.260299053605388,2.622,1,False
1312,3.8906005177678447,1.7806562280330338,3.274317244413101,2.624,1,False
1313,3.8935957775543044,1.7988763137593178,3.288378879006122,2.626,1,False
1314,3.896616017267876,1.8172525603733618,3.302483943589463,2.628,1,False
1315,3.89966137005426,1.835785408384837,3.316632424368124,2.63,1,False
1316,3.902731969059162,1.854475298303433,3.330824307547119,2.632,1,False
1317,3.9058279474282824,1.8733226706388235,3.3450595793314477,2.634,1,False
1318,3.908949438307326,1.8923279659006962,3.3593382259261233,2.636,1,False
1319,3.9120965748419927,1.9114916245987246,3.3736602335361447,2.638,1,False
1320,3.9152694901779883,1.9308140872425974,3.388025588366527,2.64,1,False
1321,3.9184683174610124,1.9502957943419865,3.4024342766222677,2.642,1,False
1322,3.9216931898367693,1.9699371864065818,3.416886284508381,2.644,1,False
1323,3.924944240450961,1.989738703946056,3.4313815982298674,2.646,1,False
1324,3.92822160244929,2.0097007874700976,3.445920203991739,2.648,1,False
1325,3.9315254089774587,2.029823877488379,3.460502087998996,2.65,1,False
1326,3.934855793181172,2.0501084145105897,3.4751272364566526,2.652,1,False
1327,3.938212888206129,2.070554839046402,3.4897956355697066,2.654,1,False
1328,3.941596827198035,2.091163591605506,3.5045072715431727,2.656,1,False
1329,3.9450077433025914,2.1119351126975725,3.5192621305820504,2.658,1,False
1330,3.948445769665502,2.1328698428322923,3.5340601988913525,2.66,1,False
1331,3.951911039432467,2.1539682225193366,3.5489014626760795,2.662,1,False
1332,3.9554036857491917,2.1752306922683955,3.563785908141244,2.664,1,False
1333,3.958923841761376,2.19665769258914,3.5787135214918457,2.666,1,True
1334,3.962471640614726,2.218249663991262,3.5936842889328986,2.668,1,False
1335,3.96604721545494,2.2400070469844304,3.608698196669401,2.67,1,False
1336,3.9696506994277247,2.261930282078338,3.6237552309063683,2.672,1,False
1337,3.97328222567878,2.284019809782654,3.6388553778487975,2.674,1,False
1338,3.9769419273538107,2.306276070607071,3.653998623701706,2.676,1,False
1339,3.9806299375985166,2.328699505061257,3.6691849546700883,2.678,1,False
1340,3.984346389558604,2.351290553654906,3.684414356958962,2.68,1,False
1341,3.988091416379771,2.3740496568976863,3.699686816773324,2.682,1,False
1342,3.9918651512077234,2.3969772552992903,3.715002320318189,2.684,1,False
1343,3.995667727188163,2.420073789369388,3.7303608537985564,2.686,1,False
1344,3.9994992774667937,2.443339699617671,3.74576240341944,2.688,1,False
1345,4.003359935189316,2.4667754265538093,3.761206955385839,2.69,1,False
1346,4.007249833501434,2.4903814106874944,3.7766944959027673,2.692,1,False
1347,4.0111691055488485,2.5141580925283966,3.792225011175223,2.694,1,False
1348,4.015117884477264,2.5381059125862064,3.8077984874082205,2.696,1,False
1349,4.0190963034323826,2.5622253113705957,3.8234149108067603,2.698,1,False
1350,4.023104495559907,2.5865167293912545,3.8390742675758545,2.7,1,False
1351,4.027142594005537,2.6109806071578525,3.8547765439205013,2.702,1,False
1352,4.031210731914982,2.635617385180084,3.8705217260457188,2.704,1,False
1353,4.035309042433936,2.660427503967616,3.8863098001565017,2.706,1,False
1354,4.039437658708109,2.685411404030142,3.902140752457866,2.708,1,False
1355,4.0435967138832,2.7105695258773315,3.9180145691548107,2.71,1,False
1356,4.047786341104911,2.7359023100188757,3.933931236452349,2.712,1,False
1357,4.052006673518947,2.7614101969644453,3.949890740555481,2.714,1,False
1358,4.056257844271009,2.787093627223731,3.96589306766922,2.716,1,True
1359,4.060539986506799,2.812953041306403,3.9819382039985642,2.718,1,False
1360,4.064853233372022,2.8389888797221543,3.998026135748529,2.72,1,False
1361,4.06919771801238,2.865201582980653,4.014156849124113,2.722,1,False
1362,4.073573573573574,2.891591591591592,4.03033033033033,2.724,1,False
