,x,y,z,t,batnum,emission_point
0,2.7570570570570574,2.4927927927927933,3.112612612612613,0.0,1,False
1,2.740383221914262,2.4887427864102567,3.1290716486892265,0.002,1,False
2,2.723797508418943,2.4847410589568986,3.1454351232353686,0.004,1,False
3,2.707299746909436,2.4807874550107702,3.1617032174683453,0.006,1,False
4,2.6908897677240735,2.476881819149917,3.177876112605462,0.008,1,False
5,2.67456740120119,2.4730239959523885,3.193953989864026,0.01,1,False
6,2.6583324776791217,2.4692138299962316,3.209937030461341,0.012,1,False
7,2.642184827496203,2.4654511658594944,3.225825415614715,0.014,1,False
8,2.6261242809907674,2.4617358481202265,3.241619326541455,0.016,1,False
9,2.6101506685011486,2.458067721356473,3.2573189444588624,0.018000000000000002,1,False
10,2.5942638203656836,2.454446630146285,3.272924450584248,0.02,1,False
11,2.578463566922705,2.450872419067708,3.288436026134915,0.022,1,False
12,2.562749738510548,2.447344932698792,3.303853852328171,0.024,1,False
13,2.547122165467546,2.443864015617583,3.31917811038132,0.026000000000000002,1,False
14,2.5315806781320362,2.440429512402131,3.33440898151167,0.028,1,False
15,2.5161251068423507,2.4370412676304825,3.3495466469365267,0.03,1,False
16,2.5007552819368244,2.4336991258806853,3.364591287873195,0.032,1,False
17,2.485471033753793,2.4304029317307894,3.3795430855389825,0.034,1,False
18,2.470272192631589,2.42715252975884,3.3944022211511924,0.036000000000000004,1,False
19,2.4551585889085494,2.4239477645428877,3.4091688759271332,0.038,1,False
20,2.4401300529230063,2.4207884806609785,3.4238432310841103,0.04,1,False
21,2.4251864150132953,2.4176745226911613,3.4384254678394286,0.042,1,False
22,2.410327505517753,2.4146057352114845,3.4529157674103965,0.044,1,False
23,2.39555315477471,2.4115819627999957,3.467314311014317,0.046,1,False
24,2.380863193122503,2.408603050034743,3.4816212798684982,0.048,1,False
25,2.3662574508994663,2.4056688414937732,3.4958368551902446,0.05,1,False
26,2.3517357584439345,2.402779181755136,3.509961218196864,0.052000000000000005,1,False
27,2.337297946094243,2.399933915396879,3.5239945501056615,0.054,1,False
28,2.322943844188724,2.3971328869970487,3.537937032133942,0.056,1,False
29,2.308673283065713,2.394375941133695,3.5517888454990123,0.058,1,False
30,2.294486093063546,2.3916629223848656,3.5655501714181788,0.06,1,False
31,2.280382104520556,2.388993675328608,3.5792211911087484,0.062,1,False
32,2.2663611477750774,2.386368044542969,3.592802085788024,0.064,1,False
33,2.252423053165445,2.383785874605999,3.6062930366733137,0.066,1,False
34,2.2385676510299937,2.3812470100957444,3.6196942249819233,0.068,1,False
35,2.2247947717070584,2.378751295590253,3.6330058319311593,0.07,1,False
36,2.2111042455349725,2.3762985756675743,3.646228038738327,0.07200000000000001,1,False
37,2.197495902852071,2.373888694905755,3.6593610266207306,0.074,1,False
38,2.1839695739966887,2.371521497882844,3.6724049767956797,0.076,1,False
39,2.17052508930716,2.369196829176888,3.6853600704804776,0.078,1,False
40,2.157162279121819,2.3669145333659363,3.6982264888924323,0.08,1,False
41,2.1438809737790008,2.3646744550280365,3.7110044132488484,0.082,1,False
42,2.1306810036170396,2.362476438741236,3.723694024767031,0.084,1,False
43,2.1175621989742703,2.3603203290835832,3.7362955046642883,0.08600000000000001,1,False
44,2.104524390189026,2.358205970633126,3.7488090341579237,0.088,1,False
45,2.0915674075996433,2.356133207967913,3.7612347944652464,0.09,1,False
46,2.0786910815444553,2.354101885665991,3.77357296680356,0.092,1,False
47,2.0658952423617976,2.3521118483054093,3.785823732390171,0.094,1,False
48,2.0531797203900033,2.3501629404642155,3.7979872724423855,0.096,1,False
49,2.0405443459674077,2.348255006720457,3.8100637681775096,0.098,1,False
50,2.0279889494323458,2.3463878916521828,3.8220534008128495,0.1,1,False
51,2.015513361123151,2.344561439837439,3.833956351565709,0.10200000000000001,1,False
52,2.0031174113781596,2.3427754958542764,3.8457728016533976,0.10400000000000001,1,False
53,1.9908009305357033,2.3410299042807403,3.857502932293219,0.106,1,False
54,1.9785637489341197,2.3393245096948805,3.86914692470248,0.108,1,False
55,1.9664056969117407,2.3376591566747438,3.8807049600984866,0.11,1,False
56,1.9543266048069021,2.3360336897983784,3.892177219698543,0.112,1,False
57,1.9423263029579394,2.3344479536438336,3.9035638847199587,0.114,1,False
58,1.930404621703185,2.3329017927891558,3.9148651363800355,0.116,1,False
59,1.9185613913809756,2.3313950518123936,3.926081155896083,0.11800000000000001,1,False
60,1.9067964423296446,2.329927575291596,3.937212124485407,0.12,1,False
61,1.8951096048875247,2.328499207804808,3.948258223365309,0.122,1,False
62,1.8835007093929543,2.3271097939300818,3.9592196337531016,0.124,1,False
63,1.8719695861842631,2.3257591782454603,3.9700965368660825,0.126,1,False
64,1.8605160655997917,2.3244472053289975,3.9808891139215676,0.128,1,False
65,1.849139977977868,2.3231737197587354,3.991597546136854,0.13,1,False
66,1.837841153656833,2.321938566112727,4.002222014729256,0.132,1,False
67,1.8266194229750152,2.320741588969017,4.01276270091607,0.134,1,False
68,1.8154746162707545,2.319582632905656,4.023219785914612,0.136,1,False
69,1.8044065638823799,2.318461542500688,4.033593450942177,0.138,1,False
70,1.7934150961482318,2.317378162332166,4.043883877216082,0.14,1,False
71,1.7825000434066398,2.3163323369781326,4.054091245953625,0.14200000000000002,1,False
72,1.7716612359959418,2.3153239110166415,4.064215738372118,0.14400000000000002,1,False
73,1.76089850425447,2.314352729025737,4.0742575356888615,0.146,1,False
74,1.7502116785205597,2.313418635583467,4.084216819121165,0.148,1,False
75,1.7396005891325463,2.3125214752678813,4.094093769886332,0.15,1,False
76,1.729065066428763,2.311661092657027,4.103888569201671,0.152,1,False
77,1.718604940747545,2.310837332328952,4.113601398284487,0.154,1,False
78,1.7082200424272267,2.3100500388617045,4.123232438352085,0.156,1,False
79,1.697910201806143,2.3092990568333325,4.1327818706217725,0.158,1,False
80,1.6876752492226277,2.3085842308218836,4.142249876310855,0.16,1,False
81,1.6775150150150155,2.307905405405406,4.1516366366366375,0.162,1,False
82,1.6674293295216411,2.307262425161948,4.160942332816427,0.164,1,False
83,1.6574180230808395,2.306655134669558,4.17016714606753,0.166,1,False
84,1.6474809260309444,2.306083378506282,4.179311257607249,0.168,1,False
85,1.6376178687102907,2.3055470012501704,4.188374848652894,0.17,1,False
86,1.6278286814572132,2.30504584747927,4.197358100421772,0.17200000000000001,1,False
87,1.6181131946100453,2.3045797617716293,4.206261194131185,0.17400000000000002,1,False
88,1.6084712385071225,2.304148588705295,4.2150843109984395,0.176,1,False
89,1.59890264348678,2.3037521728583163,4.223827632240844,0.178,1,False
90,1.5894072398873498,2.30339035880874,4.232491339075701,0.18,1,False
91,1.5799848580471694,2.3030629911346163,4.24107561272032,0.182,1,False
92,1.5706353283045715,2.302769914413992,4.249580634392006,0.184,1,False
93,1.5613584809978909,2.3025109732249147,4.258006585308063,0.186,1,False
94,1.5521541464654631,2.3022860121454327,4.2663536466858005,0.188,1,False
95,1.5430221550456207,2.302094875753594,4.274621999742521,0.19,1,False
96,1.5339623370767004,2.3019374086274462,4.282811825695533,0.192,1,False
97,1.5249745228970348,2.301813455345038,4.29092330576214,0.194,1,False
98,1.5160585428449602,2.3017228604844173,4.298956621159651,0.196,1,False
99,1.5072142272588094,2.301665468623631,4.306911953105368,0.198,1,False
100,1.498441406476918,2.3016411243407293,4.314789482816604,0.2,1,False
101,1.4897399108376201,2.3016496722137574,4.322589391510655,0.202,1,False
102,1.4811095706792508,2.3016909568207646,4.330311860404835,0.20400000000000001,1,False
103,1.4725502163401438,2.3017648227397998,4.337957070716446,0.20600000000000002,1,False
104,1.4640616781586338,2.30187111454891,4.345525203662795,0.20800000000000002,1,False
105,1.4556437864730558,2.302009676826143,4.35301644046119,0.21,1,False
106,1.4472963716217442,2.302180354149548,4.360430962328935,0.212,1,False
107,1.4390192639430328,2.3023829910971716,4.367768950483335,0.214,1,False
108,1.4308122937752572,2.3026174322470627,4.3750305861416985,0.216,1,False
109,1.422675291456751,2.302883522177268,4.382216050521328,0.218,1,False
110,1.4146080873258493,2.3031811054658373,4.389325524839533,0.22,1,False
111,1.406610511720886,2.303510026690817,4.396359190313618,0.222,1,False
112,1.3986823949801965,2.3038701304302567,4.403317228160889,0.224,1,False
113,1.3908235674421152,2.3042612612622033,4.410199819598653,0.226,1,False
114,1.3830338594449763,2.3046832637647054,4.417007145844213,0.228,1,False
115,1.3753131013271136,2.3051359825158104,4.423739388114878,0.23,1,False
116,1.3676611234268625,2.305619262093565,4.430396727627954,0.232,1,False
117,1.3600777560825574,2.30613294707602,4.436979345600745,0.234,1,False
118,1.352562829632533,2.3066768820412222,4.443487423250558,0.23600000000000002,1,False
119,1.3451161744151234,2.3072509115672197,4.4499211417947,0.23800000000000002,1,False
120,1.3377376207686633,2.307854880232059,4.456280682450474,0.24,1,False
121,1.330426999031487,2.30848863261379,4.462566226435188,0.242,1,False
122,1.3231841395419295,2.3091520132904604,4.468777954966149,0.244,1,False
123,1.3160088726383248,2.3098448668401175,4.474916049260662,0.246,1,False
124,1.3089010286590077,2.310567037840809,4.4809806905360325,0.248,1,False
125,1.3018604379423124,2.3113183708705836,4.486972060009565,0.25,1,False
126,1.2948869308265747,2.31209871050749,4.49289033889857,0.252,1,False
127,1.2879803376501269,2.3129079013295746,4.498735708420348,0.254,1,False
128,1.2811404887513056,2.3137457879148875,4.504508349792211,0.256,1,False
129,1.274367214468444,2.3146122148414743,4.510208444231459,0.258,1,False
130,1.2676603451398771,2.315507026687383,4.515836172955401,0.26,1,False
131,1.26101971110394,2.316430068030665,4.521391717181344,0.262,1,False
132,1.2544451426989662,2.3173811834493643,4.5268752581265925,0.264,1,False
133,1.24793647026329,2.318360217521531,4.532286977008451,0.266,1,True
134,1.2414935241352474,2.3193670148252132,4.537627055044228,0.268,1,False
135,1.2351161346531718,2.3204014199384573,4.542895673451229,0.27,1,False
136,1.2288041321553982,2.3214632774393125,4.548093013446759,0.272,1,False
137,1.2225573469802604,2.3225524319058266,4.553219256248124,0.274,1,False
138,1.216375609466094,2.3236687279160484,4.558274583072632,0.276,1,False
139,1.2102587499512323,2.3248120100480243,4.563259175137587,0.278,1,False
140,1.2042065987740111,2.3259821228798034,4.568173213660296,0.28,1,False
141,1.198218986272764,2.3271789109894336,4.573016879858063,0.28200000000000003,1,False
142,1.1922957427858256,2.328402218954962,4.5777903549481955,0.28400000000000003,1,False
143,1.1864366986515311,2.3296518913544375,4.582493820148001,0.28600000000000003,1,False
144,1.1806416842082137,2.3309277727659072,4.58712745667478,0.28800000000000003,1,False
145,1.1749105297942093,2.3322297077674206,4.591691445745846,0.29,1,False
146,1.169243065747852,2.3335575409370244,4.596185968578501,0.292,1,False
147,1.1636391224074756,2.334911116852767,4.600611206390051,0.294,1,False
148,1.1580985301114162,2.336290280092697,4.604967340397802,0.296,1,False
149,1.1526211191980062,2.3376948752348605,4.60925455181906,0.298,1,False
150,1.1472067200055822,2.339124746857308,4.6134730218711315,0.3,1,False
151,1.141855162872477,2.340579739538086,4.617622931771321,0.302,1,False
152,1.1365662781370263,2.342059697855242,4.621704462736937,0.304,1,False
153,1.1313398961375645,2.3435644663868263,4.625717795985285,0.306,1,False
154,1.126175847212425,2.345093889710884,4.629663112733669,0.308,1,False
155,1.1210739616999439,2.3466478124054646,4.6335405941993955,0.31,1,False
156,1.116034069938454,2.3482260790486156,4.6373504215997725,0.312,1,False
157,1.1110560022662919,2.349828534218386,4.641092776152104,0.314,1,False
158,1.1061395890217907,2.3514550224928237,4.644767839073698,0.316,1,True
159,1.1012846605432847,2.353105388449975,4.6483757915818575,0.318,1,False
160,1.0964910471691098,2.35477947666789,4.651916814893891,0.32,1,False
161,1.0917585792375986,2.3564771317246147,4.655391090227102,0.322,1,False
162,1.0870870870870875,2.3581981981981985,4.658798798798798,0.324,1,False
163,1.0824764010559094,2.359942520666688,4.662140121826285,0.326,1,False
164,1.0779263514824002,2.3617099437081337,4.66541524052687,0.328,1,False
165,1.0734367687048934,2.363500311900581,4.668624336117858,0.33,1,False
166,1.0690074830617244,2.36531346982208,4.671767589816555,0.332,1,False
167,1.064638324891227,2.3671492620506767,4.674845182840266,0.334,1,False
168,1.060329124531736,2.3690075331644196,4.677857296406298,0.336,1,False
169,1.0560797123215857,2.3708881277413583,4.680804111731956,0.338,1,False
170,1.0518899185991109,2.3727908903595383,4.6836858100345475,0.34,1,False
171,1.0477595737026462,2.3747156655970096,4.686502572531378,0.342,1,False
172,1.043688507970526,2.3766622980318197,4.689254580439754,0.34400000000000003,1,False
173,1.0396765517410849,2.3786306322420163,4.69194201497698,0.34600000000000003,1,False
174,1.035723535352657,2.3806205128056472,4.694565057360363,0.34800000000000003,1,False
175,1.031829289143577,2.3826317843007603,4.697123888807207,0.35000000000000003,1,False
176,1.0279936434521801,2.384664291305405,4.699618690534821,0.352,1,False
177,1.0242164286167998,2.3867178783976275,4.70204964376051,0.354,1,False
178,1.020497474975771,2.388792390155477,4.704416929701581,0.356,1,False
179,1.0168366128674284,2.390887671157,4.706720729575335,0.358,1,False
180,1.0132336726301063,2.393003565980247,4.708961224599085,0.36,1,False
181,1.0096884846021394,2.395139919203263,4.711138595990132,0.362,1,False
182,1.006200879121862,2.397296575404098,4.713253024965783,0.364,1,False
183,1.002770686527609,2.3994733791607996,4.715304692743345,0.366,1,True
184,0.9993977371577144,2.4016701750514162,4.717293780540123,0.368,1,False
185,0.9960818613505132,2.4038868076539948,4.7192204695734254,0.37,1,False
186,0.9928228894443396,2.4061231215465844,4.721084941060554,0.372,1,False
187,0.9896206517775286,2.408378961307231,4.722887376218818,0.374,1,False
188,0.9864749786884138,2.4106541715139853,4.724627956265523,0.376,1,False
189,0.9833857005153306,2.4129485967448936,4.726306862417973,0.378,1,False
190,0.9803526475966128,2.415262081578004,4.727924275893478,0.38,1,False
191,0.9773756502705956,2.4175944705913652,4.729480377909337,0.382,1,False
192,0.9744545388756131,2.419945608363025,4.730975349682864,0.384,1,False
193,0.9715891437499999,2.42231533947103,4.732409372431358,0.386,1,False
194,0.9687792952320907,2.4247035084934305,4.733782627372132,0.388,1,False
195,0.96602482366022,2.4271099600082735,4.735095295722486,0.39,1,False
196,0.9633255593727219,2.4295345385936065,4.7363475586997295,0.392,1,False
197,0.9606813327079313,2.431977088827478,4.737539597521166,0.394,1,False
198,0.9580919740041827,2.4344374552879358,4.738671593404103,0.396,1,False
199,0.9555573135998103,2.4369154825530273,4.7397437275658465,0.398,1,False
200,0.9530771818331493,2.439411015200802,4.740756181223702,0.4,1,False
201,0.9506514090425334,2.4419238978093065,4.741709135594975,0.402,1,False
202,0.9482798255662979,2.44445397495659,4.742602771896974,0.404,1,False
203,0.9459622617427766,2.4470010912206988,4.743437271347002,0.406,1,False
204,0.9436985479103046,2.4495650911796836,4.744212815162366,0.40800000000000003,1,False
205,0.9414885144072159,2.4521458194115886,4.744929584560372,0.41000000000000003,1,False
206,0.9393319915718453,2.454743120494465,4.745587760758326,0.41200000000000003,1,False
207,0.9372288097425272,2.4573568390063594,4.746187524973533,0.41400000000000003,1,False
208,0.9351787992575966,2.4599868195253203,4.746729058423301,0.41600000000000004,1,True
209,0.9331817904553874,2.462632906629395,4.747212542324935,0.418,1,False
210,0.9312376136742345,2.4652949448966326,4.747638157895741,0.42,1,False
211,0.9293460992524724,2.46797277890508,4.7480060863530245,0.422,1,False
212,0.9275070775284349,2.4706662532327854,4.748316508914093,0.424,1,False
213,0.9257203788404574,2.473375212457797,4.748569606796249,0.426,1,False
214,0.9239858335268741,2.476099501158162,4.748765561216802,0.428,1,False
215,0.9223032719260196,2.4788389639119313,4.748904553393058,0.43,1,False
216,0.9206725243762285,2.481593445297149,4.748986764542319,0.432,1,False
217,0.9190934212158348,2.4843627898918657,4.749012375881897,0.434,1,False
218,0.917565792783174,2.487146842274129,4.748981568629094,0.436,1,False
219,0.9160894694165795,2.4899454470219857,4.748894524001215,0.438,1,False
220,0.9146642814543864,2.4927584487134844,4.748751423215569,0.44,1,False
221,0.9132900592349292,2.4955856919266735,4.74855244748946,0.442,1,False
222,0.9119666330965425,2.4984270212396016,4.748297778040195,0.444,1,False
223,0.9106938333775605,2.501282281230315,4.74798759608508,0.446,1,False
224,0.9094714904163181,2.5041513164768623,4.7476220828414215,0.448,1,False
225,0.9082994345511495,2.5070339715572914,4.747201419526522,0.45,1,False
226,0.9071774961203896,2.5099300910496516,4.7467257873576925,0.452,1,False
227,0.9061055054623722,2.512839519531989,4.746195367552234,0.454,1,False
228,0.9050832929154328,2.515762101582353,4.745610341327459,0.456,1,False
229,0.904110688817905,2.5186976817787916,4.744970889900666,0.458,1,False
230,0.9031875235081239,2.521646104699351,4.7442771944891655,0.46,1,False
231,0.9023136273244239,2.5246072149220815,4.743529436310263,0.462,1,False
232,0.9014888306051394,2.5275808570250295,4.7427277965812635,0.464,1,False
233,0.9007129636886047,2.530566875586243,4.741872456519474,0.466,1,True
234,0.899985856913155,2.5335651151837713,4.740963597342199,0.468,1,False
235,0.8993073406171241,2.5365754203956614,4.740001400266745,0.47000000000000003,1,False
236,0.8986772451388471,2.5395976357999612,4.738986046510418,0.47200000000000003,1,False
237,0.8980954008166578,2.54263160597472,4.737917717290526,0.47400000000000003,1,False
238,0.8975616379888918,2.5456771754979837,4.736796593824373,0.47600000000000003,1,False
239,0.8970757869938827,2.5487341889478023,4.735622857329265,0.47800000000000004,1,False
240,0.8966376781699653,2.5518024909022223,4.734396689022508,0.48,1,False
241,0.8962471418554739,2.5548819259392914,4.733118270121409,0.482,1,False
242,0.8959040083887435,2.55797233863706,4.7317877818432725,0.484,1,False
243,0.8956081081081083,2.561073573573574,4.730405405405405,0.486,1,False
244,0.895359271351903,2.5641854753268816,4.728971322025114,0.488,1,False
245,0.8951573284584617,2.567307888475031,4.727485712919702,0.49,1,False
246,0.8950021097661195,2.570440657596071,4.725948759306479,0.492,1,False
247,0.8948934456132106,2.5735836272680492,4.724360642402749,0.494,1,False
248,0.8948311663380696,2.576736642069013,4.722721543425817,0.496,1,False
249,0.8948151022790308,2.57989954657701,4.721031643592992,0.498,1,False
250,0.894845083774429,2.5830721853700886,4.7192911241215745,0.5,1,False
251,0.8949209411625986,2.5862544030262984,4.717500166228877,0.502,1,False
252,0.8950425047818741,2.5894460441236853,4.715658951132203,0.504,1,False
253,0.8952096049705901,2.592646953240298,4.713767660048856,0.506,1,False
254,0.8954220720670809,2.595856974954184,4.711826474196145,0.508,1,False
255,0.8956797364096813,2.5990759538433927,4.709835574791374,0.51,1,False
256,0.8959824283367257,2.602303734485971,4.707795143051851,0.512,1,False
257,0.8963299781865487,2.605540161459968,4.705705360194879,0.514,1,False
258,0.8967222162974845,2.6087850793434293,4.703566407437768,0.516,1,True
259,0.8971589730078681,2.6120383327144054,4.701378465997821,0.518,1,False
260,0.8976400786560336,2.615299766150943,4.699141717092345,0.52,1,False
261,0.898165363580316,2.61856922423109,4.696856341938647,0.522,1,False
262,0.8987346581190492,2.621846551532895,4.694522521754029,0.524,1,False
263,0.899347792610568,2.625131592634406,4.6921404377558025,0.526,1,False
264,0.900004597393207,2.6284241921136706,4.689710271161269,0.528,1,False
265,0.9007049028053007,2.6317241945487373,4.687232203187738,0.53,1,False
266,0.9014485391851838,2.6350314445176526,4.68470641505251,0.532,1,False
267,0.9022353368711904,2.638345786598467,4.682133087972898,0.534,1,False
268,0.9030651262016552,2.6416670653692265,4.679512403166205,0.536,1,False
269,0.9039377375149128,2.6449951254079798,4.676844541849736,0.538,1,False
270,0.9048530011492977,2.6483298112927747,4.674129685240796,0.54,1,False
271,0.9058107474431444,2.651670967601659,4.671368014556694,0.542,1,False
272,0.9068108067347872,2.655018438912681,4.668559711014734,0.544,1,False
273,0.9078530093625611,2.6583720698038897,4.665704955832222,0.546,1,False
274,0.9089371856648002,2.6617317048533313,4.662803930226466,0.548,1,False
275,0.9100631659798392,2.6650971886390544,4.659856815414771,0.55,1,False
276,0.9112307806460123,2.6684683657391073,4.656863792614439,0.552,1,False
277,0.9124398600016546,2.671845080731538,4.653825043042784,0.554,1,False
278,0.9136902343850999,2.675227178194394,4.650740747917104,0.556,1,False
279,0.9149817341346835,2.6786145027057238,4.64761108845471,0.558,1,False
280,0.9163141895887394,2.6820068988435755,4.644436245872906,0.56,1,False
281,0.9176874310856022,2.6854042111859964,4.641216401388998,0.562,1,False
282,0.919101288963607,2.6888062843110347,4.637951736220292,0.5640000000000001,1,False
283,0.9205555935610873,2.6922129627967393,4.634642431584095,0.5660000000000001,1,True
284,0.9220501752163783,2.695624091221157,4.631288668697712,0.5680000000000001,1,False
285,0.9235848642678143,2.6990395141623367,4.6278906287784505,0.5700000000000001,1,False
286,0.9251594910537297,2.702459076198325,4.624448493043614,0.5720000000000001,1,False
287,0.9267738859124593,2.7058826219071714,4.6209624427105105,0.5740000000000001,1,False
288,0.9284278791823377,2.7093099958669233,4.617432658996444,0.5760000000000001,1,False
289,0.9301213012016987,2.7127410426556287,4.6138593231187235,0.578,1,False
290,0.9318539823088776,2.7161756068513356,4.610242616294652,0.58,1,False
291,0.9336257528422087,2.719613533032092,4.606582719741538,0.582,1,False
292,0.9354364431400265,2.7230546657759462,4.602879814676683,0.584,1,False
293,0.9372858835406654,2.726498849660946,4.5991340823173985,0.586,1,False
294,0.9391739043824602,2.7299459292651393,4.595345703880987,0.588,1,False
295,0.941100336003745,2.7333957491665735,4.591514860584756,0.59,1,False
296,0.9430650087428547,2.7368481539432974,4.587641733646011,0.592,1,False
297,0.9450677529381236,2.740302988173359,4.583726504282061,0.594,1,False
298,0.947108398927886,2.743760096434805,4.579769353710204,0.596,1,False
299,0.9491867770504769,2.747219323305686,4.575770463147755,0.598,1,False
300,0.9513027176442308,2.7506805133640473,4.5717300138120125,0.6,1,False
301,0.9534560510474819,2.7541435111879387,4.567648186920288,0.602,1,False
302,0.9556466075985647,2.7576081613554075,4.563525163689886,0.604,1,False
303,0.9578742176358142,2.7610743084445017,4.5593611253381106,0.606,1,False
304,0.9601387114975644,2.764541797033268,4.555156253082268,0.608,1,False
305,0.96243991952215,2.768010471699757,4.550910728139669,0.61,1,False
306,0.9647776720479054,2.771480177022015,4.546624731727611,0.612,1,False
307,0.9671517994131654,2.7749507575780914,4.54229844506341,0.614,1,False
308,0.9695621319562643,2.778422057946031,4.537932049364361,0.616,1,True
309,0.9720085000155365,2.781893922703886,4.533525725847782,0.618,1,False
310,0.974490733929317,2.785366196429701,4.529079655730968,0.62,1,False
311,0.97700866403594,2.7888387237015264,4.5245940202312305,0.622,1,False
312,0.9795621206737399,2.792311349097408,4.520069000565877,0.624,1,False
313,0.9821509341810516,2.795783917195396,4.515504777952209,0.626,1,False
314,0.9847749348962092,2.7992562725735364,4.510901533607535,0.628,1,False
315,0.9874339531575473,2.8027282598098786,4.506259448749161,0.63,1,False
316,0.9901278193034007,2.80619972348247,4.501578704594392,0.632,1,False
317,0.9928563636721035,2.809670508169359,4.496859482360535,0.634,1,False
318,0.9956194166019906,2.8131404584485926,4.492101963264895,0.636,1,False
319,0.9984168084313962,2.81660941889822,4.48730632852478,0.638,1,False
320,1.0012483694986554,2.8200772340962885,4.482472759357494,0.64,1,False
321,1.0041139301421018,2.8235437486208466,4.477601436980344,0.642,1,False
322,1.0070133207000707,2.827008807049941,4.472692542610632,0.644,1,False
323,1.0099463715108965,2.830472253961621,4.467746257465671,0.646,1,False
324,1.012912912912913,2.8339339339339342,4.462762762762762,0.648,1,False
325,1.0159127752444557,2.8373936915449285,4.457742239719214,0.65,1,False
326,1.0189457888438587,2.840851371372652,4.452684869552329,0.652,1,False
327,1.0220117840494565,2.8443068179951534,4.447590833479416,0.654,1,False
328,1.0251105911995833,2.8477598759904796,4.442460312717782,0.656,1,False
329,1.0282420406325745,2.851210389936679,4.43729348848473,0.658,1,False
330,1.031405962686764,2.8546582044117996,4.432090541997568,0.66,1,False
331,1.0346021877004858,2.8581031639938894,4.426851654473602,0.662,1,False
332,1.0378305460120754,2.8615451132609957,4.421577007130136,0.664,1,False
333,1.041090867959867,2.864983896791168,4.4162667811844765,0.666,1,True
334,1.0443829838821947,2.868419359162452,4.41092115785393,0.668,1,False
335,1.0477067241173934,2.8718513449528986,4.405540318355805,0.67,1,False
336,1.0510619190037982,2.8752796987405533,4.400124443907403,0.672,1,False
337,1.0544483988797422,2.8787042651034658,4.394673715726033,0.674,1,False
338,1.0578659940835613,2.882124888619683,4.389188315029001,0.676,1,False
339,1.061314534953589,2.8855414138672537,4.383668423033611,0.678,1,False
340,1.0647938518281606,2.8889536854242244,4.37811422095717,0.68,1,False
341,1.0683037750456101,2.8923615478686466,4.372525890016985,0.682,1,False
342,1.0718441349442722,2.895764845778563,4.366903611430359,0.684,1,False
343,1.0754147618624819,2.8991634237320265,4.361247566414603,0.686,1,False
344,1.0790154861385726,2.902557126307082,4.355557936187017,0.6880000000000001,1,False
345,1.0826461381108796,2.9059457980817793,4.349834901964913,0.6900000000000001,1,False
346,1.0863065481177374,2.9093292836341638,4.344078644965591,0.6920000000000001,1,False
347,1.0899965464974801,2.912707427542288,4.338289346406363,0.6940000000000001,1,False
348,1.0937159635884428,2.916080074384195,4.332467187504529,0.6960000000000001,1,False
349,1.0974646297289594,2.919447068737936,4.3266123494774,0.6980000000000001,1,False
350,1.1012423752573652,2.9228082551815584,4.320725013542278,0.7000000000000001,1,False
351,1.105049030511994,2.9261634782931085,4.314805360916473,0.7020000000000001,1,False
352,1.1088844258311803,2.9295125826506356,4.308853572817287,0.704,1,False
353,1.112748391553259,2.932855412832189,4.302869830462028,0.706,1,False
354,1.1166407580165645,2.9361918134158143,4.296854315068002,0.708,1,False
355,1.1205613555594316,2.93952162897956,4.290807207852515,0.71,1,False
356,1.1245100145201947,2.9428447041014767,4.284728690032872,0.712,1,False
357,1.1284865652371878,2.9461608833596085,4.27861894282638,0.714,1,False
358,1.1324908380487457,2.949470011332006,4.272478147450347,0.716,1,True
359,1.1365226632932035,2.9527719325967157,4.266306485122073,0.718,1,False
360,1.1405818713088949,2.956066491731787,4.260104137058868,0.72,1,False
361,1.1446682924341547,2.959353533315267,4.253871284478041,0.722,1,False
362,1.1487817570073173,2.962632901925203,4.247608108596891,0.724,1,False
363,1.1529220953667176,2.9659044421396454,4.24131479063273,0.726,1,False
364,1.15708913785069,2.9691679985366397,4.2349915118028605,0.728,1,False
365,1.1612827147975688,2.972423415694235,4.2286384533245895,0.73,1,False
366,1.1655026565456885,2.9756705381904793,4.222255796415222,0.732,1,False
367,1.1697487934333841,2.9789092106034203,4.2158437222920675,0.734,1,False
368,1.1740209557989894,2.9821392775111057,4.209402412172427,0.736,1,False
369,1.1783189739808397,2.9853605834915853,4.202932047273611,0.738,1,False
370,1.182642678317269,2.988572973122905,4.196432808812922,0.74,1,False
371,1.186991899146612,2.991776290983113,4.189904878007668,0.742,1,False
372,1.1913664668072028,2.994970381650258,4.183348436075154,0.744,1,False
373,1.1957662116373762,2.998155089702388,4.176763664232688,0.746,1,False
374,1.200190963975467,3.00133025971755,4.170150743697572,0.748,1,False
375,1.2046405541598095,3.004495736273793,4.163509855687114,0.75,1,False
376,1.2091148125287383,3.007651363949166,4.156841181418622,0.752,1,False
377,1.2136135694205878,3.010796987321715,4.150144902109401,0.754,1,False
378,1.2181366551736927,3.013932450969489,4.143421198976755,0.756,1,False
379,1.2226839001263867,3.017057599470534,4.13667025323799,0.758,1,False
380,1.2272551346170055,3.020172277402902,4.1298922461104155,0.76,1,False
381,1.2318501889838833,3.023276329344637,4.1230873588113335,0.762,1,False
382,1.236468893565354,3.026369599873789,4.116255772558052,0.764,1,False
383,1.2411110786997528,3.029451933568407,4.109397668567878,0.766,1,True
384,1.2457765747254141,3.0325231750065362,4.102513228058115,0.768,1,False
385,1.250465211980672,3.035583168766227,4.095602632246069,0.77,1,False
386,1.2551768208038614,3.038631759425525,4.0886660623490485,0.772,1,False
387,1.2599112315333167,3.0416687915624814,4.0817036995843585,0.774,1,False
388,1.2646682745073725,3.044694109755142,4.074715725169304,0.776,1,False
389,1.2694477800643635,3.047707558581555,4.06770232032119,0.778,1,False
390,1.2742495785426238,3.0507089826197697,4.0606636662573266,0.78,1,False
391,1.2790735002804876,3.0536982264478314,4.053599944195015,0.782,1,False
392,1.2839193756162908,3.05667513464379,4.046511335351564,0.784,1,False
393,1.2887870348883663,3.059639551785694,4.0393980209442795,0.786,1,False
394,1.2936763084350495,3.0625913224515893,4.032260182190465,0.788,1,False
395,1.2985870265946753,3.065530291219526,4.02509800030743,0.79,1,False
396,1.303519019705577,3.0684563026675518,4.01791165651248,0.792,1,False
397,1.30847211810609,3.071369201373713,4.010701332022918,0.794,1,False
398,1.3134461521345486,3.074268831916059,4.003467208056052,0.796,1,False
399,1.3184409521292875,3.077155038872638,3.996209465829188,0.798,1,False
400,1.3234563484286412,3.0800276668214983,3.9889282865596325,0.8,1,False
401,1.3284921713709434,3.082886560340685,3.981623851464689,0.802,1,False
402,1.33354825129453,3.0857315640082494,3.9742963417616664,0.804,1,False
403,1.3386244185377347,3.088562522402239,3.96694593866787,0.806,1,False
404,1.343720503438892,3.0913792801007,3.9595728234006042,0.808,1,False
405,1.3488363363363365,3.094181681681682,3.952177177177177,0.81,1,False
406,1.3539717475684028,3.0969695717232315,3.9447591812148923,0.812,1,False
407,1.3591265674734259,3.0997427948033995,3.9373190167310588,0.8140000000000001,1,False
408,1.364300626389739,3.1025011955002295,3.929856864942979,0.8160000000000001,1,True
409,1.369493754655678,3.105244618391774,3.922372907067962,0.8180000000000001,1,False
410,1.3747057826095768,3.1079729080560785,3.9148673243233127,0.8200000000000001,1,False
411,1.3799365405897699,3.110685909071191,3.9073402979263365,0.8220000000000001,1,False
412,1.3851858589345918,3.11338346601516,3.8997920090943397,0.8240000000000001,1,False
413,1.3904535679823766,3.116065423466033,3.892222639044628,0.8260000000000001,1,False
414,1.39573949807146,3.118731626001859,3.884632368994508,0.8280000000000001,1,False
415,1.4010434795401758,3.1213819182006857,3.8770213801612865,0.8300000000000001,1,False
416,1.406365342726858,3.1240161446405605,3.8693898537622675,0.8320000000000001,1,False
417,1.411704917969842,3.126634149899531,3.8617379710147572,0.834,1,False
418,1.4170620356074624,3.129235778555647,3.854065913136064,0.836,1,False
419,1.4224365259780527,3.1318208751869543,3.846373861343491,0.838,1,False
420,1.427828219419949,3.1343892843715038,3.8386619968543467,0.84,1,False
421,1.4332369462714838,3.136940850687339,3.830930500885933,0.842,1,False
422,1.438662536870993,3.1394754187125127,3.8231795546555607,0.844,1,False
423,1.4441048215568109,3.141992833025069,3.8154093393805333,0.846,1,False
424,1.449563630667272,3.144492938203059,3.807620036278157,0.848,1,False
425,1.4550387945407102,3.146975578824528,3.799811826565737,0.85,1,False
426,1.4605301435154607,3.149440599467526,3.7919848914605816,0.852,1,False
427,1.4660375079298582,3.151887844710101,3.784139412179994,0.854,1,False
428,1.471560718122237,3.1543171591302994,3.776275569941282,0.856,1,False
429,1.4770996044309312,3.15672838730617,3.7683935459617515,0.858,1,False
430,1.4826539971942754,3.1591213738157613,3.760493521458708,0.86,1,False
431,1.4882237267506047,3.1614959632371202,3.7525756776494577,0.862,1,False
432,1.493808623438253,3.1638520001482964,3.7446401957513067,0.864,1,False
433,1.4994085175955556,3.166189329127336,3.73668725698156,0.866,1,True
434,1.505023239560846,3.1685077947522884,3.7287170425575256,0.868,1,False
435,1.510652619672459,3.1708072416012008,3.720729733696507,0.87,1,False
436,1.51629648826873,3.173087514252122,3.7127255116158127,0.872,1,False
437,1.5219546756879923,3.175348457283098,3.7047045575327453,0.874,1,False
438,1.5276270122685813,3.1775899152721796,3.6966670526646146,0.876,1,False
439,1.5333133283488314,3.1798117327974125,3.688613178228723,0.878,1,False
440,1.5390134542670766,3.182013754436846,3.6805431154423798,0.88,1,False
441,1.5447272203616516,3.184195824768528,3.6724570455228895,0.882,1,False
442,1.5504544569708911,3.1863577883705054,3.664355149687558,0.884,1,False
443,1.5561949944331295,3.1884994898208263,3.65623760915369,0.886,1,False
444,1.5619486630867014,3.1906207736975407,3.6481046051385944,0.888,1,False
445,1.5677152932699414,3.1927214845786946,3.6399563188595736,0.89,1,False
446,1.5734947153211838,3.1948014670423373,3.631792931533938,0.892,1,False
447,1.5792867595787634,3.1968605656665154,3.6236146243789893,0.894,1,False
448,1.5850912563810142,3.198898625029278,3.615421578612037,0.896,1,False
449,1.590908036066271,3.2009154897086716,3.6072139754503842,0.898,1,False
450,1.596736928972869,3.202911004282747,3.598991996111338,0.9,1,False
451,1.6025777654391415,3.2048850133295486,3.5907558218122038,0.902,1,False
452,1.6084303758034242,3.206837361427128,3.5825056337702907,0.904,1,False
453,1.6142945904040507,3.2087678931535297,3.5742416132028985,0.906,1,False
454,1.6201702395793558,3.2106764530868057,3.5659639413273405,0.908,1,False
455,1.6260571536676742,3.212562885805,3.557672799360917,0.91,1,False
456,1.6319551630073403,3.2144270358861635,3.5493683685209376,0.912,1,False
457,1.6378640979366887,3.216268747908342,3.5410508300247043,0.914,1,False
458,1.643783788794054,3.218087866449586,3.5327203650895282,0.916,1,True
459,1.6497140659177698,3.21988423608794,3.5243771549327105,0.918,1,False
460,1.6556547596461721,3.221657701401455,3.5160213807715595,0.92,1,False
461,1.6616057003175946,3.2234081069681775,3.507653223823382,0.922,1,False
462,1.6675667182703715,3.2251352973661573,3.4992728653054828,0.924,1,False
463,1.6735376438428382,3.22683911717344,3.490880486435167,0.926,1,False
464,1.6795183073733282,3.228519410968074,3.482476268429742,0.928,1,False
465,1.6855085392001772,3.2301760233281094,3.474060392506513,0.93,1,False
466,1.6915081696617182,3.231808798831592,3.4656330398827877,0.932,1,False
467,1.6975170290962873,3.23341758205657,3.4571943917758685,0.934,1,False
468,1.7035349478422186,3.2350022175810933,3.4487446294030657,0.936,1,False
469,1.7095617562378456,3.236562549983207,3.4402839339816813,0.9380000000000001,1,False
470,1.715597284621504,3.238098423840962,3.4318124867290254,0.9400000000000001,1,False
471,1.7216413633315275,3.2396096837324038,3.423330468862399,0.9420000000000001,1,False
472,1.7276938227062515,3.241096174235582,3.4148380615991125,0.9440000000000001,1,False
473,1.7337544930840099,3.2425577399285443,3.4063354461564708,0.9460000000000001,1,False
474,1.7398232048031372,3.2439942253893377,3.3978228037517777,0.9480000000000001,1,False
475,1.7458997882019682,3.245405475196012,3.389300315602341,0.9500000000000001,1,False
476,1.7519840736188372,3.2467913339266143,3.380768162925467,0.9520000000000001,1,False
477,1.7580758913920786,3.248151646159191,3.372226526938461,0.9540000000000001,1,False
478,1.7641750718600273,3.2494862564717923,3.3636755888586287,0.9560000000000001,1,False
479,1.770281445361017,3.250795009442465,3.355115529903277,0.9580000000000001,1,False
480,1.7763948422333833,3.2520777496492586,3.3465465312897114,0.96,1,False
481,1.7825150928154603,3.253334321670219,3.3379687742352373,0.962,1,False
482,1.788642027445582,3.254564570083395,3.3293824399571603,0.964,1,False
483,1.7947754764620845,3.2557683394668353,3.320787709672788,0.966,1,True
484,1.8009152702033002,3.256945474398588,3.312184764599426,0.968,1,False
485,1.8070612390075655,3.2580958194567002,3.3035737859543803,0.97,1,False
486,1.8132132132132133,3.2592192192192186,3.2949549549549553,0.972,1,False
487,1.8193710231585791,3.2603155182641945,3.2863284528184584,0.974,1,False
488,1.825534499181997,3.261384561169674,3.277694460762196,0.976,1,False
489,1.8317034716218024,3.262426192513705,3.269053160003472,0.978,1,False
490,1.8378777708163283,3.263440256874335,3.2604047317595954,0.98,1,False
491,1.8440572271039106,3.264426598829614,3.2517493572478697,0.982,1,False
492,1.8502416708228835,3.2653850629575882,3.243087217685603,0.984,1,False
493,1.8564309323115809,3.2663154938363057,3.2344184942900984,0.986,1,False
494,1.8626248419083375,3.267217736043815,3.2257433682786636,0.988,1,False
495,1.868823229951488,3.2680916341581634,3.217062020868605,0.99,1,False
496,1.875025926779367,3.2689370327574,3.2083746332772285,0.992,1,False
497,1.8812327627303091,3.2697537764195728,3.1996813867218385,0.994,1,False
498,1.887443568142649,3.270541709722729,3.190982462419744,0.996,1,False
499,1.89365817335472,3.2713006772449162,3.182278041588247,0.998,1,False
500,1.8998764087048583,3.272030523564184,3.173568305444657,1.0,1,False
501,1.906098104531398,3.27273109325858,3.164853435206278,1.002,1,False
502,1.9123230911726723,3.2734022309061497,3.1561336120904158,1.004,1,False
503,1.9185511989670172,3.274043781084944,3.1474090173143794,1.006,1,False
504,1.9247822582527663,3.27465558837301,3.13867983209547,1.008,1,False
505,1.9310160993682544,3.275237497348395,3.129946237650997,1.01,1,False
506,1.9372525526518165,3.275789352589148,3.1212084151982658,1.012,1,False
507,1.9434914484417865,3.276310998673317,3.1124665459545815,1.014,1,False
508,1.9497326170764995,3.2768022801789485,3.1037208111372503,1.016,1,True
509,1.9559758888942895,3.2772630416840927,3.094971391963579,1.018,1,False
510,1.962221094233491,3.277693127766796,3.0862184696508734,1.02,1,False
511,1.9684680634324385,3.278092383005106,3.077462225416439,1.022,1,False
512,1.9747166268294674,3.2784606519770727,3.0687028404775814,1.024,1,False
513,1.9809666147629112,3.2787977792607426,3.059940496051607,1.026,1,False
514,1.9872178575711048,3.2791036094341637,3.0511753733558225,1.028,1,False
515,1.993470185592383,3.2793779870753843,3.042407653607533,1.03,1,False
516,1.9997234291650798,3.279620756762453,3.033637518024045,1.032,1,False
517,2.0059774186275297,3.2798317630734166,3.0248651478226636,1.034,1,False
518,2.012231984318068,3.280010850586324,3.016090724220695,1.036,1,False
519,2.018486956575028,3.280157863879223,3.0073144284354467,1.038,1,False
520,2.024742165736745,3.2802726475301607,2.998536441684223,1.04,1,False
521,2.0309974421415538,3.2803550461171866,2.98975694518433,1.042,1,False
522,2.037252616127788,3.2804049042183476,2.9809761201530747,1.044,1,False
523,2.043507518033783,3.280422066411692,2.9721941478077625,1.046,1,False
524,2.0497619781978726,3.280406377275268,2.9634112093656992,1.048,1,False
525,2.0560158269583924,3.280357681387124,2.954627486044192,1.05,1,False
526,2.0622688946536756,3.280275823325306,2.945843159060544,1.052,1,False
527,2.068521011622057,3.2801606476678637,2.9370584096320633,1.054,1,False
528,2.0747720082018715,3.280011998992846,2.9282734189760555,1.056,1,False
529,2.0810217147314547,3.2798297218782992,2.919488368309828,1.058,1,False
530,2.087269961549139,3.279613660902271,2.9107034388506836,1.06,1,False
531,2.0935165789932593,3.27936366064281,2.9019188118159307,1.062,1,False
532,2.099761397402152,3.279079565677965,2.893134668422875,1.064,1,False
533,2.1060042471141496,3.2787612205857837,2.8843511898888226,1.066,1,True
534,2.1122449584675875,3.2784084699443126,2.875568557431078,1.068,1,False
535,2.1184833618008,3.278021158331602,2.866786952266949,1.07,1,False
536,2.1247192874521215,3.277599130325698,2.8580065556137404,1.072,1,False
537,2.130952565759887,3.2771422305046505,2.8492275486887593,1.074,1,False
538,2.137183027062431,3.276650303446505,2.84045011270931,1.076,1,False
539,2.143410501698087,3.276123193729311,2.8316744288926987,1.078,1,False
540,2.1496348200051907,3.275560745931116,2.8229006784562336,1.08,1,False
541,2.1558558123220766,3.2749628046299697,2.8141290426172194,1.082,1,False
542,2.162073308987078,3.274329214403917,2.805359702592961,1.084,1,False
543,2.1682871403385304,3.2736598198310087,2.7965928396007653,1.086,1,False
544,2.1744971367147685,3.2729544654892906,2.787828634857938,1.088,1,False
545,2.180703128454126,3.272212995956813,2.779067269581786,1.09,1,False
546,2.1869049458949377,3.271435255811622,2.7703089249896142,1.092,1,False
547,2.1931024193755384,3.2706210896317653,2.761553782298728,1.094,1,False
548,2.1992953792342624,3.2697703419952924,2.7528020227264354,1.096,1,False
549,2.205483655809445,3.2688828574802518,2.744053827490042,1.098,1,False
550,2.2116670794394198,3.2679584806646895,2.735309377806852,1.1,1,False
551,2.217845480462521,3.2669970561266535,2.726568854894172,1.102,1,False
552,2.2240186892170843,3.2659984284441945,2.7178324399693095,1.104,1,False
553,2.230186536041443,3.264962442195357,2.7091003142495684,1.106,1,False
554,2.236348851273933,3.2638889419581916,2.7003726589522565,1.108,1,False
555,2.242505465252887,3.262777772310744,2.6916496552946785,1.11,1,False
556,2.2486562083166413,3.2616287778310653,2.682931484494141,1.112,1,False
557,2.25480091080353,3.2604418030972018,2.67421832776795,1.114,1,False
558,2.2609394030518866,3.2592166926872,2.6655103663334114,1.116,1,True
559,2.267071515400046,3.25795329117911,2.6568077814078306,1.118,1,False
560,2.2731970781863433,3.2566514431509797,2.6481107542085147,1.12,1,False
561,2.279315921749114,3.255310993180856,2.6394194659527686,1.122,1,False
562,2.2854278764266898,3.2539317858467873,2.630734097857899,1.124,1,False
563,2.291532772557407,3.2525136657268208,2.622054831141211,1.1260000000000001,1,False
564,2.2976304404796006,3.2510564773990067,2.613381847020012,1.1280000000000001,1,False
565,2.303720710531604,3.2495600654413916,2.6047153267116068,1.1300000000000001,1,False
566,2.3098034130517515,3.2480242744320225,2.596055451433301,1.1320000000000001,1,False
567,2.315878378378379,3.2464489489489496,2.5874024024024025,1.1340000000000001,1,False
568,2.32194543684982,3.2448339335702183,2.5787563608362154,1.1360000000000001,1,False
569,2.32800441880441,3.2431790728738794,2.5701175079520464,1.1380000000000001,1,False
570,2.334055154580482,3.2414842114379794,2.561486024967202,1.1400000000000001,1,False
571,2.340097474516371,3.2397491938405656,2.552862093098987,1.1420000000000001,1,False
572,2.3461312089504123,3.2379738646596863,2.544245893564707,1.1440000000000001,1,False
573,2.35215618822094,3.2361580684733915,2.5356376075816707,1.1460000000000001,1,False
574,2.3581722426662886,3.2343016498597263,2.5270374163671816,1.1480000000000001,1,False
575,2.3641792026247925,3.2324044533967413,2.518445501138547,1.1500000000000001,1,False
576,2.370176898434787,3.230466323662483,2.5098620431130714,1.1520000000000001,1,False
577,2.3761651604346046,3.2284871052349997,2.5012872235080637,1.154,1,False
578,2.3821438189625814,3.2264666426923387,2.4927212235408263,1.156,1,False
579,2.3881127043570523,3.224404780612549,2.4841642244286666,1.158,1,False
580,2.3940716469563506,3.2223013635736777,2.4756164073888907,1.16,1,False
581,2.400020477098812,3.2201562361537746,2.467077953638805,1.162,1,False
582,2.4059590251227707,3.2179692429308853,2.4585490443957143,1.164,1,False
583,2.4118871213665605,3.2157402284830594,2.4500298608769264,1.166,1,True
584,2.4178045961685157,3.2134690373883434,2.4415205842997456,1.168,1,False
585,2.4237112798669727,3.2111555142247874,2.433021395881479,1.17,1,False
586,2.4296070028002648,3.2087995035704386,2.4245324768394316,1.172,1,False
587,2.4354915953067255,3.206400850003343,2.41605400839091,1.174,1,False
588,2.4413648877246903,3.203959398101551,2.40758617175322,1.176,1,False
589,2.4472267103924943,3.2014749924431105,2.3991291481436674,1.178,1,False
590,2.4530768936484715,3.1989474776060685,2.390683118779559,1.18,1,False
591,2.4589152678309567,3.196376698168473,2.3822482648782,1.182,1,False
592,2.4647416632782835,3.193762498708372,2.373824767656896,1.184,1,False
593,2.4705559103287875,3.1911047238038153,2.365412808332955,1.186,1,False
594,2.476357839320803,3.188403218032848,2.35701256812368,1.188,1,False
595,2.482147280592663,3.1856578259735198,2.3486242282463783,1.19,1,False
596,2.487924064482704,3.1828683922038783,2.340247969918357,1.192,1,False
597,2.49368802132926,3.1800347613019726,2.3318839743569213,1.194,1,False
598,2.4994389814706657,3.1771567778458487,2.3235324227793765,1.196,1,False
599,2.5051767752452543,3.174234286413555,2.315193496403029,1.198,1,False
600,2.510901232991362,3.171267131583141,2.3068673764451852,1.2,1,False
601,2.516612185047322,3.168255157932653,2.298554244123151,1.202,1,False
602,2.52230946175147,3.16519821004014,2.2902542806542314,1.204,1,False
603,2.527992893442139,3.16209613248365,2.281967667255734,1.206,1,False
604,2.533662310457665,3.15894876984123,2.2736945851449626,1.208,1,False
605,2.5393175431363826,3.15575596669093,2.265435215539226,1.21,1,False
606,2.5449584218166246,3.1525175676107957,2.257189739655828,1.212,1,False
607,2.550584776836727,3.149233417178876,2.248958338712075,1.214,1,False
608,2.556196438535023,3.145903359973218,2.240741193925272,1.216,1,True
609,2.5617932372498498,3.1425272405718734,2.232538486512729,1.218,1,False
610,2.5673750033195395,3.139104903552886,2.224350397691748,1.22,1,False
611,2.5729415670824265,3.1356361934943053,2.2161771086796356,1.222,1,False
612,2.578492758876847,3.132120954974179,2.2080188006936985,1.224,1,False
613,2.5840284090411343,3.1285590325705557,2.1998756549512426,1.226,1,False
614,2.589548347913623,3.1249502708614827,2.1917478526695735,1.228,1,False
615,2.595052405832648,3.1212945144250086,2.1836355750659977,1.23,1,False
616,2.6005404131365433,3.1175916078391803,2.175539003357821,1.232,1,False
617,2.6060122001636445,3.113841395682047,2.1674583187623493,1.234,1,False
618,2.6114675972522847,3.110043722531657,2.159393702496889,1.236,1,False
619,2.6169064347407995,3.106198432966057,2.151345335778745,1.238,1,False
620,2.6223285429675225,3.1023053715632947,2.1433133998252236,1.24,1,False
621,2.6277337522707898,3.09836438290142,2.135298075853632,1.242,1,False
622,2.633121892988934,3.0943753115584802,2.127299545081275,1.244,1,False
623,2.638492795460291,3.090338002112522,2.119317988725459,1.246,1,False
624,2.6438462900231943,3.086252299141595,2.1113535880034893,1.248,1,False
625,2.649182207015979,3.0821180472237466,2.1034065241326734,1.25,1,False
626,2.65450037677698,3.0779350909370238,2.0954769783303155,1.252,1,False
627,2.659800629644531,3.073703274859476,2.0875651318137223,1.254,1,False
628,2.6650827959569665,3.0694224435691497,2.0796711658002,1.256,1,False
629,2.670346706052622,3.0650924416440954,2.0717952615070545,1.258,1,False
630,2.675592190269831,3.0607131136623598,2.0639376001515926,1.26,1,False
631,2.680819078946929,3.0562843042019896,2.0560983629511185,1.262,1,False
632,2.686027202422249,3.0518058578410336,2.048277731122939,1.264,1,False
633,2.691216391034128,3.0472776191575415,2.040475885884361,1.266,1,True
634,2.6963864751208977,3.042699432729559,2.032693008452689,1.268,1,False
635,2.701537285020894,3.0380711431351344,2.0249292800452294,1.27,1,False
636,2.7066686510724516,3.0333925949523164,2.0171848818792886,1.272,1,False
637,2.7117804036139046,3.0286636327591534,2.0094599951721723,1.274,1,False
638,2.7168723729835884,3.0238841011336928,2.001754801141187,1.276,1,False
639,2.7219443895198356,3.0190538446539814,1.9940694810036381,1.278,1,False
640,2.7269962835609833,3.0141727078980707,1.9864042159768318,1.28,1,False
641,2.7320278854453623,3.0092405354440035,1.978759187278073,1.282,1,False
642,2.7370390255113115,3.004257171869832,1.9711345761246695,1.284,1,False
643,2.742029534097163,2.999222461753604,1.963530563733926,1.286,1,False
644,2.7469992415412507,2.994136249673365,1.9559473313231495,1.288,1,False
645,2.7519479781819114,2.9889983802071645,1.948385060109645,1.29,1,False
646,2.756875574357478,2.9838086979330507,1.9408439313107193,1.292,1,False
647,2.761781860406285,2.9785670474290713,1.9333241261436778,1.294,1,False
648,2.766666666666667,2.973273273273273,1.925825825825826,1.296,1,False
649,2.7715298631729857,2.967927313025645,1.9183491994537627,1.298,1,False
650,2.7763714787437084,2.9625294761739256,1.9108943676412504,1.3,1,False
651,2.78119158189333,2.957080165187796,1.9034614388813447,1.302,1,False
652,2.7859902411363433,2.9515797825369336,1.8960505216670998,1.304,1,False
653,2.7907675249872455,2.9460287306910207,1.8886617244915722,1.306,1,False
654,2.7955235019605293,2.940427412119736,1.8812951558478157,1.308,1,False
655,2.800258240570689,2.934776229292756,1.8739509242288857,1.31,1,False
656,2.8049718093322182,2.9290755846797625,1.866629138127837,1.312,1,False
657,2.809664276759613,2.9233258807504354,1.8593299060377255,1.314,1,False
658,2.8143357113673675,2.917527519974452,1.8520533364516045,1.316,1,True
659,2.8189861816699744,2.9116809048214933,1.8447995378625308,1.318,1,False
660,2.8236157561819306,2.905786437761238,1.8375686187635587,1.32,1,False
661,2.828224503417728,2.8998445212633666,1.830360687647743,1.322,1,False
662,2.8328124918918633,2.893855557797557,1.8231758530081392,1.324,1,False
663,2.8373797901188293,2.8878199498334896,1.8160142233378025,1.326,1,False
664,2.8419264666131205,2.881738099840842,1.8088759071297869,1.328,1,False
665,2.8464525898892323,2.875610410289297,1.8017610128771484,1.33,1,False
666,2.850958228461659,2.869437283648532,1.7946696490729417,1.332,1,False
667,2.855443450844893,2.8632191223882257,1.7876019242102215,1.334,1,False
668,2.85990832555343,2.8569563289780575,1.7805579467820432,1.336,1,False
669,2.8643529211017653,2.8506493058877096,1.7735378252814622,1.338,1,False
670,2.868777306004393,2.8442984555868582,1.766541668201533,1.34,1,False
671,2.873181548775806,2.8379041805451837,1.7595695840353105,1.342,1,False
672,2.8775657179305005,2.831466883232366,1.75262168127585,1.344,1,False
673,2.881929881982969,2.824986966118084,1.7456980684162067,1.346,1,False
674,2.8862741094477076,2.818464831672017,1.7387988539494355,1.348,1,False
675,2.8905984688392095,2.811900882363845,1.731924146368591,1.35,1,False
676,2.894903028671971,2.8052955206632473,1.7250740541667289,1.352,1,False
677,2.899187857460484,2.798649149039902,1.7182486858369037,1.354,1,False
678,2.903453023719243,2.7919621699634902,1.7114481498721703,1.356,1,False
679,2.9076985959627453,2.785234985903691,1.704672554765585,1.358,1,False
680,2.911924642705482,2.7784679993301835,1.6979220090102014,1.36,1,False
681,2.9161312324619497,2.7716616127126463,1.6911966210990752,1.362,1,False
682,2.9203184337466417,2.7648162285207603,1.6844964995252611,1.364,1,False
683,2.924486315074052,2.7579322492242033,1.6778217527818144,1.366,1,True
684,2.928634944958677,2.7510100772926567,1.67117248936179,1.368,1,False
685,2.932764391915008,2.7440501151957974,1.6645488177582428,1.37,1,False
686,2.9368747244575424,2.7370527654033068,1.657950846464228,1.372,1,False
687,2.9409660111007727,2.7300184303848636,1.6513786839728009,1.374,1,False
688,2.945038320359194,2.7229475126101463,1.6448324387770163,1.3760000000000001,1,False
689,2.9490917207473,2.715840414548836,1.6383122193699282,1.3780000000000001,1,False
690,2.953126280779586,2.7086975386706116,1.6318181342445937,1.3800000000000001,1,False
691,2.957142068970546,2.701519287445152,1.6253502918940663,1.3820000000000001,1,False
692,2.961139153834675,2.694306063342137,1.6189088008114016,1.3840000000000001,1,False
693,2.9651176038864655,2.6870582688312448,1.6124937694896542,1.3860000000000001,1,False
694,2.9690774876404142,2.679776306382157,1.6061053064218798,1.3880000000000001,1,False
695,2.9730188736110144,2.672460578464552,1.599743520101133,1.3900000000000001,1,False
696,2.9769418303127604,2.6651114875481077,1.5934085190204685,1.3920000000000001,1,False
697,2.980846426260146,2.6577294361025054,1.587100411672942,1.3940000000000001,1,False
698,2.984732729967667,2.6503148265974232,1.5808193065516083,1.3960000000000001,1,False
699,2.988600809949817,2.642868061502542,1.5745653121495218,1.3980000000000001,1,False
700,2.9924507347210905,2.635389543287541,1.5683385369597385,1.4000000000000001,1,False
701,2.996282572795982,2.6278796744220982,1.5621390894753133,1.4020000000000001,1,False
702,3.0000963926889854,2.6203388573758937,1.5559670781893005,1.4040000000000001,1,False
703,3.0038922629145963,2.6127674946186072,1.549822611594756,1.4060000000000001,1,False
704,3.007670251987307,2.6051659886199188,1.5437057981847344,1.408,1,False
705,3.011430428421614,2.597534741849506,1.5376167464522905,1.41,1,False
706,3.0151728607320103,2.5898741567770496,1.5315555648904795,1.412,1,False
707,3.0188976174329913,2.5821846358722285,1.5255223619923566,1.414,1,False
708,3.0226047670390503,2.5744665816047214,1.5195172462509763,1.416,1,True
709,3.0262943780646827,2.566720396444209,1.5135403261593947,1.418,1,False
710,3.029966519024383,2.55894648286037,1.5075917102106657,1.42,1,False
711,3.0336212584326443,2.5511452433228845,1.5016715068978448,1.422,1,False
712,3.0372586648039617,2.543317080301431,1.4957798247139877,1.424,1,False
713,3.0408788066528296,2.535462396265689,1.4899167721521478,1.426,1,False
714,3.0444817524937426,2.527581593685338,1.4840824577053813,1.428,1,False
715,3.0480675708411953,2.5196750750300585,1.4782769898667436,1.43,1,False
716,3.0516363302096807,2.511743242769528,1.4725004771292889,1.432,1,False
717,3.0551880991136957,2.5037864993734282,1.4667530279860728,1.434,1,False
718,3.0587229460677308,2.495805247311436,1.4610347509301493,1.436,1,False
719,3.062240939586285,2.4877998890532322,1.4553457544545747,1.438,1,False
720,3.065742148183849,2.4797708270684957,1.449686147052403,1.44,1,False
721,3.0692266403749193,2.4717184638269063,1.4440560372166897,1.442,1,False
722,3.0726944846739905,2.4636432017981442,1.4384555334404903,1.444,1,False
723,3.076145749595554,2.4555454434518857,1.4328847442168586,1.446,1,False
724,3.0795805036541077,2.4474255912578133,1.4273437780388512,1.448,1,False
725,3.082998815364144,2.4392840476856064,1.4218327433995224,1.45,1,False
726,3.086400753240158,2.4311212152049424,1.4163517487919262,1.452,1,False
727,3.089786385796643,2.422937496285503,1.410900902709119,1.454,1,False
728,3.093155781548096,2.414733293396964,1.4054803136441556,1.456,1,False
729,3.0965090090090097,2.4065090090090093,1.4000900900900908,1.458,1,False
730,3.0998461366938774,2.398265045591315,1.3947303405399796,1.46,1,False
731,3.1031672331171944,2.390001805613563,1.3894011734868768,1.462,1,False
732,3.1064723667934557,2.3817196915454297,1.384102697423838,1.464,1,False
733,3.109761606237156,2.3734191058565965,1.378835020843918,1.466,1,True
734,3.113035019962788,2.3651004510167426,1.3735982522401713,1.468,1,False
735,3.1162926764848478,2.3567641294955477,1.3683925001056543,1.47,1,False
736,3.1195346443178282,2.34841054376269,1.3632178729334203,1.472,1,False
737,3.1227609919762247,2.3400400962878503,1.3580744792165256,1.474,1,False
738,3.1259717879745317,2.3316531895407073,1.352962427448025,1.476,1,False
739,3.129167100827243,2.32325022599094,1.3478818261209728,1.478,1,False
740,3.132346999048854,2.3148316081082285,1.3428327837284249,1.48,1,False
741,3.135511551153856,2.3063977383622505,1.3378154087634353,1.482,1,False
742,3.1386608256567485,2.2979490192226883,1.3328298097190605,1.484,1,False
743,3.1417948910720215,2.2894858531592193,1.3278760950883541,1.486,1,False
744,3.144913815914172,2.2810086426415244,1.3229543733643727,1.488,1,False
745,3.1480176686976926,2.272517790139281,1.3180647530401695,1.49,1,False
746,3.1511065179370785,2.2640136981221692,1.3132073426088007,1.492,1,False
747,3.1541804321468248,2.2554967690598695,1.3083822505633211,1.494,1,False
748,3.157239479841424,2.246967405422059,1.3035895853967854,1.496,1,False
749,3.160283729535373,2.238426009678421,1.2988294556022495,1.498,1,False
750,3.1633132497431635,2.2298729842986305,1.2941019696727671,1.5,1,False
751,3.166328108979292,2.22130873175237,1.2894072361013942,1.502,1,False
752,3.169328375758252,2.2127336545093175,1.2847453633811858,1.504,1,False
753,3.172314118594539,2.204148155039153,1.2801164600051973,1.506,1,False
754,3.1752854060026454,2.1955526358115547,1.2755206344664822,1.508,1,False
755,3.1782423064970655,2.186947499296203,1.270957995258097,1.51,1,False
756,3.1811848885922966,2.178333147962778,1.2664286508730958,1.512,1,False
757,3.1841132208028298,2.169709984280957,1.2619327098045339,1.514,1,False
758,3.187027371643161,2.161078410720421,1.257470280545467,1.516,1,True
759,3.1899274096277863,2.152438829750851,1.2530414715889497,1.518,1,False
760,3.192813403271197,2.1437916438419227,1.2486463914280364,1.52,1,False
761,3.195685421087888,2.135137255463317,1.2442851485557829,1.522,1,False
762,3.198543531592356,2.126476067084714,1.239957851465244,1.524,1,False
763,3.2013878032990926,2.117808481175793,1.2356646086494751,1.526,1,False
764,3.2042183047225947,2.1091349002062323,1.2314055286015302,1.528,1,False
765,3.207035104377354,2.1004557266457127,1.227180719814465,1.53,1,False
766,3.2098382707778668,2.0917713629639123,1.2229902907813348,1.532,1,False
767,3.212627872438628,2.0830822116305128,1.2188343499951944,1.534,1,False
768,3.21540397787413,2.07438867511519,1.2147130059490985,1.536,1,False
769,3.2181666555988677,2.065691155887626,1.2106263671361024,1.538,1,False
770,3.2209159741273377,2.0569900564175003,1.2065745420492613,1.54,1,False
771,3.223652001974032,2.0482857791744906,1.20255763918163,1.542,1,False
772,3.2263748076534444,2.0395787266282763,1.1985757670262633,1.544,1,False
773,3.2290844596800716,2.0308693012485386,1.194629034076217,1.546,1,False
774,3.2317810265684064,2.022157905504956,1.1907175488245452,1.548,1,False
775,3.234464576832944,2.0134449418672076,1.1868414197643036,1.55,1,False
776,3.237135178988179,2.004730812804974,1.1830007553885469,1.552,1,False
777,3.2397929015486047,1.9960159207879316,1.1791956641903298,1.554,1,False
778,3.242437813028716,1.9873006682857628,1.1754262546627083,1.556,1,False
779,3.2450699819430073,1.9785854577681465,1.171692635298737,1.558,1,False
780,3.247689476805973,1.9698706917047615,1.1679949145914703,1.56,1,False
781,3.2502963661321087,1.9611567725652874,1.1643332010339644,1.562,1,False
782,3.2528907184359057,1.9524441028194026,1.1607076031192727,1.564,1,False
783,3.2554726022318614,1.9437330849367886,1.1571182293404518,1.566,1,True
784,3.2580420860344694,1.9350241213871229,1.1535651881905562,1.568,1,False
785,3.2605992383582234,1.9263176146400856,1.1500485881626406,1.57,1,False
786,3.263144127717618,1.917613967165357,1.1465685377497605,1.572,1,False
787,3.2656768226271473,1.9089135814326146,1.1431251454449707,1.574,1,False
788,3.2681973916013076,1.900216859911539,1.139718519741326,1.576,1,False
789,3.2707059031545893,1.8915242050718089,1.1363487691318817,1.578,1,False
790,3.273202425801491,1.8828360193831044,1.1330160021096927,1.58,1,False
791,3.2756870280565065,1.8741527053151064,1.1297203271678147,1.582,1,False
792,3.2781597784341274,1.8654746653374914,1.126461852799302,1.584,1,False
793,3.2806207454488496,1.8568023019199396,1.1232406874972092,1.586,1,False
794,3.283069997615169,1.8481360175321313,1.1200569397545925,1.588,1,False
795,3.285507603447577,1.839476214643745,1.116910718064506,1.59,1,False
796,3.287933631460571,1.8308232957244608,1.1138021309200052,1.592,1,False
797,3.290348150168643,1.8221776632439572,1.110731286814145,1.594,1,False
798,3.2927512280862894,1.813539719671915,1.1076982942399805,1.596,1,False
799,3.2951429337280023,1.8049098674780117,1.104703261690566,1.598,1,False
800,3.297523335608279,1.7962885091319287,1.1017462976589583,1.6,1,False
801,3.2998925022416117,1.7876760471033448,1.0988275106382106,1.602,1,False
802,3.3022505021424946,1.7790728838619385,1.0959470091213788,1.604,1,False
803,3.3045974038254227,1.7704794218773896,1.093104901601518,1.606,1,False
804,3.3069332758048913,1.761896063619378,1.0903012965716827,1.608,1,False
805,3.3092581865953936,1.7533232115575825,1.0875363025249283,1.61,1,False
806,3.3115722047114238,1.7447612681616829,1.0848100279543096,1.612,1,False
807,3.3138753986674785,1.7362106359013585,1.082122581352882,1.614,1,False
808,3.31616783697805,1.7276717172462885,1.0794740712137003,1.616,1,True
809,3.318449588157632,1.719144914666153,1.0768646060298193,1.618,1,False
810,3.320720720720721,1.71063063063063,1.0742942942942946,1.62,1,False
811,3.3229813031818103,1.7021292676094004,1.0717632445001808,1.622,1,False
812,3.3252314040553945,1.693641228072143,1.0692715651405331,1.624,1,False
813,3.3274710918559673,1.6851669144885366,1.066819364708406,1.6260000000000001,1,False
814,3.329700435098024,1.6767067293282616,1.0644067516968558,1.6280000000000001,1,False
815,3.331919502296058,1.6682610750609972,1.0620338345989362,1.6300000000000001,1,False
816,3.334128361964566,1.6598303541564217,1.0597007219077028,1.6320000000000001,1,False
817,3.3363270826180402,1.651414969084216,1.0574075221162107,1.6340000000000001,1,False
818,3.338515732770976,1.6430153223140591,1.055154343717515,1.6360000000000001,1,False
819,3.340694380937865,1.6346318163156293,1.05294129520467,1.6380000000000001,1,False
820,3.342863095633206,1.6262648535586077,1.0507684850707317,1.6400000000000001,1,False
821,3.345021945371491,1.6179148365126723,1.0486360218087545,1.6420000000000001,1,False
822,3.3471709986672145,1.609582167647503,1.0465440139117936,1.6440000000000001,1,False
823,3.349310324034871,1.6012672494327798,1.0444925698729042,1.6460000000000001,1,False
824,3.351439989988954,1.59297048433818,1.0424817981851409,1.6480000000000001,1,False
825,3.3535600650439594,1.584692274833386,1.0405118073415591,1.6500000000000001,1,False
826,3.3556706177143822,1.5764330233880754,1.0385827058352142,1.6520000000000001,1,False
827,3.3577717165147147,1.5681931324719274,1.03669460215916,1.6540000000000001,1,False
828,3.3598634299594523,1.5599730045546232,1.0348476048064528,1.6560000000000001,1,False
829,3.361945826563089,1.551773042105839,1.033041822270147,1.6580000000000001,1,False
830,3.36401897484012,1.543593647595258,1.031277363043298,1.6600000000000001,1,False
831,3.366082943305039,1.5354352234925568,1.0295543356189603,1.6620000000000001,1,False
832,3.36813780047234,1.5272981722674155,1.0278728484901893,1.6640000000000001,1,False
833,3.3701836148565185,1.5191828963895155,1.0262330101500399,1.666,1,True
834,3.372220454972068,1.5110897983285325,1.0246349290915673,1.668,1,False
835,3.374248389333484,1.5030192805541485,1.0230787138078263,1.67,1,False
836,3.376267486455259,1.4949717455360418,1.021564472791872,1.672,1,False
837,3.3782778148518884,1.4869475957438922,1.0200923145367593,1.674,1,False
838,3.380279443037868,1.4789472336473797,1.0186623475355436,1.676,1,False
839,3.3822724395276893,1.4709710617161817,1.0172746802812795,1.678,1,False
840,3.3842568728358504,1.463019482419981,1.0159294212670231,1.68,1,False
841,3.3862328114768414,1.455092898228454,1.0146266789858276,1.682,1,False
842,3.38820032396516,1.4471917116112805,1.013366561930749,1.684,1,False
843,3.3901594788152987,1.4393163250381409,1.0121491785948429,1.686,1,False
844,3.3921103445417526,1.431467140978714,1.0109746374711635,1.688,1,False
845,3.394052989659017,1.4236445619026796,1.009843047052766,1.69,1,False
846,3.3959874826815843,1.4158489902797171,1.0087545158327056,1.692,1,False
847,3.3979138921239502,1.408080828579506,1.0077091523040371,1.694,1,False
848,3.399832286500609,1.400340479271725,1.0067070649598158,1.696,1,False
849,3.4017427343260547,1.3926283448260537,1.005748362293097,1.698,1,False
850,3.403645304114783,1.384944827712172,1.0048331527969347,1.7,1,False
851,3.4055400643812863,1.377290330399759,1.003961544964385,1.702,1,False
852,3.40742708364006,1.3696652553584936,1.0031336472885022,1.704,1,False
853,3.4093064304055973,1.3620700050580556,1.0023495682623418,1.706,1,False
854,3.411178173192395,1.354504981968125,1.0016094163789586,1.708,1,False
855,3.4130423805149457,1.346970588558381,1.000913300131408,1.71,1,False
856,3.4148991208877453,1.3394672272985013,1.0002613280127441,1.712,1,False
857,3.416748462825285,1.3319953006581673,0.9996536085160226,1.714,1,False
858,3.4185904748420626,1.324555211107058,0.9990902501342989,1.716,1,True
859,3.420425225452571,1.3171473611148525,0.9985713613606273,1.718,1,False
860,3.4222527831713045,1.3097721531512305,0.9980970506880633,1.72,1,False
861,3.4240732165127588,1.3024299896858704,0.9976674266096616,1.722,1,False
862,3.4258865939914265,1.2951212731884536,0.9972825976184776,1.724,1,False
863,3.4276929841218027,1.2878464061286572,0.9969426722075658,1.726,1,False
864,3.429492455418382,1.2806057909761617,0.9966477588699817,1.728,1,False
865,3.431285076395658,1.2733998302006464,0.9963979660987801,1.73,1,False
866,3.433070915568125,1.266228926271791,0.9961934023870161,1.732,1,False
867,3.4348500414502805,1.2590934816592751,0.9960341762277449,1.734,1,False
868,3.436622522556615,1.2519938988327766,0.9959203961140211,1.736,1,False
869,3.4383884274016245,1.2449305802619763,0.9958521705389001,1.738,1,False
870,3.440147824499803,1.2379039284165536,0.9958296079954368,1.74,1,False
871,3.4419007823656464,1.230914345766187,0.9958528169766865,1.742,1,False
872,3.443647369513647,1.223962234780557,0.9959219059757036,1.744,1,False
873,3.4453876544582993,1.2170479979293423,0.9960369834855436,1.746,1,False
874,3.447121705714099,1.2101720376822218,0.9961981579992614,1.748,1,False
875,3.4488495917955393,1.2033347565088768,0.9964055380099122,1.75,1,False
876,3.4505713812171166,1.1965365568789847,0.996659232010551,1.752,1,False
877,3.452287142493323,1.1897778412622253,0.9969593484942325,1.754,1,False
878,3.453996944138654,1.183059012128279,0.9973059959540119,1.756,1,False
879,3.4557008546676022,1.1763804719468236,0.9976992828829443,1.758,1,False
880,3.457398942594666,1.1697426231875399,0.9981393177740848,1.76,1,False
881,3.4590912764343362,1.1631458683201068,0.9986262091204885,1.762,1,False
882,3.4607779247011083,1.1565906098142038,0.99916006541521,1.764,1,False
883,3.462458955909476,1.1500772501395102,0.9997409951513047,1.766,1,True
884,3.464134438573934,1.143606191765705,1.0003691068218272,1.768,1,False
885,3.465804441208978,1.1371778371624681,1.0010445089198332,1.77,1,False
886,3.467469032329101,1.1307925887994794,1.0017673099383773,1.772,1,False
887,3.4691282804487993,1.1244508491464174,1.0025376183705146,1.774,1,False
888,3.470782254082564,1.1181530206729617,1.0033555427093002,1.776,1,False
889,3.472431021744892,1.111899505848792,1.004221191447789,1.778,1,False
890,3.474074651950277,1.1056907071435869,1.005134673079036,1.78,1,False
891,3.475713213213214,1.0995270270270274,1.0060960960960967,1.782,1,False
892,3.4773467740481956,1.0934088679687906,1.0071055689920254,1.784,1,False
893,3.478975402969717,1.0873366324385576,1.0081632002598773,1.786,1,False
894,3.480599168492274,1.0813107229060082,1.009269098392708,1.788,1,False
895,3.48221813913036,1.07533154184082,1.010423371883572,1.79,1,False
896,3.4838323833984695,1.0693994917126743,1.0116261292255246,1.792,1,False
897,3.4854419698110957,1.063514974991249,1.0128774789116204,1.794,1,False
898,3.4870469668827337,1.0576783941462233,1.014177529434915,1.796,1,False
899,3.4886474431278796,1.0518901516472785,1.015526389288463,1.798,1,False
900,3.490243467061026,1.0461506499640927,1.0169241669653197,1.8,1,False
901,3.4918351071966676,1.0404602915663452,1.01837097095854,1.802,1,False
902,3.4934224320492975,1.0348194789237162,1.0198669097611788,1.804,1,False
903,3.4950055101334128,1.0292286145058842,1.0214120918662914,1.806,1,False
904,3.4965844099635053,1.023688100782529,1.0230066257669326,1.808,1,False
905,3.4981592000540718,1.0181983402233294,1.0246506199561578,1.81,1,False
906,3.499729948919605,1.012759735297966,1.0263441829270212,1.812,1,False
907,3.5012967250745994,1.0073726884761174,1.028087423172579,1.814,1,False
908,3.5028595970335505,1.002037602227463,1.0298804491858853,1.816,1,True
909,3.504418633310952,0.9967548790216827,1.0317233694599954,1.818,1,False
910,3.5059739024212977,0.9915249213284554,1.0336162924879646,1.82,1,False
911,3.507525472879083,0.9863481316174605,1.0355593267628476,1.822,1,False
912,3.509073413198801,0.9812249123583776,1.0375525807776993,1.824,1,False
913,3.5106177918949473,0.9761556660208863,1.0395961630255752,1.826,1,False
914,3.5121586774820153,0.9711407950746651,1.0416901819995301,1.828,1,False
915,3.5136961384745007,0.9661807019893949,1.0438347461926192,1.83,1,False
916,3.5152302433868967,0.9612757892347533,1.046029964097897,1.832,1,False
917,3.516761060733698,0.9564264592804212,1.0482759442084189,1.834,1,False
918,3.5182886590294,0.9516331145960775,1.0505727950172399,1.836,1,False
919,3.519813106788495,0.946896157651401,1.052920625017415,1.838,1,False
920,3.5213344725254796,0.9422159909160721,1.0553195427019997,1.84,1,False
921,3.5228528247548474,0.9375930168597697,1.057769656564048,1.842,1,False
922,3.524368231991092,0.9330276379521736,1.0602710750966162,1.844,1,False
923,3.5258807627487077,0.9285202566629621,1.062823906792758,1.846,1,False
924,3.5273904855421905,0.924071275461815,1.0654282601455294,1.848,1,False
925,3.528897468886033,0.9196810968184133,1.0680842436479852,1.85,1,False
926,3.5304017812947306,0.9153501232024341,1.07079196579318,1.852,1,False
927,3.531903491282778,0.9110787570835578,1.0735515350741693,1.854,1,False
928,3.5334026673646695,0.9068674009314642,1.0763630599840082,1.856,1,False
929,3.534899378054898,0.9027164572158322,1.0792266490157512,1.858,1,False
930,3.5363936918679593,0.8986263284063416,1.082142410662454,1.86,1,False
931,3.5378856773183474,0.8945974169726711,1.085110453417171,1.862,1,False
932,3.539375402920557,0.8906301253845005,1.0881308857729577,1.864,1,False
933,3.540862937189083,0.8867248561115095,1.091203816222869,1.866,1,True
934,3.542348348638417,0.882882011623377,1.0943293532599596,1.868,1,False
935,3.5438317057830564,0.8791019943897822,1.0975076053772848,1.87,1,False
936,3.5453130771374948,0.8753852068804056,1.1007386810678998,1.872,1,False
937,3.5467925312162256,0.8717320515649256,1.1040226888248594,1.874,1,False
938,3.548270136533744,0.8681429309130217,1.1073597371412185,1.8760000000000001,1,False
939,3.549745961604545,0.8646182473943737,1.1107499345100327,1.8780000000000001,1,False
940,3.551220074943122,0.8611584034786606,1.114193389424356,1.8800000000000001,1,False
941,3.5526925450639704,0.8577638016355622,1.117690210377245,1.8820000000000001,1,False
942,3.554163440481584,0.854434844334758,1.1212405058617534,1.8840000000000001,1,False
943,3.5556328297104556,0.8511719340459266,1.1248443843709364,1.8860000000000001,1,False
944,3.557100781265082,0.8479754732387479,1.1285019543978494,1.8880000000000001,1,False
945,3.5585673636599564,0.844845864382901,1.1322133244355475,1.8900000000000001,1,False
946,3.5600326454095734,0.8417835099480663,1.135978602977085,1.8920000000000001,1,False
947,3.561496695028428,0.8387888124039216,1.1397978985155177,1.8940000000000001,1,False
948,3.5629595810310137,0.8358621742201479,1.1436713195439006,1.8960000000000001,1,False
949,3.5644213719318247,0.8330039978664235,1.1475989745552884,1.8980000000000001,1,False
950,3.5658821362453565,0.8302146858124284,1.1515809720427361,1.9000000000000001,1,False
951,3.567341942486103,0.8274946405278418,1.155617420499299,1.9020000000000001,1,False
952,3.5688008591685576,0.8248442644823425,1.159708428418032,1.9040000000000001,1,False
953,3.570258954807217,0.8222639601456111,1.1638541042919899,1.9060000000000001,1,False
954,3.5717162979165735,0.8197541299873258,1.1680545566142282,1.9080000000000001,1,False
955,3.573172957011121,0.817315176477167,1.1723098938778014,1.9100000000000001,1,False
956,3.574629000605356,0.8149475020848133,1.176620224575765,1.9120000000000001,1,False
957,3.5760844972137713,0.8126515092799445,1.1809856572011737,1.9140000000000001,1,False
958,3.5775395153508622,0.8104276005322405,1.1854063002470827,1.9160000000000001,1,True
959,3.578994123531123,0.8082761783113793,1.189882262206547,1.9180000000000001,1,False
960,3.5804483902690483,0.8061976450870418,1.1944136515726214,1.92,1,False
961,3.5819023840791315,0.8041924033289065,1.1990005768383614,1.922,1,False
962,3.5833561734758668,0.8022608555066534,1.2036431464968218,1.924,1,False
963,3.5848098269737503,0.8004034040899609,1.2083414690410574,1.926,1,False
964,3.5862634130872753,0.7986204515485095,1.2130956529641241,1.928,1,False
965,3.5877170003309358,0.7969124003519782,1.2179058067590756,1.93,1,False
966,3.5891706572192272,0.7952796529700453,1.2227720389189678,1.932,1,False
967,3.5906244522666433,0.7937226118723927,1.2276944579368556,1.934,1,False
968,3.5920784539876776,0.792241679528697,1.2326731723057938,1.936,1,False
969,3.593532730896827,0.7908372584086397,1.237708290518838,1.938,1,False
970,3.5949873515085846,0.7895097509818992,1.2427999210690426,1.94,1,False
971,3.596442384337443,0.7882595597181553,1.2479481724494625,1.942,1,False
972,3.597897897897898,0.7870870870870867,1.2531531531531535,1.944,1,False
973,3.5993539485554833,0.7859926205952906,1.258414897677516,1.946,1,False
974,3.600810544079882,0.7849759878970268,1.2637331445373354,1.948,1,False
975,3.6022676800918183,0.7840369016834748,1.269107558251744,1.95,1,False
976,3.6037253522120145,0.7831750746458119,1.274537803339872,1.952,1,False
977,3.605183556061195,0.7823902194752157,1.2800235443208516,1.954,1,False
978,3.60664228726008,0.7816820488628649,1.2855644457138138,1.956,1,False
979,3.6081015414293947,0.7810502754999368,1.2911601720378898,1.958,1,False
980,3.609561314189862,0.7804946120776101,1.2968103878122115,1.96,1,False
981,3.611021601162206,0.7800147712870624,1.3025147575559104,1.962,1,False
982,3.612482397967146,0.7796104658194709,1.308272945788117,1.964,1,False
983,3.613943700225409,0.7792814083660152,1.3140846170279639,1.966,1,True
984,3.615405503557717,0.7790273116178721,1.3199494357945818,1.968,1,False
985,3.616867803584792,0.7788478882662199,1.3258670666071022,1.97,1,False
986,3.618330595927356,0.7787428510022364,1.3318371739846562,1.972,1,False
987,3.619793876206136,0.7787119125170996,1.3378594224463758,1.974,1,False
988,3.6212576400418524,0.778754785501988,1.3439334765113924,1.976,1,False
989,3.622721883055228,0.778871182648079,1.350059000698837,1.978,1,False
990,3.6241866008669854,0.7790608166465505,1.356235659527841,1.98,1,False
991,3.6256517890978492,0.779323400188581,1.362463117517536,1.982,1,False
992,3.6271174433685425,0.779658645965348,1.3687410391870534,1.984,1,False
993,3.6285835592997877,0.7800662666680294,1.3750690890555246,1.986,1,False
994,3.6300501325123067,0.7805459749878035,1.3814469316420805,1.988,1,False
995,3.631517158626825,0.7810974836158487,1.3878742314658534,1.99,1,False
996,3.6329846332640634,0.781720505243342,1.3943506530459742,1.992,1,False
997,3.6344525520447464,0.7824147525614625,1.4008758609015748,1.994,1,False
998,3.6359209105895953,0.7831799382613868,1.4074495195517853,1.996,1,False
999,3.6373897045193355,0.7840157750342935,1.4140712935157382,1.998,1,False
1000,3.6388589294546874,0.7849219755713609,1.4207408473125651,2.0,1,False
1001,3.640328581016376,0.7858982525637667,1.4274578454613973,2.0020000000000002,1,False
1002,3.6417986548251244,0.7869443187026889,1.4342219524813644,2.004,1,False
1003,3.643269146501656,0.7880598866793053,1.441032832891601,2.0060000000000002,1,False
1004,3.6447400516666915,0.7892446691847942,1.447890151211235,2.008,1,False
1005,3.646211365940956,0.7904983789103335,1.4547935719594016,2.0100000000000002,1,False
1006,3.6476830849451716,0.791820728547101,1.4617427596552282,2.012,1,False
1007,3.6491552043000617,0.7932114307862744,1.46873737881785,2.0140000000000002,1,False
1008,3.6506277196263484,0.7946701983190323,1.4757770939663946,2.016,1,True
1009,3.652100626544757,0.7961967438365524,1.4828615696199976,2.0180000000000002,1,False
1010,3.6535739206760085,0.7977907800300125,1.4899904702977862,2.02,1,False
1011,3.6550475976408263,0.7994520195905912,1.4971634605188953,2.0220000000000002,1,False
1012,3.6565216530599334,0.8011801752094652,1.504380204802453,2.024,1,False
1013,3.6579960825540536,0.8029749595778141,1.5116403676675947,2.0260000000000002,1,False
1014,3.65947088174391,0.8048360853868145,1.5189436136334482,2.028,1,False
1015,3.6609460462502246,0.8067632653276453,1.5262896072191472,2.0300000000000002,1,False
1016,3.6624215716937214,0.8087562120914834,1.533678012943821,2.032,1,False
1017,3.6638974536951223,0.8108146383695083,1.5411084953266037,2.0340000000000003,1,False
1018,3.665373687875152,0.8129382568528967,1.5485807188866236,2.036,1,False
1019,3.6668502698545318,0.8151267802328268,1.5560943481430152,2.0380000000000003,1,False
1020,3.6683271952539855,0.8173799212004771,1.563649047614907,2.04,1,False
1021,3.669804459694236,0.8196973924470251,1.5712444818214333,2.0420000000000003,1,False
1022,3.6712820587960078,0.822078906663649,1.5788803152817228,2.044,1,False
1023,3.6727599881800206,0.8245241765415265,1.586556212514909,2.0460000000000003,1,False
1024,3.674238243467002,0.8270329147718359,1.5942718380401217,2.048,1,False
1025,3.67571682027767,0.8296048340457547,1.6020268563764923,2.05,1,False
1026,3.6771957142327523,0.8322396470544619,1.6098209320431547,2.052,1,False
1027,3.678674920952969,0.8349370664891338,1.617653729559237,2.054,1,False
1028,3.6801544360590435,0.8376968050409507,1.6255249134438743,2.056,1,False
1029,3.6816342551716987,0.840518575401088,1.6334341482161934,2.058,1,False
1030,3.683114373911659,0.8434020902607254,1.64138109839533,2.06,1,False
1031,3.684594787899647,0.8463470623110402,1.649365428500412,2.062,1,False
1032,3.6860754927563852,0.8493532042432108,1.6573868030505743,2.064,1,False
1033,3.6875564841025974,0.8524202287484143,1.6654448865649445,2.066,1,True
1034,3.689037757559006,0.85554784851783,1.6735393435626582,2.068,1,False
1035,3.690519308746332,0.8587357762426346,1.6816698385628424,2.07,1,False
1036,3.692001133285303,0.8619837246140072,1.6898360360846327,2.072,1,False
1037,3.6934832267966384,0.8652914063231243,1.6980376006471563,2.074,1,False
1038,3.6949655849010634,0.8686585340611659,1.7062741967695485,2.076,1,False
1039,3.696448203219299,0.8720848205193079,1.714545488970938,2.078,1,False
1040,3.6979310773720697,0.8755699783887299,1.7228511417704582,2.08,1,False
1041,3.6994142029800985,0.8791137203606083,1.731190819687238,2.082,1,False
1042,3.7008975756641074,0.8827157591261225,1.7395641872404115,2.084,1,False
1043,3.7023811910448203,0.8863758073764497,1.7479709089491073,2.086,1,False
1044,3.703865044742961,0.8900935778027684,1.7564106493324605,2.088,1,False
1045,3.70534913237925,0.893868783096256,1.7648830729095986,2.09,1,False
1046,3.7068334495744133,0.8977011359480912,1.7733878441996564,2.092,1,False
1047,3.7083179919491718,0.9015903490494506,1.781924627721762,2.094,1,False
1048,3.7098027551242496,0.9055361350915136,1.7904930879950502,2.096,1,False
1049,3.711287734720369,0.9095382067654572,1.7990928895386487,2.098,1,False
1050,3.7127729263582543,0.913596276762461,1.8077236968716932,2.1,1,False
1051,3.7142583256586277,0.9177100577737003,1.8163851745133108,2.102,1,False
1052,3.7157439282422113,0.9218792624903557,1.8250769869826367,2.104,1,False
1053,3.71722972972973,0.9261036036036033,1.8337987987987987,2.106,1,False
1054,3.7187157257419066,0.9303827938046223,1.8425502744809317,2.108,1,False
1055,3.720201911899462,0.9347165457845895,1.8513310785481636,2.11,1,False
1056,3.721688283823122,0.9391045722346847,1.8601408755196294,2.112,1,False
1057,3.723174837133607,0.9435465858460839,1.868979329914457,2.114,1,False
1058,3.724661567451643,0.948042299309966,1.8778461062517808,2.116,1,True
1059,3.7261484703979497,0.9525914253175081,1.88674086905073,2.118,1,False
1060,3.7276355415932536,0.9571936765598905,1.8956632828304387,2.12,1,False
1061,3.729122776658275,0.9618487657282881,1.904613012110034,2.122,1,False
1062,3.7306101712137383,0.9665564055138811,1.9135897214086521,2.124,1,False
1063,3.732097720880366,0.9713163086078469,1.9225930752454203,2.126,1,False
1064,3.733585421278882,0.9761281877013633,1.9316227381394735,2.128,1,False
1065,3.7350732680300083,0.9809917554856076,1.9406783746099399,2.13,1,False
1066,3.7365612567544684,0.9859067246517595,1.9497596491759541,2.132,1,False
1067,3.738049383072984,0.9908728078909949,1.9588662263566436,2.134,1,False
1068,3.739537642606281,0.9958897178944937,1.9679977706711445,2.136,1,False
1069,3.741026030975081,1.0009571673534319,1.9771539466385837,2.138,1,False
1070,3.742514543800106,1.00607486895899,1.9863344187780965,2.14,1,False
1071,3.74400317670208,1.011242535402343,1.9955388516088102,2.142,1,False
1072,3.745491925301727,1.0164598793746715,2.004766909649861,2.144,1,False
1073,3.746980785219767,1.0217266135671517,2.0140182574203753,2.146,1,False
1074,3.7484697520769266,1.0270424506709628,2.023292559439489,2.148,1,False
1075,3.7499588214939275,1.0324071033772815,2.03258948022633,2.15,1,False
1076,3.751447989091491,1.0378202843772872,2.0419086843000325,2.152,1,False
1077,3.7529372504903424,1.043281706362156,2.051249836179724,2.154,1,False
1078,3.7544266013112044,1.0487910820230684,2.060612600384542,2.156,1,False
1079,3.7559160371747993,1.0543481240512,2.069996641433612,2.158,1,False
1080,3.757405553701851,1.059952545137731,2.0794016238460693,2.16,1,False
1081,3.758895146513082,1.0656040579738364,2.0888272121410423,2.162,1,False
1082,3.7603848112292146,1.0713023752506972,2.0982730708376653,2.164,1,False
1083,3.7618745434709724,1.077047209659489,2.107738864455066,2.166,1,True
1084,3.7633643388590796,1.0828382738913918,2.117224257512381,2.168,1,False
1085,3.764854193014257,1.088675280637582,2.1267289145287362,2.17,1,False
1086,3.7663441015572303,1.094557942589239,2.1362525000232675,2.172,1,False
1087,3.7678340601087204,1.1004859724375387,2.1457946785151023,2.174,1,False
1088,3.7693240642894517,1.1064590828736613,2.1553551145233767,2.176,1,False
1089,3.7708141097201464,1.1124769865887834,2.164933472567218,2.178,1,False
1090,3.772304192021528,1.1185393962740842,2.17452941716576,2.18,1,False
1091,3.7737943068143185,1.1246460246207393,2.1841426128381314,2.182,1,False
1092,3.7752844497192424,1.13079658431993,2.1937727241034675,2.184,1,False
1093,3.776774616357021,1.1369907880628303,2.2034194154808953,2.186,1,False
1094,3.77826480234838,1.1432283485406227,2.213082351489551,2.188,1,False
1095,3.7797550033140395,1.149508978444481,2.222761196648561,2.19,1,False
1096,3.7812452148747253,1.1558323904655863,2.232455615477062,2.192,1,False
1097,3.782735432651158,1.1621982972951144,2.2421652724941805,2.194,1,False
1098,3.784225652264063,1.1686064116242447,2.2518898322190517,2.196,1,False
1099,3.78571586933416,1.1750564461441535,2.261628959170803,2.198,1,False
1100,3.787206079482176,1.181548113546022,2.2713823178685715,2.2,1,False
1101,3.78869627832883,1.188081126521024,2.281149572831481,2.202,1,False
1102,3.7901864614948484,1.1946551977603406,2.2909303885786705,2.204,1,False
1103,3.791676624600953,1.2012700399551475,2.3007244296292657,2.206,1,False
1104,3.7931667632678665,1.2079253657966253,2.3105313605024023,2.208,1,False
1105,3.794656873116312,1.2146208879759497,2.320350845717208,2.21,1,False
1106,3.796146949767014,1.2213563191843007,2.3301825497928186,2.212,1,False
1107,3.7976369888406936,1.228131372112853,2.340026137248359,2.214,1,False
1108,3.799126985958074,1.2349457594527888,2.349881272602968,2.216,1,True
1109,3.80061693673988,1.2417991938952824,2.359747620375771,2.218,1,False
1110,3.8021068368068325,1.2486913881315147,2.369624845085904,2.22,1,False
1111,3.8035966817796556,1.2556220548526607,2.379512611252494,2.222,1,False
1112,3.8050864672790734,1.2625909067499015,2.389410583394677,2.224,1,False
1113,3.8065761889258054,1.2695976565144114,2.399318426031579,2.226,1,False
1114,3.8080658423405795,1.2766420168373724,2.4092358036823374,2.228,1,False
1115,3.809555423144115,1.28372370040996,2.419162380866079,2.23,1,False
1116,3.8110449269571367,1.2908424199233532,2.4290978221019386,2.232,1,False
1117,3.8125343494003663,1.2979978880687282,2.4390417919090432,2.234,1,False
1118,3.814023686094528,1.3051898175372654,2.4489939548065296,2.236,1,False
1119,3.815512932660345,1.3124179210201412,2.4589539753135243,2.238,1,False
1120,3.8170020847185393,1.3196819112085347,2.4689215179491626,2.24,1,False
1121,3.8184911378898354,1.3269815007936216,2.4788962472325724,2.242,1,False
1122,3.8199800877949532,1.3343164024665835,2.4888778276828893,2.244,1,False
1123,3.8214689300546207,1.341686328918594,2.498865923819239,2.246,1,False
1124,3.822957660289557,1.3490909928408357,2.50886020016076,2.248,1,False
1125,3.8244462741204868,1.3565301069244822,2.5188603212265757,2.25,1,False
1126,3.825934767168132,1.364003383860716,2.5288659515358263,2.2520000000000002,1,False
1127,3.8274231350532157,1.3715105363407099,2.538876755607635,2.254,1,False
1128,3.8289113733964637,1.379051277055647,2.5488923979611386,2.2560000000000002,1,False
1129,3.8303994778185944,1.3866253186967008,2.558912543115465,2.258,1,False
1130,3.8318874439403348,1.3942323739550533,2.5689368555897496,2.2600000000000002,1,False
1131,3.8333752673824057,1.4018721555218787,2.5789649999031194,2.262,1,False
1132,3.8348629437655326,1.4095443760883584,2.58899664057471,2.2640000000000002,1,False
1133,3.836350468710435,1.4172487483456666,2.5990314421236476,2.266,1,True
1134,3.837837837837839,1.4249849849849854,2.60906906906907,2.2680000000000002,1,False
1135,3.839325046768465,1.4327527986974893,2.619109185930103,2.27,1,False
1136,3.8408120911230395,1.4405519021743594,2.6291514572258823,2.2720000000000002,1,False
1137,3.8422989665222813,1.44838200810677,2.639195547475535,2.274,1,False
1138,3.843785668586917,1.4562428291859033,2.6492411211981977,2.2760000000000002,1,False
1139,3.84527219293767,1.464134078102934,2.6592878429129967,2.278,1,False
1140,3.846758535195258,1.4720554675490412,2.669335377139067,2.2800000000000002,1,False
1141,3.84824469098041,1.480006710215402,2.6793833883955367,2.282,1,False
1142,3.849730655913845,1.487987518793197,2.6894315412015417,2.2840000000000003,1,False
1143,3.851216425616289,1.4959976059736004,2.699479500076208,2.286,1,False
1144,3.852701995708464,1.5040366844477937,2.7095269295386726,2.2880000000000003,1,False
1145,3.8541873618110922,1.512104466906952,2.7195734941080616,2.29,1,False
1146,3.8556725195448975,1.5202006660422558,2.7296188583035113,2.2920000000000003,1,False
1147,3.8571574645306024,1.5283249945448805,2.7396626866441482,2.294,1,False
1148,3.858642192388931,1.5364771651060067,2.7497046436491095,2.2960000000000003,1,False
1149,3.8601266987406055,1.5446568904168105,2.759744393837521,2.298,1,False
1150,3.861610979206348,1.552863883168471,2.769781601728517,2.3000000000000003,1,False
1151,3.8630950294068827,1.5610978560521638,2.7798159318412274,2.302,1,False
1152,3.8645788449629332,1.569358521759071,2.789847048694787,2.3040000000000003,1,False
1153,3.8660624214952213,1.5776455929803666,2.7998746168083217,2.306,1,False
1154,3.8675457546244716,1.5859587824072297,2.8098983007009664,2.308,1,False
1155,3.8690288399714055,1.594297802730841,2.819917764891854,2.31,1,False
1156,3.8705116731567464,1.6026623666423745,2.829932673900113,2.312,1,False
1157,3.871994249801218,1.611052186833012,2.8399426922448763,2.314,1,False
1158,3.873476565525543,1.619466975993927,2.8499474844452735,2.316,1,True
1159,3.874958615950444,1.627906446816302,2.859946715020439,2.318,1,False
1160,3.8764403966966436,1.6363703119913113,2.869940048489501,2.32,1,False
1161,3.8779219033848675,1.644858284210136,2.879927149371595,2.322,1,False
1162,3.8794031316358355,1.6533700761639507,2.8899076821858456,2.324,1,False
1163,3.8808840770702724,1.6619054005439369,2.8998813114513915,2.326,1,False
1164,3.8823647353089017,1.6704639700412696,2.90984770168736,2.328,1,False
1165,3.8838451019724447,1.6790454973471294,2.919806517412885,2.33,1,False
1166,3.885325172681625,1.6876496951526907,2.929757423147093,2.332,1,False
1167,3.8868049430571663,1.6962762761491361,2.939700083409122,2.334,1,False
1168,3.8882844087197923,1.7049249530276387,2.9496341627180986,2.336,1,False
1169,3.8897635652902247,1.7135954384793817,2.9595593255931574,2.338,1,False
1170,3.8912424083891857,1.7222874451955372,2.969475236553425,2.34,1,False
1171,3.8927209336373996,1.7310006858672888,2.979381560118039,2.342,1,False
1172,3.89419913665559,1.7397348731858102,2.989277960806126,2.344,1,False
1173,3.8956770130644807,1.7484897198422835,2.9991641031368212,2.346,1,False
1174,3.897154558484791,1.757264938527881,3.0090396516292515,2.348,1,False
1175,3.8986317685372485,1.7660602419337872,3.0189042708025537,2.35,1,False
1176,3.900108638842572,1.7748753427511736,3.028757625175853,2.352,1,False
1177,3.901585165021488,1.7837099536712242,3.0385993792682875,2.354,1,False
1178,3.9030613426947176,1.7925637873851121,3.0484291975989826,2.356,1,False
1179,3.904537167482985,1.8014365565840194,3.0582467446870747,2.358,1,False
1180,3.9060126350070115,1.8103279739591196,3.06805168505169,2.36,1,False
1181,3.907487740887522,1.8192377522015948,3.0778436832119653,2.362,1,False
1182,3.9089624807452377,1.8281656040026195,3.0876224036870275,2.364,1,False
1183,3.910436850200884,1.8371112420533757,3.0973875109960116,2.366,1,True
1184,3.911910844875182,1.846074379045037,3.1071386696580454,2.368,1,False
1185,3.913384460388856,1.8550547276687857,3.116875544192265,2.37,1,False
1186,3.9148576923626273,1.8640520006157952,3.126597799117796,2.372,1,False
1187,3.9163305364172216,1.873065910577248,3.1363050989537755,2.374,1,False
1188,3.91780298817336,1.8820961702443175,3.1459971082193303,2.376,1,False
1189,3.9192750432517647,1.891142492308186,3.155673491433595,2.378,1,False
1190,3.920746697273161,1.900204589460028,3.165333913115698,2.38,1,False
1191,3.92221794585827,1.909282174391025,3.1749780377847743,2.382,1,False
1192,3.9236887846278177,1.9183749597923503,3.1846055299599527,2.384,1,False
1193,3.925159209202523,1.927482658355187,3.1942160541603664,2.386,1,False
1194,3.9266292152031124,1.9366049827707088,3.203809274905144,2.388,1,False
1195,3.928098798250306,1.9457416457300967,3.2133848567134202,2.39,1,False
1196,3.9295679539648303,1.9548923599245263,3.2229424641043236,2.392,1,False
1197,3.931036677967406,1.9640568380451784,3.232481761596989,2.394,1,False
1198,3.9325049658787563,1.9732347927832274,3.242002413710543,2.396,1,False
1199,3.933972813319604,1.9824259368298545,3.251504084964121,2.398,1,False
1200,3.9354402159106727,1.991629982876235,3.2609864398768518,2.4,1,False
1201,3.936907169272687,2.0008466436135506,3.2704491429678715,2.402,1,False
1202,3.938373669026367,2.0100756317329735,3.279891858756304,2.404,1,False
1203,3.9398397107924374,2.019316659925688,3.289314251761288,2.406,1,False
1204,3.9413052901916212,2.028569440882867,3.2987159865019495,2.408,1,False
1205,3.9427704028446415,2.0378336872956933,3.308096727497425,2.41,1,False
1206,3.9442350443722196,2.047109111855339,3.3174561392668385,2.412,1,False
1207,3.9456992103950808,2.056395427252988,3.32679388632933,2.414,1,False
1208,3.947162896533947,2.065692346179813,3.3361096332040243,2.416,1,True
1209,3.9486260984095414,2.074999581326996,3.3454030444100553,2.418,1,False
1210,3.9500888116425887,2.084316845385712,3.3546737844665553,2.42,1,False
1211,3.9515510318538083,2.0936438510471422,3.3639215178926554,2.422,1,False
1212,3.9530127546639275,2.102980311002462,3.373145909207486,2.424,1,False
1213,3.954473975693666,2.1123259379428507,3.3823466229301786,2.426,1,False
1214,3.955934690563747,2.121680444559484,3.3915233235798645,2.428,1,False
1215,3.9573948948948963,2.131043543543544,3.400675675675676,2.43,1,False
1216,3.9588545843078347,2.140414947586204,3.409803343736744,2.432,1,False
1217,3.9603137544232854,2.1497943693786463,3.4189059922822005,2.434,1,False
1218,3.961772400861971,2.1591815216120445,3.4279832858311736,2.436,1,False
1219,3.963230519244617,2.1685761169775817,3.4370348889028017,2.438,1,False
1220,3.964688105191944,2.17797786816643,3.446060466016209,2.44,1,False
1221,3.9661451543246757,2.187386487869773,3.4550596816905315,2.442,1,False
1222,3.967601662263535,2.196801688778784,3.4640322004448967,2.444,1,False
1223,3.969057624629246,2.2062231835846458,3.4729776867984405,2.446,1,False
1224,3.9705130370425294,2.2156506849785305,3.4818958052702906,2.448,1,False
1225,3.971967895124112,2.2250839056516223,3.4907862203795816,2.45,1,False
1226,3.973422194494714,2.234522558295093,3.4996485966454407,2.452,1,False
1227,3.974875930775058,2.243966355600126,3.5084825985870043,2.454,1,False
1228,3.976329099585868,2.2534150102578954,3.5172878907233986,2.456,1,False
1229,3.9777816965478685,2.2628682349595826,3.5260641375737602,2.458,1,False
1230,3.97923371728178,2.2723257423963608,3.534811003657216,2.46,1,False
1231,3.980685157408327,2.281787245259414,3.5435281534929013,2.462,1,False
1232,3.982136012548232,2.2912524562399144,3.5522152515999434,2.464,1,False
1233,3.983586278322219,2.3007210880290443,3.560871962497478,2.466,1,True
1234,3.98503595035101,2.3101928533179787,3.5694979507046325,2.468,1,False
1235,3.986485024255328,2.3196674647978983,3.578092880740541,2.47,1,False
1236,3.9879334956558967,2.329144635159978,3.586656417124334,2.472,1,False
1237,3.989381360173439,2.3386240770953988,3.595188224375143,2.474,1,False
1238,3.9908286134286772,2.348105503295336,3.6036879670120987,2.476,1,False
1239,3.992275251042335,2.35758862645097,3.6121553095543346,2.478,1,False
1240,3.9937212686351358,2.367073159253476,3.620589916520979,2.48,1,False
1241,3.9951666618278026,2.376558814394036,3.6289914524311677,2.482,1,False
1242,3.996611426241057,2.386045304563823,3.6373595818040263,2.484,1,False
1243,3.998055557495624,2.395532342454019,3.6456939691586916,2.486,1,False
1244,3.999499051212225,2.4050196407557998,3.6539942790142916,2.488,1,False
1245,4.000941903011584,2.414506912160345,3.6622601758899593,2.49,1,False
1246,4.002384108514423,2.4239938693588297,3.6704913243048236,2.492,1,False
1247,4.003825663341467,2.4334802250424357,3.678687388778021,2.494,1,False
1248,4.005266563113437,2.4429656919023373,3.686848033828677,2.496,1,False
1249,4.006706803451057,2.4524499826297164,3.6949729239759277,2.498,1,False
1250,4.0081463799750505,2.4619328099157465,3.7030617237389016,2.5,1,False
1251,4.00958528830614,2.47141388645161,3.7111140976367323,2.5020000000000002,1,False
1252,4.011023524065048,2.4808929249284812,3.719129710188548,2.504,1,False
1253,4.012461082872499,2.4903696380375413,3.727108225913485,2.5060000000000002,1,False
1254,4.0138979603492135,2.499843738469964,3.735049309330669,2.508,1,False
1255,4.015334152115917,2.509314938916932,3.742952624959236,2.5100000000000002,1,False
1256,4.0167696537933315,2.518782952069619,3.7508178373183143,2.512,1,False
1257,4.018204461002182,2.5282474906192083,3.758644610927038,2.5140000000000002,1,False
1258,4.019638569363187,2.5377082672568716,3.766432610304536,2.516,1,True
1259,4.021071974497073,2.547164994673792,3.774181499969942,2.5180000000000002,1,False
1260,4.022504672024563,2.556617385561144,3.781890944442384,2.52,1,False
1261,4.02393665756638,2.5660651526101086,3.789560608240999,2.5220000000000002,1,False
1262,4.025367926743245,2.5755080085118602,3.7971901558849126,2.524,1,False
1263,4.026798475175883,2.5849456659575805,3.8047792518932595,2.5260000000000002,1,False
1264,4.0282282984850175,2.594377837638444,3.8123275607851697,2.528,1,False
1265,4.029657392291369,2.603804236245632,3.8198347470797764,2.5300000000000002,1,False
1266,4.031085752215662,2.6132245744703186,3.827300475296208,2.532,1,False
1267,4.032513373878621,2.6226385650036876,3.8347244099535995,2.5340000000000003,1,False
1268,4.033940252900966,2.63204592053691,3.842106215571078,2.536,1,False
1269,4.035366384903423,2.6414463537611694,3.8494455566677797,2.5380000000000003,1,False
1270,4.036791765506713,2.65083957736764,3.8567420977628317,2.54,1,False
1271,4.03821639033156,2.6602253040475023,3.863995503375369,2.5420000000000003,1,False
1272,4.039640254998687,2.669603246491932,3.8712054380245204,2.544,1,False
1273,4.041063355128816,2.67897311739211,3.8783715662294194,2.5460000000000003,1,False
1274,4.042485686342673,2.688334629439211,3.8854935525091947,2.548,1,False
1275,4.043907244260978,2.6976874953244163,3.892571061382981,2.5500000000000003,1,False
1276,4.045328024504453,2.7070314277389,3.8996037573699063,2.552,1,False
1277,4.0467480226938255,2.7163661393738443,3.9065913049891052,2.5540000000000003,1,False
1278,4.0481672344498145,2.7256913429204235,3.9135333687597065,2.556,1,False
1279,4.049585655393145,2.735006751069819,3.9204296132008434,2.5580000000000003,1,False
1280,4.051003281144539,2.7443120765132045,3.9272797028316453,2.56,1,False
1281,4.052420107324721,2.7536070319417614,3.9340833021712456,2.562,1,False
1282,4.053836129554414,2.762891330046669,3.9408400757387767,2.564,1,False
1283,4.055251343454339,2.7721646835190987,3.947549688053365,2.566,1,True
1284,4.056665744645221,2.7814268050502364,3.954211803634148,2.568,1,False
1285,4.058079328747781,2.790677407331254,3.9608260870002527,2.57,1,False
1286,4.059492091382744,2.7999162030533333,3.9673922026708133,2.572,1,False
1287,4.0609040281708335,2.8091429049076506,3.9739098151649594,2.574,1,False
1288,4.062315134732771,2.818357225585385,3.9803785890018233,2.576,1,False
1289,4.063725406689278,2.8275588777777103,3.986798188700534,2.578,1,False
1290,4.065134839661082,2.836747574175812,3.993168278780229,2.58,1,False
1291,4.0665434292689016,2.8459230274708602,3.999488523760032,2.582,1,False
1292,4.067951171133464,2.855084950354039,4.005758588159081,2.584,1,False
1293,4.069358060875489,2.864233055516523,4.011978136496503,2.586,1,False
1294,4.0707640941157,2.8733670556494912,4.018146833291431,2.588,1,False
1295,4.072169266474821,2.8824866634441197,4.024264343062995,2.59,1,False
1296,4.073573573573574,2.8915915915915917,4.03033033033033,2.592,1,False
1297,4.074977011032685,2.900681552783079,4.036344459612565,2.594,1,False
1298,4.076379574472873,2.9097562597097637,4.042306395428831,2.596,1,False
1299,4.077781259514863,2.9188154250628195,4.048215802298258,2.598,1,False
1300,4.079182061779378,2.927858761533431,4.054072344739983,2.6,1,False
1301,4.080581976887142,2.93688598181277,4.059875687273131,2.602,1,False
1302,4.0819810004588755,2.9458967985920177,4.065625494416837,2.604,1,False
1303,4.083379128115304,2.9548909245623496,4.071321430690231,2.606,1,False
1304,4.084776355477151,2.9638680724149484,4.076963160612447,2.608,1,False
1305,4.086172678165135,2.9728279548409855,4.082550348702612,2.61,1,False
1306,4.087568091799984,2.9817702845316445,4.088082659479861,2.612,1,False
1307,4.088962592002418,2.9906947741781003,4.093559757463324,2.614,1,False
1308,4.090356174393163,2.999601136471533,4.098981307172132,2.616,1,True
1309,4.091748834592938,3.008489084103117,4.104346973125416,2.618,1,False
1310,4.093140568222469,3.0173583297640345,4.109656419842311,2.62,1,False
1311,4.094531370902478,3.0262085861454597,4.114909311841944,2.622,1,False
1312,4.09592123825369,3.035039565938574,4.120105313643449,2.624,1,False
1313,4.097310165896825,3.0438509818345527,4.125244089765956,2.626,1,False
1314,4.098698149452608,3.0526425465245777,4.130325304728597,2.628,1,False
1315,4.100085184541762,3.06141397269982,4.135348623050503,2.63,1,False
1316,4.101471266785008,3.0701649730514644,4.140313709250806,2.632,1,False
1317,4.102856391803073,3.078895260270685,4.145220227848638,2.634,1,False
1318,4.104240555216677,3.087604547048663,4.15006784336313,2.636,1,False
1319,4.105623752646542,3.096292546076571,4.154856220313411,2.638,1,False
1320,4.107005979713393,3.1049589700455935,4.159585023218616,2.64,1,False
1321,4.108387232037954,3.1136035316469024,4.164253916597874,2.642,1,False
1322,4.109767505240946,3.122225943571681,4.1688625649703175,2.644,1,False
1323,4.1111467949430915,3.130825918511103,4.173410632855077,2.646,1,False
1324,4.112525096765117,3.13940316915635,4.177897784771286,2.648,1,False
1325,4.1139024063277425,3.1479574081985957,4.182323685238072,2.65,1,False
1326,4.115278719251692,3.156488348329024,4.1866879987745715,2.652,1,False
1327,4.1166540311576885,3.164995702238806,4.190990389899911,2.654,1,False
1328,4.1180283376664555,3.1734791826191246,4.195230523133226,2.656,1,False
1329,4.119401634398714,3.1819385021611555,4.199408062993644,2.658,1,False
1330,4.120773916975189,3.190373373556078,4.2035226740002996,2.66,1,False
1331,4.122145181016604,3.1987835094950694,4.207574020672324,2.662,1,False
1332,4.123515422143681,3.207168622669309,4.2115617675288455,2.664,1,False
1333,4.124884635977144,3.2155284257699717,4.215485579088999,2.666,1,True
1334,4.126252818137713,3.2238626314882386,4.219345119871915,2.668,1,False
1335,4.127619964246115,3.2321709525152844,4.223140054396723,2.67,1,False
1336,4.12898606992307,3.2404531015422915,4.226870047182556,2.672,1,False
1337,4.130351130789305,3.2487087912604338,4.230534762748547,2.674,1,False
1338,4.131715142465537,3.256937734360892,4.234133865613823,2.676,1,False
1339,4.133078100572494,3.265139643534841,4.237667020297519,2.678,1,False
1340,4.134440000730899,3.2733142314734636,4.241133891318767,2.68,1,False
1341,4.135800838561471,3.281461210867932,4.244534143196695,2.682,1,False
1342,4.137160609684937,3.2895802944094292,4.247867440450437,2.684,1,False
1343,4.138519309722017,3.2976711947891286,4.2511334475991225,2.686,1,False
1344,4.139876934293437,3.305733624698214,4.254331829161886,2.688,1,False
1345,4.141233479019919,3.3137672968278578,4.257462249657856,2.69,1,False
1346,4.142588939522185,3.321771923869241,4.260524373606166,2.692,1,False
1347,4.1439433114209585,3.3297472185135395,4.2635178655259445,2.694,1,False
1348,4.1452965903369625,3.3376928934519343,4.266442389936325,2.696,1,False
1349,4.146648771890922,3.345608661375599,4.269297611356439,2.698,1,False
1350,4.147999851703557,3.3534942349757166,4.2720831943054165,2.7,1,False
1351,4.149349825395592,3.361349326943462,4.274798803302392,2.702,1,False
1352,4.15069868858775,3.369173649970014,4.277444102866492,2.704,1,False
1353,4.152046436900754,3.3769669167465484,4.280018757516852,2.706,1,False
1354,4.153393065955327,3.384728839964247,4.282522431772603,2.708,1,False
1355,4.154738571372193,3.392459132314286,4.2849547901528755,2.71,1,False
1356,4.156082948772073,3.400157506487843,4.2873154971768,2.712,1,False
1357,4.157426193775691,3.407823675176094,4.289604217363508,2.714,1,False
1358,4.158768302003771,3.4154573510702235,4.291820615232132,2.716,1,True
1359,4.160109269077033,3.423058246861401,4.293964355301804,2.718,1,False
1360,4.161449090616205,3.430626075240812,4.296035102091655,2.72,1,False
1361,4.162787762242006,3.4381605488996287,4.298032520120814,2.722,1,False
1362,4.1641252795751615,3.4456613805290335,4.299956273908416,2.724,1,False
1363,4.165461638236391,3.4531282828201997,4.30180602797359,2.726,1,False
1364,4.166796833846423,3.460560968464311,4.303581446835468,2.728,1,False
1365,4.168130862025976,3.4679591501525397,4.305282195013181,2.73,1,False
1366,4.169463718395775,3.4753225405760695,4.306907937025863,2.732,1,False
1367,4.170795398576542,3.4826508524260715,4.308458337392641,2.734,1,False
1368,4.172125898189,3.489943798393731,4.30993306063265,2.736,1,False
1369,4.173455212853873,3.4972010911702194,4.311331771265019,2.738,1,False
1370,4.174783338191883,3.5044224434467193,4.312654133808881,2.74,1,False
1371,4.176110269823755,3.5116075679144063,4.313899812783368,2.742,1,False
1372,4.177436003370209,3.5187561772644593,4.315068472707608,2.744,1,False
1373,4.178760534451972,3.525867984188057,4.316159778100738,2.746,1,False
1374,4.1800838586897635,3.5329427013763754,4.317173393481884,2.748,1,False
1375,4.181405971704309,3.539980041520594,4.31810898337018,2.75,1,False
1376,4.182726869116329,3.54697971731189,4.3189662122847565,2.7520000000000002,1,False
1377,4.184046546546547,3.5539414414414408,4.319744744744745,2.754,1,False
1378,4.185364999615689,3.560864926600427,4.320444245269278,2.7560000000000002,1,False
1379,4.186682223944475,3.567749885480023,4.321064378377486,2.758,1,False
1380,4.18799821515363,3.574596030771412,4.321604808588501,2.7600000000000002,1,False
1381,4.189312968863875,3.5814030751657646,4.322065200421453,2.762,1,False
1382,4.190626480695935,3.588170731354265,4.322445218395475,2.7640000000000002,1,False
1383,4.191938746270531,3.5948987120280873,4.322744527029697,2.766,1,False
1384,4.1932497612083885,3.601586729878414,4.322962790843253,2.7680000000000002,1,False
1385,4.194559521130229,3.608234497596417,4.32309967435527,2.77,1,False
1386,4.195868021656775,3.614841727873279,4.323154842084884,2.7720000000000002,1,False
1387,4.19717525840875,3.621408133400175,4.323127958551224,2.774,1,False
1388,4.198481227006877,3.6279334268682852,4.32301868827342,2.7760000000000002,1,False
1389,4.1997859230718815,3.6344173209687862,4.322826695770607,2.778,1,False
1390,4.201089342224483,3.6408595283928586,4.322551645561914,2.7800000000000002,1,False
1391,4.2023914800854065,3.647259761831676,4.322193202166474,2.782,1,False
1392,4.203692332275374,3.6536177339764193,4.321751030103416,2.7840000000000003,1,False
1393,4.20499189441511,3.6599331575182656,4.321224793891873,2.786,1,False
1394,4.2062901621253355,3.6662057451483943,4.320614158050976,2.7880000000000003,1,False
1395,4.207587131026776,3.672435209557981,4.3199187870998585,2.79,1,False
1396,4.208882796740152,3.6786212634382056,4.319138345557648,2.7920000000000003,1,False
1397,4.210177154886187,3.6847636194802433,4.318272497943478,2.794,1,False
1398,4.211470201085606,3.690861990375277,4.3173209087764794,2.7960000000000003,1,False
1399,4.212761930959131,3.696916088814479,4.3162832425757856,2.798,1,False
1400,4.214052340127484,3.7029256274890323,4.315159163860525,2.8000000000000003,1,False
1401,4.215341424211389,3.708890319090111,4.3139483371498315,2.802,1,False
1402,4.21662917883157,3.7148098763088955,4.312650426962835,2.8040000000000003,1,False
1403,4.217915599608746,3.7206840118365614,4.311265097818666,2.806,1,False
1404,4.219200682163645,3.726512438364291,4.309792014236459,2.8080000000000003,1,False
1405,4.220484422116989,3.7322948685832573,4.308230840735344,2.81,1,False
1406,4.221766815089499,3.7380310151846414,4.30658124183445,2.8120000000000003,1,False
1407,4.223047856701899,3.743720590859619,4.304842882052911,2.814,1,False
1408,4.224327542574913,3.7493633082993707,4.30301542590986,2.816,1,False
1409,4.225605868329262,3.7549588801950726,4.301098537924423,2.818,1,False
1410,4.226882829585669,3.7605070192379024,4.299091882615736,2.82,1,False
1411,4.228158421964862,3.7660074381190425,4.2969951245029305,2.822,1,False
1412,4.229432641087558,3.7714598495296636,4.294807928105135,2.824,1,False
1413,4.230705482574482,3.776863966160948,4.292529957941481,2.826,1,False
1414,4.231976942046358,3.7822195007040733,4.290160878531103,2.828,1,False
1415,4.233247015123908,3.7875261658502177,4.28770035439313,2.83,1,False
1416,4.234515697427856,3.7927836742905576,4.285148050046694,2.832,1,False
1417,4.235782984578924,3.7979917387162736,4.282503630010926,2.834,1,False
1418,4.237048872197836,3.803150071818541,4.27976675880496,2.836,1,False
1419,4.238313355905315,3.8082583862885393,4.276937100947923,2.838,1,False
1420,4.239576431322082,3.8133163948174453,4.274014320958949,2.84,1,False
1421,4.240838094068863,3.818323810096439,4.27099808335717,2.842,1,False
1422,4.24209833976638,3.8232803448166965,4.267888052661717,2.844,1,False
1423,4.243357164035354,3.828185711669396,4.264683893391718,2.846,1,False
1424,4.24461456249651,3.833039623345715,4.2613852700663095,2.848,1,False
1425,4.245870530770573,3.8378417925368344,4.257991847204621,2.85,1,False
1426,4.247125064478262,3.8425919319339283,4.254503289325783,2.852,1,False
1427,4.248378159240302,3.847289754228177,4.250919260948926,2.854,1,False
1428,4.2496298106774155,3.851934972110757,4.247239426593184,2.856,1,False
1429,4.250880014410327,3.856527298272849,4.2434634507776865,2.858,1,False
1430,4.252128766059758,3.8610664454056285,4.239590998021568,2.86,1,False
1431,4.253376061246433,3.8655521262002743,4.235621732843955,2.862,1,False
1432,4.254621895591073,3.869984053347964,4.2315553197639835,2.864,1,False
1433,4.255866264714402,3.874361939539875,4.227391423300781,2.866,1,False
1434,4.257109164237144,3.8786854974671865,4.223129707973483,2.868,1,False
1435,4.2583505897800205,3.882954439821077,4.218769838301217,2.87,1,False
1436,4.2595905369637554,3.887168479292723,4.2143114788031175,2.872,1,False
1437,4.260829001409071,3.8913273285733023,4.209754293998312,2.874,1,False
1438,4.262065978736692,3.8954307003539945,4.205097948405937,2.876,1,False
1439,4.2633014645673395,3.8994783073259756,4.2003421065451185,2.878,1,False
1440,4.264535454521738,3.9034698621804247,4.1954864329349935,2.88,1,False
1441,4.2657679442206105,3.9074050776085203,4.19053059209469,2.882,1,False
1442,4.266998929284679,3.911283666301439,4.185474248543339,2.884,1,False
1443,4.268228405334666,3.9151053409503604,4.1803170668000735,2.886,1,False
1444,4.269456367991295,3.9188698142464595,4.175058711384024,2.888,1,False
1445,4.270682812875291,3.922576798880919,4.169698846814322,2.89,1,False
1446,4.271907735607376,3.926226007544912,4.164237137610099,2.892,1,False
1447,4.273131131808272,3.9298171529296204,4.158673248290487,2.894,1,False
1448,4.274352997098702,3.933349947726218,4.153006843374618,2.896,1,False
1449,4.275573327099391,3.936824104625888,4.14723758738162,2.898,1,False
1450,4.276792117431061,3.9402393363198045,4.14136514483063,2.9,1,False
1451,4.278009363714434,3.9435953554991476,4.135389180240773,2.902,1,False
1452,4.279225061570234,3.9468918748550923,4.129309358131185,2.904,1,False
1453,4.280439206619183,3.95012860707882,4.1231253430209955,2.906,1,False
1454,4.281651794482006,3.9533052648615055,4.116836799429337,2.908,1,False
1455,4.2828628207794255,3.95642156089433,4.110443391875339,2.91,1,False
1456,4.284072281132162,3.959477207868468,4.103944784878135,2.912,1,False
1457,4.285280171160942,3.962471918475102,4.097340642956855,2.914,1,False
1458,4.286486486486488,3.9654054054054058,4.090630630630632,2.916,1,False
1459,4.28769122272952,3.9682773813505587,4.083814412418595,2.918,1,False
1460,4.288894375510765,3.97108755900174,4.076891652839878,2.92,1,False
1461,4.290095940450943,3.973835651050125,4.069862016413609,2.922,1,False
1462,4.29129591317078,3.976521370186895,4.062725167658925,2.924,1,False
1463,4.292494289290994,3.9791444291032256,4.055480771094951,2.926,1,False
1464,4.2936910644323145,3.9817045404902958,4.048128491240823,2.928,1,False
1465,4.2948862342154595,3.984201417039282,4.040667992615669,2.93,1,False
1466,4.296079794261155,3.9866347714413637,4.033098939738624,2.932,1,False
1467,4.297271740190123,3.9890043163877182,4.025420997128816,2.934,1,False
1468,4.298462067623085,3.9913097645695244,4.01763382930538,2.936,1,False
1469,4.299650772180767,3.99355082867796,4.009737100787444,2.938,1,False
1470,4.30083784948389,3.995727221404202,4.001730476094141,2.94,1,False
1471,4.3020232951531785,3.9978386554394287,3.9936136197446017,2.942,1,False
1472,4.303207104809353,3.999884843474819,3.9853861962579593,2.944,1,False
1473,4.304389274073139,4.00186549820155,3.977047870153341,2.946,1,False
1474,4.305569798565259,4.003780332310799,3.968598305949885,2.948,1,False
1475,4.306748673906435,4.005629058493747,3.960037168166716,2.95,1,False
1476,4.307925895717392,4.007411389441568,3.9513641213229707,2.952,1,False
1477,4.3091014596188515,4.009127037845443,3.942578829937775,2.954,1,False
1478,4.310275361231536,4.010775716396548,3.9336809585302657,2.956,1,False
1479,4.31144759617617,4.012357137786061,3.9246701716195695,2.958,1,False
1480,4.312618160073477,4.013871014705162,3.9155461337248227,2.96,1,False
1481,4.313787048544176,4.015317059845028,3.906308509365152,2.962,1,False
1482,4.314954257208996,4.0166949858968355,3.8969569630596927,2.964,1,False
1483,4.316119781688656,4.018004505551764,3.8874911593275723,2.966,1,False
1484,4.317283617603879,4.019245331500991,3.877910762687926,2.968,1,False
1485,4.318445760575392,4.0204171764356955,3.8682154376598823,2.97,1,False
1486,4.319606206223913,4.021519753047054,3.858404848762576,2.972,1,False
1487,4.320764950170167,4.022552774026245,3.8484786605151333,2.974,1,False
1488,4.3219219880348785,4.023515952064446,3.8384365374366913,2.976,1,False
1489,4.323077315438769,4.024408999852836,3.8282781440463762,2.978,1,False
1490,4.324230928002561,4.025231630082592,3.818003144863324,2.98,1,False
1491,4.325382821346979,4.025983555444894,3.807611204406663,2.982,1,False
1492,4.326532991092745,4.026664488630916,3.7971019871955263,2.984,1,False
1493,4.327681432860583,4.027274142331839,3.786475157749043,2.986,1,False
1494,4.328828142271216,4.027812229238841,3.775730380586349,2.988,1,False
1495,4.329973114945365,4.028278462043098,3.7648673202265694,2.99,1,False
1496,4.331116346503756,4.028672553435792,3.7538856411888424,2.992,1,False
1497,4.33225783256711,4.028994216108096,3.7427850079922926,2.994,1,False
1498,4.333397568756151,4.029243162751191,3.731565085156059,2.996,1,False
1499,4.3345355506916015,4.029419106056254,3.720225537199265,2.998,1,False
1500,4.335671773994185,4.029521758714464,3.708766028641049,3.0,1,False
1501,4.336806234284624,4.029550833416996,3.6971862240005366,3.0020000000000002,1,False
1502,4.337938927183641,4.029506042855031,3.6854857877968636,3.004,1,False
1503,4.339069848311961,4.029387099719748,3.673664384549158,3.0060000000000002,1,False
1504,4.340198993290306,4.029193716702321,3.661721678776555,3.008,1,False
1505,4.3413263577393995,4.028925606493931,3.649657334998182,3.0100000000000002,1,False
1506,4.342451937279961,4.028582481785754,3.6374710177331737,3.012,1,False
1507,4.34357572753272,4.028164055268969,3.625162391500658,3.0140000000000002,1,False
1508,4.344697724118394,4.027670039634755,3.612731120819771,3.016,1,False
1509,4.345817922657709,4.027100147574288,3.6001768702096397,3.0180000000000002,1,False
1510,4.3469363187713865,4.0264540917787475,3.5874993041893988,3.02,1,False
1511,4.348052908080151,4.02573158493931,3.574698087278176,3.0220000000000002,1,False
1512,4.349167686204725,4.0249323397471555,3.5617728839951077,3.024,1,False
1513,4.350280648765828,4.024056068893459,3.5487233588593186,3.0260000000000002,1,False
1514,4.35139179138419,4.023102485069401,3.5355491763899485,3.028,1,False
1515,4.35250110968053,4.022071300966161,3.522250001106121,3.0300000000000002,1,False
1516,4.35360859927557,4.020962229274912,3.508825497526973,3.032,1,False
1517,4.354714255790035,4.019774982686835,3.4952753301716313,3.0340000000000003,1,False
1518,4.355818074844647,4.018509273893108,3.481599163559232,3.036,1,False
1519,4.356920052060129,4.017164815584909,3.467796662208902,3.0380000000000003,1,False
1520,4.358020183057206,4.015741320453415,3.4538674906397775,3.04,1,False
1521,4.359118463456598,4.014238501189804,3.4398113133709836,3.0420000000000003,1,False
1522,4.36021488887903,4.012656070485256,3.425627794921659,3.044,1,False
1523,4.361309454945226,4.010993741030947,3.4113165998109296,3.0460000000000003,1,False
1524,4.362402157275906,4.009251225518055,3.3968773925579305,3.048,1,False
1525,4.363492991491796,4.007428236637759,3.382309837681788,3.0500000000000003,1,False
1526,4.364581953213618,4.005524487081236,3.367613599701641,3.052,1,False
1527,4.365669038062094,4.003539689539664,3.3527883431366132,3.0540000000000003,1,False
1528,4.366754241657948,4.001473556704223,3.337833732505843,3.056,1,False
1529,4.367837559621902,3.9993258012660884,3.3227494323284543,3.0580000000000003,1,False
1530,4.3689189875746814,3.9970961359164385,3.307535107123586,3.06,1,False
1531,4.369998521137007,3.9947842733464523,3.292190421410363,3.0620000000000003,1,False
1532,4.371076155929602,3.9923899262473075,3.2767150397079225,3.064,1,False
1533,4.372151887573191,3.989912807310181,3.2611086265353904,3.0660000000000003,1,False
1534,4.373225711688495,3.9873526292262524,3.245370846411904,3.068,1,False
1535,4.374297623896239,3.984709104686698,3.2295013638565884,3.0700000000000003,1,False
1536,4.375367619817145,3.9819819463826986,3.213499843388581,3.072,1,False
1537,4.376435695071937,3.97917086700543,3.197365949527011,3.074,1,False
1538,4.377501845281336,3.97627557924607,3.1810993467910054,3.076,1,False
1539,4.3785660660660675,3.9732957957957975,3.164699699699703,3.078,1,False
1540,4.379628353046852,3.970231229345788,3.148166672772228,3.08,1,False
1541,4.380688701844415,3.967081592587224,3.1314999305277187,3.082,1,False
1542,4.381747108079477,3.963846598211279,3.1146991374852995,3.084,1,False
1543,4.382803567372763,3.9605259589091344,3.0977639581641094,3.086,1,False
1544,4.383858075344995,3.9571193873719652,3.0806940570832713,3.088,1,False
1545,4.384910627616897,3.9536265962909525,3.063489098761926,3.09,1,False
1546,4.385961219809192,3.950047298357271,3.0461487477191955,3.092,1,False
1547,4.387009847542602,3.946381206262102,3.028672668474221,3.094,1,False
1548,4.3880565064378505,3.94262803269662,3.0110605255461236,3.096,1,False
1549,4.389101192115661,3.9387874903520066,2.993311983454044,3.098,1,False
1550,4.390143900196757,3.934859291919437,2.975426706717105,3.1,1,False
1551,4.391184626301859,3.93084315009009,2.957404359854447,3.102,1,False
1552,4.392223366051693,3.926738777555144,2.9392446073851928,3.104,1,False
1553,4.393260115066981,3.9225458870057768,2.9209471138284813,3.106,1,False
1554,4.394294868968446,3.918264191133166,2.902511543703437,3.108,1,False
1555,4.39532762337681,3.913893402628489,2.883937561529198,3.11,1,False
1556,4.396358373912797,3.909433234182925,2.8652248318248885,3.112,1,False
1557,4.39738711619713,3.9048833984876516,2.846373019109648,3.114,1,False
1558,4.398413845850532,3.900243608233847,2.8273817879025995,3.116,1,False
1559,4.399438558493727,3.895513576112689,2.808250802722883,3.118,1,False
1560,4.400461249747435,3.890693014815354,2.7889797280896205,3.12,1,False
1561,4.401481915232384,3.885781637033024,2.769568228521954,3.122,1,False
1562,4.402500550569291,3.880779155456872,2.750015968539004,3.124,1,False
1563,4.403517151378885,3.8756852827780803,2.7303226126599127,3.126,1,False
1564,4.404531713281885,3.8704997316878225,2.7104878254037996,3.128,1,False
1565,4.405544231899016,3.8652222148772815,2.690511271289809,3.13,1,False
1566,4.406554702851,3.8598524450376313,2.670392614837061,3.132,1,False
1567,4.4075631217585585,3.8543901348600516,2.650131520564695,3.134,1,False
1568,4.4085694842424195,3.84883499703572,2.6297276529918356,3.136,1,False
1569,4.4095737859233015,3.843186744255816,2.6091806766376227,3.138,1,False
1570,4.410576022421928,3.8374450892115135,2.5884902560211773,3.14,1,False
1571,4.411576189359024,3.831609744593995,2.567656055661642,3.142,1,False
1572,4.412574282355312,3.825680423094436,2.5466777400781373,3.144,1,False
1573,4.413570297031514,3.8196568374040156,2.5255549737898044,3.146,1,False
1574,4.414564229008354,3.8135387002139103,2.504287421315766,3.148,1,False
1575,4.415556073906555,3.8073257242153007,2.4828747471751624,3.15,1,False
1576,4.416545827346839,3.8010176220993612,2.4613166158871147,3.152,1,False
1577,4.41753348494993,3.7946141065572734,2.4396126919707655,3.154,1,False
1578,4.41851904233655,3.7881148902802115,2.417762639945235,3.156,1,False
1579,4.419502495127424,3.7815196859593576,2.3957661243296657,3.158,1,False
1580,4.420483838943272,3.774828206285885,2.3736228096431775,3.16,1,False
1581,4.421463069404822,3.768040163950977,2.351332360404914,3.162,1,False
1582,4.422440182132791,3.7611552716458063,2.3288944411339942,3.164,1,False
1583,4.423415172747907,3.754173242061556,2.306308716349562,3.166,1,False
1584,4.42438803687089,3.7470937878893986,2.2835748505707363,3.168,1,False
1585,4.4253587701224655,3.7399166218205178,2.2606925083166605,3.17,1,False
1586,4.426327368123353,3.7326414565460864,2.237661354106454,3.172,1,False
1587,4.42729382649428,3.7252680047572873,2.2144810524592606,3.174,1,False
1588,4.428258140855965,3.717795979145292,2.1911512678942,3.176,1,False
1589,4.429220306829134,3.710225092401285,2.1676716649304137,3.178,1,False
1590,4.43018032003451,3.7025550572164416,2.1440419080870243,3.18,1,False
1591,4.431138176092814,3.694785586281939,2.120261661883172,3.182,1,False
1592,4.432093870624771,3.686916392288956,2.096330590837978,3.184,1,False
1593,4.4330473992511035,3.6789471879286713,2.072248359470585,3.186,1,False
1594,4.433998757592534,3.6708776858922607,2.048014632300114,3.188,1,False
1595,4.434947941269786,3.6627075988709046,2.0236290738457052,3.19,1,False
1596,4.435894945903583,3.6544366395557786,1.9990913486264814,3.192,1,False
1597,4.4368397671146464,3.6460645206380633,1.9744011211615833,3.194,1,False
1598,4.437782400523702,3.637590954808934,1.9495580559701322,3.196,1,False
1599,4.438722841751471,3.6290156547595727,1.924561817571271,3.198,1,False
1600,4.439661086418675,3.6203383331811514,1.8994120704841184,3.2,1,False
1601,4.440597130146042,3.611558702764855,1.8741084792278189,3.202,1,False
1602,4.4415309685542885,3.6026764762018537,1.8486507083214905,3.204,1,False
1603,4.442462597264142,3.593691366183333,1.8230384222842781,3.206,1,False
1604,4.443392011896324,3.5846030854004653,1.7972712856353004,3.208,1,False
1605,4.444319208071558,3.575411346544433,1.7713489628937005,3.21,1,False
1606,4.445244181410566,3.5661158623064093,1.7452711185785983,3.212,1,False
1607,4.446166927534073,3.5567163453775765,1.7190374172091367,3.214,1,False
1608,4.447087442062802,3.5472125084491095,1.6926475233044362,3.216,1,False
1609,4.4480057206174735,3.5376040642121884,1.6661011013836384,3.218,1,False
1610,4.448921758818813,3.52789072535799,1.6393978159658644,3.22,1,False
1611,4.44983555228754,3.518072204577693,1.6125373315702567,3.222,1,False
1612,4.450747096644384,3.5081482145624743,1.5855193127159355,3.224,1,False
1613,4.451656387510062,3.4981184680035136,1.5583434239220428,3.226,1,False
1614,4.4525634205052995,3.487982677591986,1.5310093297076992,3.228,1,False
1615,4.45346819125082,3.4777405560190733,1.503516694592048,3.23,1,False
1616,4.454370695367344,3.467391815975949,1.4758651830942078,3.232,1,False
1617,4.455270928475597,3.4569361701537966,1.4480544597333231,3.234,1,False
1618,4.456168886196303,3.4463733312437883,1.4200841890285125,3.236,1,False
1619,4.457064564150182,3.4357030119371066,1.39195403549892,3.238,1,False
1620,4.457957957957958,3.4249249249249254,1.3636636636636639,3.24,1,False
0,0.12882882882882885,4.621321321321322,2.4111111111111114,0.0,2,False
1,0.16007451234583378,4.61494857226709,2.3901529354362228,0.002,2,False
2,0.19111184847461624,4.608600598845123,2.3693192884854426,0.004,2,False
3,0.2219413650640259,4.602277359918472,2.348609910270988,0.006,2,False
4,0.2525635899629125,4.595978814350186,2.3280245408050755,0.008,2,False
5,0.28297905102012555,4.589704921003316,2.307562920099919,0.01,2,False
6,0.31318827608451477,4.583455638740911,2.287224788167734,0.012,2,False
7,0.34319179300493,4.5772309264260205,2.2670098850207365,0.014,2,False
8,0.37299012963022077,4.571030742921698,2.2469179506711425,0.016,2,False
9,0.4025838138092368,4.564855047090987,2.2269487251311673,0.018000000000000002,2,False
10,0.4319733733908278,4.558703797796943,2.207101948413025,0.02,2,False
11,0.46115933622384325,4.552576953902614,2.1873773605289335,0.022,2,False
12,0.49014223015713304,4.546474474271051,2.167774701491107,0.024,2,False
13,0.5189225830395469,4.540396317765301,2.1482937113117604,0.026000000000000002,2,False
14,0.5475009227199342,4.534342443248418,2.1289341300031106,0.028,2,False
15,0.5758777770471449,4.528312809583451,2.1096956975773717,0.03,2,False
16,0.6040536738700285,4.522307375633445,2.090578154046761,0.032,2,False
17,0.632029141037435,4.516326100261458,2.071581239423493,0.034,2,False
18,0.6598047063982135,4.510368942330534,2.052704693719783,0.036000000000000004,2,False
19,0.687380897801214,4.504435860703724,2.0339482569478466,0.038,2,False
20,0.7147582430952867,4.49852681424408,2.0153116691199,0.04,2,False
21,0.7419372701292801,4.492641761814651,1.9967946702481578,0.042,2,False
22,0.768918506752045,4.4867806622784885,1.9783970003448366,0.044,2,False
23,0.7957024808124303,4.4809434744986385,1.9601183994221514,0.046,2,False
24,0.8222897201592863,4.475130157338154,1.9419586074923165,0.048,2,False
25,0.848680752641462,4.469340669660084,1.9239173645675496,0.05,2,False
26,0.8748761061078079,4.463574970327478,1.9059944106600646,0.052000000000000005,2,False
27,0.9008763084071726,4.45783301820339,1.8881894857820791,0.054,2,False
28,0.9266818873884068,4.452114772150862,1.8705023299458052,0.056,2,False
29,0.9522933709003598,4.446420191032951,1.8529326831634612,0.058,2,False
30,0.977711286791881,4.440749233712705,1.835480285447262,0.06,2,False
31,1.0029361629118205,4.435101859053173,1.8181448768094233,0.062,2,False
32,1.0279685271090275,4.429478025917405,1.8009261972621593,0.064,2,False
33,1.0528089072323523,4.423877693168452,1.7838239868176866,0.066,2,False
34,1.0774578311306438,4.418300819669363,1.7668379854882208,0.068,2,False
35,1.1019158266527527,4.412747364283188,1.7499679332859779,0.07,2,False
36,1.1261834216475277,4.407217285872978,1.7332135702231721,0.07200000000000001,2,False
37,1.1502611439638188,4.401710543301783,1.71657463631202,0.074,2,False
38,1.174149521450476,4.396227095432652,1.7000508715647364,0.076,2,False
39,1.1978490819563488,4.390766901128633,1.6836420159935375,0.078,2,False
40,1.2213603533302868,4.385329919252781,1.667347809610638,0.08,2,False
41,1.2446838634211397,4.379916108668143,1.6511679924282543,0.082,2,False
42,1.2678201400777567,4.374525428237767,1.6351023044586015,0.084,2,False
43,1.2907697111489882,4.369157836824709,1.619150485713895,0.08600000000000001,2,False
44,1.313533104483683,4.3638132932920115,1.6033122762063505,0.088,2,False
45,1.3361108479306925,4.35849175650273,1.5875874159481838,0.09,2,False
46,1.3585034693388645,4.353193185319911,1.57197564495161,0.092,2,False
47,1.3807114965570497,4.347917538606608,1.5564767032288447,0.094,2,False
48,1.4027354574340978,4.3426647752258685,1.5410903307921038,0.096,2,False
49,1.424575879818858,4.337434854040742,1.5258162676536022,0.098,2,False
50,1.44623329156018,4.332227733914281,1.5106542538255556,0.1,2,False
51,1.4677082205069132,4.3270433737095315,1.49560402932018,0.10200000000000001,2,False
52,1.489001194507908,4.3218817322895475,1.4806653341496907,0.10400000000000001,2,False
53,1.5101127414120137,4.3167427685173765,1.465837908326303,0.106,2,False
54,1.5310433890680806,4.31162644125607,1.4511214918622326,0.108,2,False
55,1.5517936653249575,4.306532709368678,1.4365158247696947,0.11,2,False
56,1.5723640980314944,4.301461531718248,1.422020647060905,0.112,2,False
57,1.592755215036541,4.296412867167833,1.4076356987480798,0.114,2,False
58,1.6129675441889468,4.2913866745804805,1.3933607198434337,0.116,2,False
59,1.6330016133375616,4.286382912819243,1.3791954503591821,0.11800000000000001,2,False
60,1.6528579503312353,4.28140154074717,1.3651396303075425,0.12,2,False
61,1.6725370830188173,4.2764425172273075,1.3511929997007264,0.122,2,False
62,1.692039539249158,4.2715058011227125,1.3373552985509538,0.124,2,False
63,1.711365846871105,4.266591351296425,1.3236262668704364,0.126,2,False
64,1.7305165337335107,4.261699126611507,1.3100056446713935,0.128,2,False
65,1.7494921276852229,4.256829085930997,1.2964931719660366,0.13,2,False
66,1.7682931565750923,4.2519811881179574,1.2830885887665857,0.132,2,False
67,1.7869201482519677,4.247155392035425,1.2697916350852516,0.134,2,False
68,1.8053736305646997,4.242351656546461,1.256602050934254,0.136,2,False
69,1.8236541313621368,4.2375699405141045,1.2435195763258045,0.138,2,False
70,1.8417621784931302,4.232810202801417,1.2305439512721228,0.14,2,False
71,1.859698299806528,4.2280724022714375,1.2176749157854208,0.14200000000000002,2,False
72,1.877463023151181,4.223356497787226,1.2049122098779166,0.14400000000000002,2,False
73,1.895056876375938,4.218662448211826,1.1922555735618245,0.146,2,False
74,1.9124803873296496,4.213990212408287,1.1797047468493593,0.148,2,False
75,1.9297340838611647,4.209339749239663,1.1672594697527385,0.15,2,False
76,1.9468184938193338,4.204711017569003,1.1549194822841757,0.152,2,False
77,1.9637341450530061,4.200103976259354,1.1426845244558879,0.154,2,False
78,1.9804815654110315,4.19551858417377,1.1305543362800896,0.156,2,False
79,1.9970612827422591,4.190954800175298,1.1185286577689968,0.158,2,False
80,2.013473824895539,4.186412583126989,1.1066072289348252,0.16,2,False
81,2.0297197197197208,4.181891891891894,1.09478978978979,0.162,2,False
82,2.0457994950636533,4.177392685333059,1.0830760803461066,0.164,2,False
83,2.0617136787761883,4.17291492231354,1.0714658406159911,0.166,2,False
84,2.0774627987061733,4.168458561696383,1.0599588106116589,0.168,2,False
85,2.0930473827024594,4.164023562344637,1.0485547303453244,0.17,2,False
86,2.108467958613896,4.159609883121356,1.0372533398292048,0.17200000000000001,2,False
87,2.123725054289333,4.155217482889587,1.0260543790755143,0.17400000000000002,2,False
88,2.1388191975776185,4.150846320512381,1.014957588096469,0.176,2,False
89,2.1537509163276027,4.146496354852787,1.003962706904285,0.178,2,False
90,2.1685207383881373,4.142167544773855,0.9930694755111763,0.18,2,False
91,2.18312919160807,4.1378598491386365,0.9822776339293602,0.182,2,False
92,2.1975768038362506,4.1335732268101815,0.9715869221710511,0.184,2,False
93,2.21186410292153,4.1293076366515375,0.9609970802484646,0.186,2,False
94,2.2259916167127574,4.1250630375257575,0.9505078481738171,0.188,2,False
95,2.239959873058781,4.120839388295889,0.9401189659593228,0.19,2,False
96,2.2537693998084523,4.116636647824984,0.9298301736171982,0.192,2,False
97,2.267420724810621,4.11245477497609,0.9196412111596582,0.194,2,False
98,2.280914375914135,4.108293728612259,0.9095518185989193,0.196,2,False
99,2.2942508809678457,4.104153467596541,0.8995617359471957,0.198,2,False
100,2.3074307678206023,4.100033950791985,0.8896707032167038,0.2,2,False
101,2.3204545643212535,4.095935137061641,0.8798784604196587,0.202,2,False
102,2.3333227983186497,4.091856985268559,0.8701847475682765,0.20400000000000001,2,False
103,2.3460359976616414,4.08779945427579,0.8605893046747726,0.20600000000000002,2,False
104,2.3585946901990775,4.083762502946383,0.8510918717513618,0.20800000000000002,2,False
105,2.370999403779807,4.079746090143388,0.8416921888102604,0.21,2,False
106,2.383250666252681,4.075750174729856,0.8323899958636839,0.212,2,False
107,2.3953490054665476,4.071774715568834,0.8231850329238468,0.214,2,False
108,2.407294949270258,4.067819671523376,0.8140770400029661,0.216,2,False
109,2.419089025512662,4.063885001456529,0.8050657571132561,0.218,2,False
110,2.430731762042608,4.0599706642313445,0.7961509242669332,0.22,2,False
111,2.442223686708945,4.056076618710872,0.7873322814762125,0.222,2,False
112,2.4535653273605256,4.052202823758161,0.7786095687533099,0.224,2,False
113,2.4647572118461962,4.048349238236264,0.7699825261104406,0.226,2,False
114,2.4757998680148083,4.0445158210082255,0.7614508935598202,0.228,2,False
115,2.486693823715212,4.040702530937101,0.7530144111136639,0.23,2,False
116,2.4974396067962554,4.0369093268859375,0.7446728187841876,0.232,2,False
117,2.5080377451067903,4.033136167717786,0.7364258565836068,0.234,2,False
118,2.5184887664956643,4.029383012295698,0.7282732645241371,0.23600000000000002,2,False
119,2.5287931988117283,4.025649819482721,0.7202147826179939,0.23800000000000002,2,False
120,2.538951569903831,4.0219365481419045,0.7122501508773929,0.24,2,False
121,2.5489644076208227,4.0182431571362995,0.7043791093145491,0.242,2,False
122,2.558832239811553,4.014569605328957,0.6966013979416784,0.244,2,False
123,2.5685555943248715,4.010915851582926,0.6889167567709965,0.246,2,False
124,2.578134999009628,4.007281854761255,0.6813249258147187,0.248,2,False
125,2.5875709817146717,4.003667573726996,0.6738256450850602,0.25,2,False
126,2.596864070288854,4.000072967343201,0.6664186545942377,0.252,2,False
127,2.6060147925810218,3.9964979944729153,0.6591036943544651,0.254,2,False
128,2.6150236764400274,3.992942613979192,0.6518805043779592,0.256,2,False
129,2.623891249714719,3.98940678472508,0.6447488246769352,0.258,2,False
130,2.6326180402539463,3.9858904655736285,0.637708395263608,0.26,2,False
131,2.64120457590656,3.9823936153878896,0.6307589561501943,0.262,2,False
132,2.649651384521408,3.9789161930309116,0.6239002473489087,0.264,2,False
133,2.657958993947342,3.9754581573657446,0.6171320088719667,0.266,2,False
134,2.6661279320332105,3.9720194672554396,0.6104539807315845,0.268,2,False
135,2.6741587266278626,3.9686000815630447,0.6038659029399768,0.27,2,False
136,2.68205190558015,3.9651999591516116,0.59736751550936,0.272,2,False
137,2.6898079967389203,3.9618190588841893,0.5909585584519488,0.274,2,False
138,2.697427527953025,3.9584573396238296,0.5846387717799597,0.276,2,False
139,2.704911027071311,3.955114760233579,0.578407895505607,0.278,2,False
140,2.7122590219426312,3.9517912795764905,0.5722656696411071,0.28,2,False
141,2.719472040415834,3.948486856515613,0.5662118341986756,0.28200000000000003,2,False
142,2.726550610339768,3.945201449913996,0.5602461291905274,0.28400000000000003,2,False
143,2.733495259563285,3.941935018634691,0.5543682946288785,0.28600000000000003,2,False
144,2.7403065159352313,3.9386875215407446,0.548578070525944,0.28800000000000003,2,False
145,2.74698490730446,3.9354589174952115,0.5428751968939399,0.29,2,False
146,2.75353096151982,3.932249165361138,0.5372594137450818,0.292,2,False
147,2.7599452064301593,3.9290582240015755,0.5317304610915845,0.294,2,False
148,2.7662281698843305,3.925886052279575,0.5262880789456643,0.296,2,False
149,2.772380379731181,3.922732609058184,0.5209320073195363,0.298,2,False
150,2.7784023638195605,3.9195978532004547,0.5156619862254163,0.3,2,False
151,2.7842946499983183,3.9164817435694346,0.5104777556755197,0.302,2,False
152,2.790057766116307,3.913384239028176,0.5053790556820617,0.304,2,False
153,2.7956922400223725,3.910305298439729,0.5003656262572586,0.306,2,False
154,2.801198599565367,3.907244880667142,0.495437207413325,0.308,2,False
155,2.8065773725941394,3.9042029445734654,0.490593539162477,0.31,2,False
156,2.81182908695754,3.9011794490217486,0.48583436151692994,0.312,2,False
157,2.816954270504417,3.898174352875044,0.48115941448889943,0.314,2,False
158,2.8219534510836217,3.895187614996399,0.47656843809060095,0.316,2,False
159,2.826827156544002,3.8922191942488644,0.47206117233425043,0.318,2,False
160,2.83157591473441,3.889269049495491,0.4676373572320627,0.32,2,False
161,2.8362002535036925,3.8863371395993265,0.4632967327962536,0.322,2,False
162,2.840700700700701,3.8834234234234235,0.45903903903903887,0.324,2,False
163,2.8450777841742854,3.88052785983083,0.4548640159726334,0.326,2,False
164,2.8493320317732937,3.8776504076845972,0.4507714036092536,0.328,2,False
165,2.853463971346578,3.874791025847775,0.44676094196111427,0.33,2,False
166,2.8574741307429856,3.8719496731834138,0.4428323710404316,0.332,2,False
167,2.8613630378113686,3.869126308554562,0.43898543085942027,0.334,2,False
168,2.8651312204005737,3.8663208908242694,0.43521986143029634,0.336,2,False
169,2.8687792063594526,3.8635333788555877,0.4315354027652754,0.338,2,False
170,2.872307523536855,3.860763731511565,0.4279317948765727,0.34,2,False
171,2.875716699781629,3.858011907655254,0.4244087777764043,0.342,2,False
172,2.8790072629426264,3.855277866149703,0.42096609147698505,0.34400000000000003,2,False
173,2.882179740868695,3.8525615658579615,0.41760347599053094,0.34600000000000003,2,False
174,2.885234661408687,3.8498629656430805,0.41432067132925726,0.34800000000000003,2,False
175,2.8881725524114494,3.847182024368108,0.41111741750537917,0.35000000000000003,2,False
176,2.8909939417258332,3.844518700896098,0.40799345453111335,0.352,2,False
177,2.8936993572006866,3.8418729540900958,0.4049485224186744,0.354,2,False
178,2.896289326684862,3.839244742813155,0.4019823611802776,0.356,2,False
179,2.898764378027206,3.8366340259283214,0.3990947108281392,0.358,2,False
180,2.9011250390765713,3.83404076229865,0.3962853113744745,0.36,2,False
181,2.903371837681805,3.8314649107871874,0.393553902831499,0.362,2,False
182,2.9055053016917585,3.8289064302569846,0.39090022521142803,0.364,2,False
183,2.907525958955281,3.826365279571092,0.38832401852647747,0.366,2,False
184,2.9094343373212213,3.823841417592558,0.38582502278886244,0.368,2,False
185,2.9112309646384307,3.821334803184435,0.38340297801079887,0.37,2,False
186,2.9129163687557575,3.8188453952097707,0.38105762420450195,0.372,2,False
187,2.914491077522051,3.8163731525316162,0.3787887013821879,0.374,2,False
188,2.9159556187861626,3.8139180340130214,0.37659594955607123,0.376,2,False
189,2.9173105203969403,3.8114799985170356,0.37447910873836815,0.378,2,False
190,2.9185563102032366,3.8090590049067106,0.37243791894129336,0.38,2,False
191,2.919693516053896,3.806655012045093,0.3704721201770638,0.382,2,False
192,2.920722665797774,3.8042679787952363,0.36858145245789403,0.384,2,False
193,2.921644287283715,3.8018978640201877,0.3667656557959995,0.386,2,False
194,2.9224589083605736,3.7995446265829997,0.3650244702035961,0.388,2,False
195,2.923167056877196,3.7972082253467208,0.3633576356928996,0.39,2,False
196,2.9237692606824335,3.794888619174401,0.3617648922761248,0.392,2,False
197,2.924266047625135,3.7925857669290903,0.3602459799654877,0.394,2,False
198,2.924657945554151,3.7902996274738388,0.3588006387732038,0.396,2,False
199,2.92494548231833,3.7880301596716963,0.35742860871148857,0.398,2,False
200,2.925129185766523,3.785777322385714,0.3561296297925574,0.4,2,False
201,2.925209583747578,3.78354107447894,0.354903442028626,0.402,2,False
202,2.925187204110346,3.7813213748144254,0.3537497854319097,0.404,2,False
203,2.9250625747036767,3.7791181822552193,0.3526684000146246,0.406,2,False
204,2.9248362233764205,3.7769314556643736,0.3516590257889857,0.40800000000000003,2,False
205,2.9245086779774225,3.774761153904935,0.3507214027672086,0.41000000000000003,2,False
206,2.9240804663555395,3.7726072358399567,0.34985527096150826,0.41200000000000003,2,False
207,2.9235521163596156,3.7704696603324868,0.3490603703841012,0.41400000000000003,2,False
208,2.9229241558385035,3.7683483862455756,0.34833644104720296,0.41600000000000004,2,False
209,2.922197112641051,3.7662433724422737,0.3476832229630281,0.418,2,False
210,2.9213715146161094,3.7641545777856313,0.34710045614379287,0.42,2,False
211,2.9204478896125274,3.762081961138697,0.3465878806017128,0.422,2,False
212,2.9194267654791544,3.7600254813645213,0.34614523634900274,0.424,2,False
213,2.9183086700648397,3.7579850973261535,0.34577226339787925,0.426,2,False
214,2.9170941312184335,3.755960767886645,0.34546870176055744,0.428,2,False
215,2.915783676788788,3.7539524519090457,0.34523429144925205,0.43,2,False
216,2.9143778346247484,3.751960108256405,0.3450687724761799,0.432,2,False
217,2.9128771325751686,3.749983695791773,0.3449718848535554,0.434,2,False
218,2.9112820984888956,3.7480231733781997,0.344943368593595,0.436,2,False
219,2.909593260214779,3.7460784998787346,0.3449829637085136,0.438,2,False
220,2.9078111456016695,3.7441496341564275,0.34509041021052694,0.44,2,False
221,2.9059362824984154,3.7422365350743294,0.3452654481118506,0.442,2,False
222,2.9039691987538703,3.7403391614954904,0.3455078174247,0.444,2,False
223,2.9019104222168797,3.7384574722829593,0.3458172581612905,0.446,2,False
224,2.899760480736294,3.736591426299786,0.3461935103338381,0.448,2,False
225,2.8975199021609637,3.7347409824090207,0.3466363139545582,0.45,2,False
226,2.895189214339738,3.7329060994737158,0.3471454090356659,0.452,2,False
227,2.8927689451214675,3.7310867363569176,0.347720535589377,0.454,2,False
228,2.890259622355002,3.7292828519216785,0.34836143362790717,0.456,2,False
229,2.8876617738891897,3.7274944050310466,0.34906784316347167,0.458,2,False
230,2.8849759275728806,3.725721354548074,0.34983950420828624,0.46,2,False
231,2.882202611254925,3.7239636593358085,0.35067615677456665,0.462,2,False
232,2.879342352784172,3.722221278257302,0.3515775408745277,0.464,2,False
233,2.8763956800094723,3.720494170175603,0.3525433965203851,0.466,2,False
234,2.8733631207796737,3.7187822939537627,0.35357346372435533,0.468,2,False
235,2.8702452029436287,3.7170856084548296,0.3546674824986526,0.47000000000000003,2,False
236,2.8670424543501833,3.715404072541855,0.35582519285549336,0.47200000000000003,2,False
237,2.8637554028481915,3.7137376450778885,0.35704633480709236,0.47400000000000003,2,False
238,2.860384576286499,3.71208628492598,0.35833064836566625,0.47600000000000003,2,False
239,2.8569305025139573,3.7104499509491786,0.35967787354342956,0.47800000000000004,2,False
240,2.8533937093794166,3.708828602010536,0.3610877503525982,0.48,2,False
241,2.8497747247317258,3.707222196973101,0.3625600188053873,0.482,2,False
242,2.8460740764197348,3.705630694699924,0.3640944189140129,0.484,2,False
243,2.842292292292293,3.7040540540540543,0.3656906906906906,0.486,2,False
244,2.8384299001982494,3.7024922338985427,0.3673485741476355,0.488,2,False
245,2.834487427986456,3.7009451930964383,0.3690678092970633,0.49,2,False
246,2.8304654035057606,3.699412890510793,0.37084813615118917,0.492,2,False
247,2.8263643546050132,3.6978952850046545,0.37268929472222945,0.494,2,False
248,2.8221848091330632,3.6963923354410735,0.37459102502239894,0.496,2,False
249,2.817927294938761,3.6949040006831,0.37655306706391356,0.498,2,False
250,2.813592339870955,3.693430239593784,0.3785751608589888,0.5,2,False
251,2.8091804717784967,3.6919710110361765,0.38065704641984016,0.502,2,False
252,2.8046922185102345,3.690526273873325,0.38279846375868287,0.504,2,False
253,2.8001281079150186,3.689095986968282,0.38499915288773306,0.506,2,False
254,2.795488667841698,3.6876801091840954,0.3872588538192056,0.508,2,False
255,2.790774426139124,3.6862785993838174,0.38957730656531636,0.51,2,False
256,2.785985910656144,3.6848914164304962,0.391954251138281,0.512,2,False
257,2.78112364924161,3.683518519187183,0.3943894275503147,0.514,2,False
258,2.776188169744369,3.682159866516926,0.3968825758136329,0.516,2,False
259,2.7711800000132727,3.680815417282777,0.3994334359404518,0.518,2,False
260,2.766099667897172,3.679485130347785,0.402041747942986,0.52,2,False
261,2.7609477012449126,3.6781689645750006,0.404707251833452,0.522,2,False
262,2.7557246279053462,3.6768668788274725,0.40742968762406473,0.524,2,False
263,2.750430975727325,3.675578831968253,0.4102087953270395,0.526,2,False
264,2.745067272559694,3.6743047828603896,0.41304431495459276,0.528,2,False
265,2.739634046251307,3.673044690366934,0.4159359865189391,0.53,2,False
266,2.7341318246510102,3.6717985133509337,0.4188835500322946,0.532,2,False
267,2.7285611356076562,3.6705662106754424,0.42188674550687455,0.534,2,False
268,2.7229225069700944,3.6693477412035076,0.4249453129548943,0.536,2,False
269,2.7172164665871725,3.66814306379818,0.4280589923885695,0.538,2,False
270,2.7114435423077405,3.6669521373225082,0.4312275238201162,0.54,2,False
271,2.705604261980649,3.665774920639544,0.4344506472617494,0.542,2,False
272,2.699699153454748,3.6646113726123364,0.43772810272568463,0.544,2,False
273,2.6937287445788867,3.663461452103936,0.4410596302241377,0.546,2,False
274,2.687693563201914,3.6623251179773924,0.4444449697693238,0.548,2,False
275,2.6815941371726817,3.6612023290957554,0.44788386137345837,0.55,2,False
276,2.6754309943400365,3.660093044322075,0.4513760450487576,0.552,2,False
277,2.6692046625528305,3.6589972225194014,0.454921260807436,0.554,2,False
278,2.662915669659912,3.6579148225507843,0.45851924866171,0.556,2,False
279,2.6565645435101315,3.656845803279274,0.4621697486237952,0.558,2,False
280,2.650151811952338,3.6557901235679204,0.4658725007059066,0.56,2,False
281,2.643678002835382,3.654747742279773,0.4696272449202593,0.562,2,False
282,2.6371436440081126,3.653718618277883,0.4734337212790702,0.5640000000000001,2,False
283,2.63054926331938,3.6527027104252987,0.4772916697945535,0.5660000000000001,2,False
284,2.623895388618033,3.6516999775850714,0.48120083047892526,0.5680000000000001,2,False
285,2.617182547752922,3.650710378620251,0.4851609433444011,0.5700000000000001,2,False
286,2.6104112685728964,3.649733872393886,0.4891717484031962,0.5720000000000001,2,False
287,2.6035820789268054,3.6487704177690268,0.49323298566752655,0.5740000000000001,2,False
288,2.5966955066634996,3.647819973608726,0.4973443951496078,0.5760000000000001,2,False
289,2.589752079631829,3.64688249877603,0.5015057168616543,0.578,2,False
290,2.582752325680641,3.6459579521339904,0.5057166908158831,0.58,2,False
291,2.5756967726587887,3.6450462925456577,0.5099770570245088,0.582,2,False
292,2.5685859484151172,3.6441474788740806,0.5142865554997473,0.584,2,False
293,2.5614203807984817,3.6432614699823107,0.5186449262538138,0.586,2,False
294,2.5542005976577267,3.6423882247333963,0.5230519092989243,0.588,2,False
295,2.546927126841706,3.6415277019903876,0.5275072446472937,0.59,2,False
296,2.5396004961992658,3.640679860616335,0.5320106723111384,0.592,2,False
297,2.5322212335792598,3.6398446594742904,0.5365619323026728,0.594,2,False
298,2.5247898668305333,3.6390220574272996,0.5411607646341131,0.596,2,False
299,2.5173069238019394,3.638212013338416,0.5458069093176747,0.598,2,False
300,2.509772932342324,3.6374144860706865,0.550500106365574,0.6,2,False
301,2.502188420300541,3.636629434487165,0.555240095790025,0.602,2,False
302,2.494553915525439,3.6358568174508994,0.5600266176032439,0.604,2,False
303,2.486869945865865,3.635096593824939,0.5648594118174464,0.606,2,False
304,2.479137039170671,3.634348722472333,0.5697382184448483,0.608,2,False
305,2.471355723288708,3.633613162256135,0.574662777497664,0.61,2,False
306,2.4635265260688217,3.632889872039392,0.5796328289881102,0.612,2,False
307,2.4556499753598664,3.632178810685156,0.5846481129284016,0.614,2,False
308,2.4477265990106867,3.6314799370564734,0.5897083693307543,0.616,2,False
309,2.439756924870138,3.630793210016398,0.5948133382073834,0.618,2,False
310,2.4317414807870636,3.630118588427978,0.5999627595705054,0.62,2,False
311,2.423680794610318,3.6294560311542634,0.6051563734323342,0.622,2,False
312,2.4155753941887497,3.628805497058304,0.6103939198050864,0.624,2,False
313,2.4074258073712085,3.628166945003152,0.6156751387009775,0.626,2,False
314,2.3992325620065422,3.627540333851853,0.6209997701322232,0.628,2,False
315,2.390996185943604,3.626925622467462,0.6263675541110382,0.63,2,False
316,2.3827172070312392,3.626322769713024,0.6317782306496387,0.632,2,False
317,2.374396153118302,3.6257317344515934,0.6372315397602395,0.634,2,False
318,2.366033552053637,3.625152475546217,0.6427272214550576,0.636,2,False
319,2.3576299316860996,3.6245849518599464,0.6482650157463068,0.638,2,False
320,2.349185819864535,3.6240291222558305,0.6538446626462042,0.64,2,False
321,2.340701744437796,3.6234849455969216,0.6594659021669639,0.642,2,False
322,2.332178233254728,3.622952380746266,0.6651284743208024,0.644,2,False
323,2.3236158141641856,3.6224313865669173,0.6708321191199349,0.646,2,False
324,2.3150150150150157,3.6219219219219223,0.6765765765765765,0.648,2,False
325,2.306376363656068,3.6214239456743336,0.6823615867029436,0.65,2,False
326,2.2977003879361932,3.620937416687199,0.6881868895112508,0.652,2,False
327,2.288987615704241,3.6204622938235707,0.6940522250137149,0.654,2,False
328,2.28023857480906,3.6199985359464963,0.6999573332225498,0.656,2,False
329,2.271453793099501,3.619546101919028,0.7059019541499723,0.658,2,False
330,2.262633798424414,3.6191049506042146,0.7118858278081975,0.66,2,False
331,2.2537791186326466,3.618675040865106,0.7179086942094406,0.662,2,False
332,2.24489028157305,3.6182563315647522,0.7239702933659178,0.664,2,False
333,2.2359678150944733,3.6178487815662033,0.7300703652898441,0.666,2,False
334,2.2270122470457663,3.617452349732509,0.7362086499934353,0.668,2,False
335,2.2180241052757808,3.6170669949267205,0.7423848874889062,0.67,2,False
336,2.2090039176333613,3.616692676011886,0.7485988177884739,0.672,2,False
337,2.199952211967362,3.616329351851056,0.7548501809043524,0.674,2,False
338,2.1908695161266323,3.6159769813072815,0.761138716848758,0.676,2,False
339,2.1817563579600194,3.6156355232436113,0.767464165633906,0.678,2,False
340,2.172613265316375,3.6153049365230956,0.7738262672720119,0.68,2,False
341,2.1634407660445496,3.614985180008787,0.7802247617752913,0.682,2,False
342,2.1542393879933894,3.6146762125637304,0.7866593891559595,0.684,2,False
343,2.145009659011747,3.6143779930509794,0.7931298894262329,0.686,2,False
344,2.13575210694847,3.6140904803335814,0.7996360025983261,0.6880000000000001,2,False
345,2.126467259652412,3.613813633274591,0.8061774686844543,0.6900000000000001,2,False
346,2.117155644972417,3.613547410737052,0.8127540276968342,0.6920000000000001,2,False
347,2.1078177907573394,3.6132917715840196,0.8193654196476806,0.6940000000000001,2,False
348,2.098454224856027,3.61304667467854,0.8260113845492091,0.6960000000000001,2,False
349,2.08906547511733,3.612812078883666,0.8326916624136353,0.6980000000000001,2,False
350,2.079652069390096,3.6125879430624463,0.8394059932531752,0.7000000000000001,2,False
351,2.0702145355231782,3.612374226077931,0.8461541170800432,0.7020000000000001,2,False
352,2.060753401365423,3.612170886793169,0.8529357739064556,0.704,2,False
353,2.051269194765683,3.6119778840712122,0.8597507037446273,0.706,2,False
354,2.0417624435728055,3.6117951767751095,0.8665986466067753,0.708,2,False
355,2.0322336756356414,3.611622723767911,0.8734793425051135,0.71,2,False
356,2.0226834188030383,3.611460483912667,0.8803925314518591,0.712,2,False
357,2.013112200923849,3.611308416072426,0.8873379534592254,0.714,2,False
358,2.003520549846923,3.6111664791102402,0.8943153485394295,0.716,2,False
359,1.9939089934211065,3.611034631889159,0.9013244567046873,0.718,2,False
360,1.984278059495252,3.61091283327223,0.9083650179672127,0.72,2,False
361,1.9746282759182094,3.6108010421225067,0.9154367723392223,0.722,2,False
362,1.9649601705388269,3.610699217303036,0.9225394598329315,0.724,2,False
363,1.9552742712059554,3.6106073176768705,0.9296728204605558,0.726,2,False
364,1.9455711057684437,3.610525302107059,0.9368365942343109,0.728,2,False
365,1.9358512020751422,3.6104531294566504,0.9440305211664118,0.73,2,False
366,1.9261150879749,3.610390758588696,0.9512543412690742,0.732,2,False
367,1.9163632913165665,3.610338148366245,0.9585077945545145,0.734,2,False
368,1.9065963399489925,3.610295257652349,0.9657906210349468,0.736,2,False
369,1.8968147617210265,3.6102620453100567,0.973102560722588,0.738,2,False
370,1.8870190844815191,3.610238470202418,0.9804433536296527,0.74,2,False
371,1.8772098360793188,3.610224491192483,0.9878127397683565,0.742,2,False
372,1.867387544363277,3.610220067143301,0.9952104591509155,0.744,2,False
373,1.8575527371822422,3.6102251569179233,1.0026362517895442,0.746,2,False
374,1.847705942385064,3.6102397193793987,1.0100898576964592,0.748,2,False
375,1.8378476878205923,3.6102637133907773,1.0175710168838756,0.75,2,False
376,1.827978501337677,3.6102970978151108,1.0250794693640088,0.752,2,False
377,1.8180989107851677,3.6103398315154474,1.0326149551490749,0.754,2,False
378,1.8082094440119136,3.6103918733548372,1.0401772142512886,0.756,2,False
379,1.7983106288667652,3.61045318219633,1.0477659866828652,0.758,2,False
380,1.7884029931985714,3.6105237169029767,1.0553810124560217,0.76,2,False
381,1.778487064856182,3.610603436337827,1.0630220315829726,0.762,2,False
382,1.768563371688448,3.61069229936393,1.0706887840759332,0.764,2,False
383,1.7586324415442172,3.6107902648443377,1.0783810099471198,0.766,2,False
384,1.7486948022723399,3.6108972916420976,1.0860984492087473,0.768,2,False
385,1.7387509817216664,3.611013338620261,1.0938408418730317,0.77,2,False
386,1.7288015077410457,3.6111383646418767,1.1016079279521878,0.772,2,False
387,1.718846908179328,3.6112723285699975,1.1093994474584323,0.774,2,False
388,1.708887710885362,3.61141518926767,1.1172151404039798,0.776,2,False
389,1.6989244437079973,3.6115669055979462,1.1250547468010461,0.778,2,False
390,1.6889576344960866,3.6117274364238763,1.1329180066618467,0.78,2,False
391,1.6789878110984753,3.611896740608508,1.140804659998597,0.782,2,True
392,1.6690155013640156,3.612074777014893,1.1487144468235126,0.784,2,False
393,1.659041233141557,3.612261504506082,1.1566471071488091,0.786,2,False
394,1.6490655342799487,3.6124568819451235,1.164602380986702,0.788,2,False
395,1.6390889326280398,3.612660868195067,1.1725800083494073,0.79,2,False
396,1.629111956034682,3.612873422118965,1.1805797292491398,0.792,2,False
397,1.6191351323487226,3.613094502579865,1.188601283698115,0.794,2,False
398,1.6091589894190124,3.6133240684408174,1.1966444117085486,0.796,2,False
399,1.5991840550944012,3.6135620785648737,1.2047088532926564,0.798,2,False
400,1.5892108572237384,3.613808491815082,1.2127943484626542,0.8,2,False
401,1.579239923655873,3.6140632670544934,1.2209006372307567,0.802,2,False
402,1.5692717822396562,3.614326363146157,1.2290274596091797,0.804,2,False
403,1.5593069608239374,3.6145977389531243,1.2371745556101392,0.806,2,False
404,1.549345987257565,3.6148773533384437,1.2453416652458504,0.808,2,False
405,1.53938938938939,3.6151651651651657,1.2535285285285285,0.81,2,False
406,1.5294376950682609,3.61546113329634,1.2617348854703896,0.812,2,False
407,1.519491432143028,3.615765216595018,1.269960476083649,0.8140000000000001,2,False
408,1.5095511284625407,3.616077373924247,1.2782050403805219,0.8160000000000001,2,False
409,1.4996173118756495,3.6163975641470794,1.2864683183732244,0.8180000000000001,2,False
410,1.489690510231204,3.6167257461265647,1.2947500500739717,0.8200000000000001,2,False
411,1.4797712513780528,3.6170618787257522,1.3030499754949791,0.8220000000000001,2,False
412,1.4698600631650458,3.617405920807692,1.311367834648463,0.8240000000000001,2,False
413,1.459957473441034,3.6177578312354335,1.319703367546637,0.8260000000000001,2,False
414,1.4500640100548656,3.6181175688720275,1.328056314201719,0.8280000000000001,2,False
415,1.44018020085539,3.6184850925805243,1.3364264146259235,0.8300000000000001,2,False
416,1.4303065736914586,3.6188603612239736,1.3448134088314654,0.8320000000000001,2,True
417,1.4204436564119205,3.6192433336654237,1.3532170368305612,0.834,2,False
418,1.4105919768656254,3.619633968767928,1.3616370386354255,0.836,2,False
419,1.4007520629014203,3.6200322253945334,1.3700731542582756,0.838,2,False
420,1.3909244423681593,3.6204380624082924,1.3785251237113254,0.84,2,False
421,1.3811096431146883,3.620851438672251,1.3869926870067901,0.842,2,False
422,1.37130819298986,3.6212723130494635,1.3954755841568867,0.844,2,False
423,1.3615206198425225,3.621700644402978,1.40397355517383,0.846,2,False
424,1.3517474515215255,3.622136391595843,1.4124863400698346,0.848,2,False
425,1.341989215875718,3.622579513491111,1.421013678857118,0.85,2,False
426,1.3322464407539523,3.623029968951831,1.4295553115478936,0.852,2,False
427,1.3225196540050743,3.6234877168410535,1.4381109781543793,0.854,2,False
428,1.312809383477937,3.623952716021827,1.4466804186887883,0.856,2,False
429,1.3031161570213883,3.6244249253572023,1.4552633731633375,0.858,2,False
430,1.2934405024842786,3.6249043037102298,1.4638595815902418,0.86,2,False
431,1.2837829477154572,3.6253908099439585,1.4724687839817174,0.862,2,False
432,1.2741440205637742,3.6258844029214403,1.4810907203499795,0.864,2,False
433,1.264524248878078,3.626385041505723,1.4897251307072437,0.866,2,False
434,1.2549241605072203,3.6268926845598584,1.4983717550657245,0.868,2,False
435,1.245344283300049,3.627407290946894,1.5070303334376391,0.87,2,False
436,1.2357851451054154,3.627928819529883,1.5157006058352023,0.872,2,False
437,1.2262472737721666,3.628457229171872,1.5243823122706293,0.874,2,False
438,1.216731197149156,3.628992478735913,1.5330751927561357,0.876,2,False
439,1.2072374430852286,3.629534527085055,1.5417789873039376,0.878,2,False
440,1.1977665394292392,3.63008333308235,1.55049343592625,0.88,2,False
441,1.1883190140300344,3.6306388555908455,1.559218278635289,0.882,2,True
442,1.1788953947364635,3.6312010534735935,1.567953255443269,0.884,2,False
443,1.1694962093973778,3.631769885593641,1.576698106362406,0.886,2,False
444,1.1601219858616263,3.632345310814041,1.585452571404916,0.888,2,False
445,1.1507732519780578,3.6329272879978416,1.594216390583015,0.89,2,False
446,1.1414505355955242,3.6335157760080947,1.6029893039089167,0.892,2,False
447,1.1321543645628722,3.6341107337078484,1.6117710513948384,0.894,2,False
448,1.122885266728955,3.6347121199601538,1.620561373052995,0.896,2,False
449,1.1136437699426196,3.63531989362806,1.6293600088956013,0.898,2,False
450,1.1044304020527163,3.6359340135746185,1.6381666989348747,0.9,2,False
451,1.0952456909080948,3.636554438662876,1.6469811831830288,0.902,2,False
452,1.0860901643576049,3.6371811277558868,1.6558032016522803,0.904,2,False
453,1.0769643502500956,3.6378140397166967,1.664632494354844,0.906,2,False
454,1.067868776434419,3.63845313340836,1.673468801302935,0.908,2,False
455,1.058803970759422,3.6390983676939226,1.6823118625087705,0.91,2,False
456,1.049770461073955,3.639749701436437,1.691161417984565,0.912,2,False
457,1.040768775226867,3.6404070934989514,1.7000172077425342,0.914,2,False
458,1.0317994410670115,3.641070502744519,1.7088789717948933,0.916,2,False
459,1.0228629864432337,3.641739888036185,1.7177464501538575,0.918,2,False
460,1.0139599392043848,3.642415208237003,1.7266193828316436,0.92,2,False
461,1.0050908271993142,3.643096422210022,1.7354975098404664,0.922,2,False
462,0.9962561782768733,3.643783488818292,1.744380571192541,0.924,2,False
463,0.9874565202859094,3.644476366924862,1.7532683069000843,0.926,2,False
464,0.9786923810752739,3.645175015392782,1.7621604569753095,0.928,2,False
465,0.9699642884938149,3.645879393085105,1.7710567614304347,0.93,2,False
466,0.9612727703903836,3.646589458864877,1.779956960277673,0.932,2,True
467,0.9526183546138287,3.64730517159515,1.788860793529242,0.934,2,False
468,0.9440015690129999,3.648026490138974,1.7977680011973571,0.936,2,False
469,0.9354229414367476,3.6487533733593978,1.8066783232942316,0.9380000000000001,2,False
470,0.9268829997339219,3.6494857801194733,1.8155914998320837,0.9400000000000001,2,False
471,0.9183822717533705,3.650223669282248,1.8245072708231271,0.9420000000000001,2,False
472,0.909921285343944,3.6509669997107745,1.8334253762795787,0.9440000000000001,2,False
473,0.9015005683544939,3.651715730268101,1.842345556213653,0.9460000000000001,2,False
474,0.8931206486338665,3.6524698198172776,1.8512675506375658,0.9480000000000001,2,False
475,0.8847820540309141,3.653229227221355,1.860191099563533,0.9500000000000001,2,False
476,0.8764853123944842,3.653993911343383,1.86911594300377,0.9520000000000001,2,False
477,0.8682309515734299,3.654763831046411,1.8780418209704908,0.9540000000000001,2,False
478,0.8600194994165975,3.655538945193489,1.8869684734759136,0.9560000000000001,2,False
479,0.8518514837728395,3.6563192126476673,1.8958956405322511,0.9580000000000001,2,False
480,0.8437274324910025,3.6571045922719967,1.904823062151721,0.96,2,False
481,0.8356478734199377,3.657895042929526,1.9137504783465387,0.962,2,False
482,0.8276133344084953,3.6586905234833047,1.9226776291289185,0.964,2,False
483,0.8196243433055233,3.6594909927963837,1.9316042545110774,0.966,2,False
484,0.8116814279598739,3.6602964097318136,1.9405300945052302,0.968,2,False
485,0.8037851162203948,3.6611067331526437,1.9494548891235919,0.97,2,False
486,0.7959359359359364,3.6619219219219223,1.9583783783783781,0.972,2,False
487,0.7881344149553482,3.6627419349027024,1.9673003022818056,0.974,2,False
488,0.7803810811274805,3.6635667309580313,1.9762204008460877,0.976,2,False
489,0.7726764623011808,3.664396268950962,1.9851384140834432,0.978,2,False
490,0.7650210863253017,3.66523050774454,1.9940540820060837,0.98,2,False
491,0.757415481048691,3.6660694062018204,2.0029671446262283,0.982,2,True
492,0.7498601743201991,3.66691292318585,2.0118773419560907,0.984,2,False
493,0.7423556939886757,3.667761017559679,2.0207844140078857,0.986,2,False
494,0.7349025679029695,3.668613648186358,2.0296881007938303,0.988,2,False
495,0.7275013239119321,3.669470773928936,2.038588142326139,0.99,2,False
496,0.720152489864412,3.6703323536504646,2.047484278617029,0.992,2,False
497,0.7128565936092579,3.671198346213993,2.056376249678714,0.994,2,False
498,0.7056141629953214,3.6720687104825718,2.0652637955234106,0.996,2,False
499,0.6984257258714506,3.672943405319248,2.074146656163333,0.998,2,False
500,0.6912918100864962,3.6738223895870754,2.0830245716106988,1.0,2,False
501,0.6842129434893065,3.674705622149103,2.0918972818777224,1.002,2,False
502,0.6771896539287334,3.675593061868378,2.1007645269766186,1.004,2,False
503,0.6702224692536256,3.676484667607954,2.1096260469196038,1.006,2,False
504,0.6633119173128315,3.677380398230879,2.1184815817188936,1.008,2,False
505,0.6564585259552029,3.678280212600203,2.1273308713867025,1.01,2,False
506,0.6496628230295873,3.679184069578978,2.1361736559352478,1.012,2,False
507,0.642925336384836,3.6800919280302513,2.145009675376744,1.014,2,False
508,0.6362465938697983,3.681003746817074,2.153838669723406,1.016,2,False
509,0.629627123333323,3.6819194848024965,2.1626603789874506,1.018,2,False
510,0.6230674526242619,3.6828391008495673,2.171474543181092,1.02,2,False
511,0.6165681095914619,3.683762553821338,2.1802809023165466,1.022,2,False
512,0.6101296220837746,3.684689802580858,2.1890791964060305,1.024,2,False
513,0.6037525179500487,3.6856208059911766,2.197869165461758,1.026,2,False
514,0.5974373250391343,3.686555522915345,2.2066505494959454,1.028,2,False
515,0.5911845711998818,3.6874939122164125,2.215423088520808,1.03,2,False
516,0.5849947842811396,3.6884359327574296,2.2241865225485613,1.032,2,True
517,0.5788684921317582,3.6893815434014448,2.2329405915914204,1.034,2,False
518,0.572806222600587,3.69033070301151,2.241685035661601,1.036,2,False
519,0.5668085035364754,3.691283370450673,2.25041959477132,1.038,2,False
520,0.5608758627882737,3.6922395045819854,2.259144008932791,1.04,2,False
521,0.5550088282048307,3.693199064268497,2.2678580181582304,1.042,2,False
522,0.5492079276349966,3.694162008373257,2.276561362459854,1.044,2,False
523,0.5434736889276213,3.695128295759317,2.2852537818498764,1.046,2,False
524,0.5378066399315538,3.696097885289725,2.293935016340514,1.048,2,False
525,0.5322073084956449,3.6970707358275328,2.3026048059439828,1.05,2,False
526,0.526676222468744,3.6980468062357876,2.3112628906724964,1.052,2,False
527,0.5212139096996999,3.699026055377542,2.3199090105382716,1.054,2,False
528,0.5158208980373626,3.7000084421158457,2.3285429055535243,1.056,2,False
529,0.5104977153305812,3.7009939253137483,2.33716431573047,1.058,2,False
530,0.5052448894282073,3.701982463834298,2.3457729810813226,1.06,2,False
531,0.5000629481790893,3.7029740165405465,2.354368641618299,1.062,2,False
532,0.494952419432076,3.703968542295545,2.362951037353615,1.064,2,False
533,0.4899138310360185,3.7049659999623406,2.3715199082994856,1.066,2,False
534,0.4849477108397666,3.705966348403985,2.3800749944681256,1.068,2,False
535,0.4800545866921686,3.7069695464835286,2.388616035871752,1.07,2,False
536,0.4752349864420753,3.7079755530640206,2.39714277252258,1.072,2,False
537,0.470489437938336,3.708984327008512,2.405654944432824,1.074,2,False
538,0.46581846902980106,3.7099958271800495,2.4141522916147005,1.076,2,False
539,0.4612226075653185,3.7110100124416867,2.4226345540804255,1.078,2,False
540,0.4567023813937392,3.7120268416564723,2.431101471842213,1.08,2,False
541,0.45225831836391284,3.713046273687456,2.43955278491228,1.082,2,True
542,0.4478909463246883,3.7140682673976873,2.4479882333028407,1.084,2,False
543,0.4436007931249175,3.7150927816502186,2.4564075570261115,1.086,2,False
544,0.4393883866134465,3.716119775308097,2.4648104960943082,1.088,2,False
545,0.43525425463912804,3.717149207234373,2.4731967905196455,1.09,2,False
546,0.43119892505081037,3.7181810362920977,2.4815661803143394,1.092,2,False
547,0.4272229256973441,3.7192152213443195,2.489918405490605,1.094,2,False
548,0.42332678442757765,3.720251721254091,2.4982532060606584,1.096,2,False
549,0.419511029090361,3.72129049488446,2.506570322036715,1.098,2,False
550,0.41577618753454515,3.722331501098478,2.5148694934309903,1.1,2,False
551,0.4121227876089786,3.723374698759191,2.5231504602556987,1.102,2,False
552,0.4085513571625099,3.724420046729655,2.5314129625230586,1.104,2,False
553,0.40506242404399173,3.725467503872915,2.539656740245282,1.106,2,False
554,0.40165651610227093,3.7265170290520246,2.5478815334345875,1.108,2,False
555,0.39833416118619924,3.72756858113003,2.5560870821031876,1.11,2,False
556,0.3950958871446253,3.728622118969985,2.5642731262633003,1.112,2,False
557,0.3919422218263977,3.7296776014349375,2.572439405927141,1.114,2,False
558,0.3888736930803689,3.730734987387937,2.5805856611069236,1.116,2,False
559,0.38589082875538616,3.7317942356920346,2.5887116318148644,1.118,2,False
560,0.3829941567003001,3.7328553052102804,2.5968170580631798,1.12,2,False
561,0.38018420476396075,3.7339181548057248,2.6049016798640854,1.122,2,False
562,0.377461500795216,3.7349827433414147,2.612965237229794,1.124,2,False
563,0.3748265726429185,3.7360490296804025,2.6210074701725237,1.1260000000000001,2,False
564,0.3722799481559158,3.7371169726857385,2.62902811870449,1.1280000000000001,2,False
565,0.36982215518305717,3.7381865312204723,2.6370269228379075,1.1300000000000001,2,False
566,0.3674537215731939,3.7392576641476527,2.6450036225849916,1.1320000000000001,2,True
567,0.3651751751751753,3.7403303303303312,2.652957957957959,1.1340000000000001,2,False
568,0.36298704383784974,3.7414044886315567,2.6608896689690242,1.1360000000000001,2,False
569,0.3608898554100681,3.7424800979143806,2.6687984956304027,1.1380000000000001,2,False
570,0.3588841377406802,3.743557117041852,2.6766841779543107,1.1400000000000001,2,False
571,0.3569704186785352,3.744635504877019,2.6845464559529626,1.1420000000000001,2,False
572,0.35514922607248334,3.745715220282934,2.6923850696385747,1.1440000000000001,2,False
573,0.35342108777137304,3.746796222122647,2.7001997590233637,1.1460000000000001,2,False
574,0.35178653162405515,3.747878469259206,2.7079902641195432,1.1480000000000001,2,False
575,0.35024608547937897,3.7489619205556637,2.7157563249393304,1.1500000000000001,2,False
576,0.34880027718619355,3.750046534875068,2.7234976814949388,1.1520000000000001,2,False
577,0.34744963459335043,3.7511322710804693,2.7312140737985846,1.154,2,False
578,0.3461946855496967,3.7522190880349178,2.7389052418624846,1.156,2,False
579,0.3450359579040845,3.753306944601463,2.7465709256988533,1.158,2,False
580,0.3439739795053618,3.7543957996431554,2.754210865319906,1.16,2,False
581,0.3430092782023788,3.7554856120230458,2.76182480073786,1.162,2,False
582,0.34214238184398527,3.756576340604183,2.7694124719649285,1.164,2,False
583,0.34137381827903135,3.7576679442496164,2.7769736190133285,1.166,2,False
584,0.34070411535636635,3.7587603818223965,2.7845079818952736,1.168,2,False
585,0.3401338009248387,3.7598536121855743,2.792015300622982,1.17,2,False
586,0.33966340283329943,3.7609475942021993,2.7994953152086683,1.172,2,False
587,0.33929344893059876,3.7620422867353205,2.806947765664547,1.174,2,False
588,0.3390244670655853,3.7631376486479877,2.8143723920028343,1.176,2,False
589,0.3388569850871088,3.764233638803253,2.821768934235746,1.178,2,False
590,0.3387915308440195,3.765330216064165,2.8291371323754975,1.18,2,False
591,0.33882863218516657,3.7664273392937733,2.836476726434304,1.182,2,True
592,0.33896881695940007,3.7675249673551274,2.843787456424381,1.184,2,False
593,0.3392126130155686,3.76862305911128,2.851069062357945,1.186,2,False
594,0.33956054820252346,3.769721573425278,2.8583212842472108,1.188,2,False
595,0.34001315036911306,3.7708204691601726,2.8655438621043925,1.19,2,False
596,0.340570947364188,3.771919705179014,2.872736535941708,1.192,2,False
597,0.341234467036597,3.7730192403448517,2.8798990457713725,1.194,2,False
598,0.34200423723519013,3.774119033520737,2.887031131605601,1.196,2,False
599,0.34288078580881876,3.7752190435697175,2.8941325334566073,1.198,2,False
600,0.34386464060632926,3.7763192293548444,2.9012029913366093,1.2,2,False
601,0.34495632947657406,3.777419549739169,2.9082422452578225,1.202,2,False
602,0.34615638026840134,3.7785199635857385,2.9152500352324604,1.204,2,False
603,0.34746532083066173,3.779620429757605,2.92222610127274,1.206,2,False
604,0.34888367901220385,3.7807209071178174,2.9291701833908776,1.208,2,False
605,0.3504119826618779,3.7818213545294275,2.9360820215990886,1.21,2,False
606,0.3520507596285336,3.782921730855482,2.9429613559095857,1.212,2,False
607,0.35380053776102094,3.7840219949590335,2.9498079263345875,1.214,2,False
608,0.35566184490818986,3.7851221057031292,2.9566214728863063,1.216,2,False
609,0.35763520891888856,3.7862220219508242,2.9634017355769635,1.218,2,False
610,0.3597211576419679,3.7873217025651646,2.9701484544187693,1.22,2,False
611,0.3619202189262769,3.7884211064092,2.97686136942394,1.222,2,False
612,0.3642329206206665,3.7895201923459823,2.9835402206046924,1.224,2,False
613,0.36665979057398457,3.7906189192385606,2.990184747973242,1.226,2,False
614,0.3692013566350827,3.791717245949984,2.9967946915418042,1.228,2,False
615,0.37185814665280814,3.792815131343304,3.003369791322594,1.23,2,False
616,0.3746306884760129,3.7939125342815694,3.0099097873278264,1.232,2,True
617,0.37751950995354644,3.7950094136278314,3.0164144195697182,1.234,2,False
618,0.38052513893425566,3.7961057282451387,3.022883428060485,1.236,2,False
619,0.38364810326699494,3.797201436996542,3.0293165528123405,1.238,2,False
620,0.3868889308006098,3.7982964987450902,3.0357135338375025,1.24,2,False
621,0.3902481493839516,3.7993908723538357,3.0420741111481853,1.242,2,False
622,0.3937262868658702,3.800484516685827,3.048398024756605,1.244,2,False
623,0.3973238710952143,3.8015773906041135,3.054685014674976,1.246,2,False
624,0.40104142992083425,3.8026694529717453,3.0609348209155156,1.248,2,False
625,0.4048794911915805,3.803760662651773,3.0671471834904374,1.25,2,False
626,0.40883858275630125,3.804850978507246,3.0733218424119584,1.252,2,False
627,0.41291923246384776,3.805940359401215,3.0794585376922936,1.254,2,False
628,0.41712196816306824,3.807028764196729,3.0855570093436575,1.256,2,False
629,0.4214473177028131,3.8081161517568383,3.0916169973782672,1.258,2,False
630,0.4258958089319309,3.8092024809445943,3.0976382418083386,1.26,2,False
631,0.4304679696992735,3.810287710623045,3.103620482646085,1.262,2,False
632,0.4351643278536885,3.811371799655241,3.109563459903723,1.264,2,False
633,0.43998541124402646,3.8124547069042336,3.1154669135934703,1.266,2,False
634,0.44493174771913724,3.8135363912330695,3.121330583727539,1.268,2,False
635,0.4500038651278704,3.814616811504802,3.127154210318146,1.27,2,False
636,0.45520229131907497,3.8156959265824795,3.1329375333775076,1.272,2,False
637,0.4605275541416023,3.816773695329152,3.1386802929178383,1.274,2,False
638,0.46598018144429965,3.8178500766078702,3.144382228951354,1.276,2,False
639,0.4715607010760192,3.818925029281683,3.15004308149027,1.278,2,False
640,0.47726964088560697,3.819998512213642,3.155662590546803,1.28,2,False
641,0.4831075287219173,3.8210704842667944,3.1612404961331655,1.282,2,True
642,0.4890748924337984,3.822140904304193,3.1667765382615762,1.284,2,False
643,0.49517225987009716,3.8232097311888866,3.17227045694425,1.286,2,False
644,0.5014001588796657,3.824276923783925,3.1777219921934012,1.288,2,False
645,0.5077591173113531,3.825342440952359,3.1831308840212467,1.29,2,False
646,0.5142496630140099,3.8264062415572377,3.188496872440002,1.292,2,False
647,0.5208723238364841,3.8274682844616112,3.19381969746188,1.294,2,False
648,0.527627627627627,3.8285285285285293,3.1990990990990995,1.296,2,False
649,0.5345158651149212,3.8295869241732756,3.204334873220846,1.298,2,False
650,0.5415363785403854,3.8306433880200683,3.209527039124191,1.3,2,False
651,0.5486882730246718,3.8316978282453573,3.21467567196318,1.302,2,False
652,0.5559706536884305,3.8327501530255925,3.2197808468918523,1.304,2,False
653,0.5633826256523156,3.8338002705372274,3.224842639064255,1.306,2,False
654,0.5709232940369791,3.834848088956712,3.229861123634431,1.308,2,False
655,0.5785917639630719,3.8358935164604944,3.234836375756422,1.31,2,False
656,0.5863871405512463,3.836936461225027,3.239768470584271,1.312,2,False
657,0.5943085289221548,3.8379768314267637,3.2446574832720243,1.314,2,False
658,0.6023550341964486,3.8390145352421507,3.249503488973722,1.316,2,False
659,0.6105257614947803,3.8400494808476413,3.254306562843409,1.318,2,False
660,0.6188198159378031,3.841081576419686,3.259066780035129,1.32,2,False
661,0.627236302646166,3.8421107301347353,3.2637842157029238,1.322,2,False
662,0.6357743267405237,3.84313685016924,3.268458945000838,1.324,2,False
663,0.6444329933415268,3.8441598446996514,3.273091043082915,1.326,2,False
664,0.6532114075698279,3.8451796219024192,3.2776805851031963,1.328,2,False
665,0.6621086745460795,3.8461960899539966,3.2822276462157287,1.33,2,False
666,0.6711238993909313,3.8472091570308318,3.2867323015745518,1.332,2,True
667,0.680256187225039,3.8482187313093763,3.291194626333711,1.334,2,False
668,0.689504643169051,3.849224720966081,3.295614695647248,1.336,2,False
669,0.6988683723436212,3.8502270341773976,3.29999258466921,1.338,2,False
670,0.7083464798694021,3.8512255791197774,3.3043283685536355,1.34,2,False
671,0.7179380708670443,3.8522202639696688,3.3086221224545707,1.342,2,False
672,0.7276422504572003,3.853210996903524,3.3128739215260583,1.344,2,False
673,0.737458123760523,3.854197686097794,3.3170838409221415,1.346,2,False
674,0.7473847958976633,3.85518023972893,3.3212519557968636,1.348,2,False
675,0.757421371989273,3.8561585659733812,3.3253783413042677,1.35,2,False
676,0.7675669571560051,3.8571325730076005,3.3294630725983976,1.352,2,False
677,0.7778206565185117,3.8581021690080375,3.3335062248332967,1.354,2,False
678,0.7881815751974435,3.8590672621511417,3.337507873163007,1.356,2,False
679,0.7986488183134529,3.8600277606133675,3.3414680927415743,1.358,2,False
680,0.8092214909871934,3.8609835725711625,3.34538695872304,1.36,2,False
681,0.8198986983393152,3.861934606200979,3.3492645462614474,1.362,2,False
682,0.8306795454904715,3.862880769679267,3.353100930510841,1.364,2,False
683,0.8415631375613132,3.863821971182478,3.356896186625263,1.366,2,False
684,0.8525485796724932,3.8647581188870634,3.3606503897587583,1.368,2,False
685,0.8636349769446635,3.865689120969473,3.364363615065368,1.37,2,False
686,0.8748214344984758,3.866614885606157,3.368035937699137,1.372,2,False
687,0.8861070574545824,3.8675353209735683,3.3716674328141085,1.374,2,False
688,0.8974909509336337,3.868450335248155,3.3752581755643254,1.3760000000000001,2,False
689,0.9089722200562856,3.869359836606371,3.3788082411038305,1.3780000000000001,2,False
690,0.9205499699431859,3.870263733224664,3.382317704586668,1.3800000000000001,2,False
691,0.9322233057149883,3.8711619332794878,3.3857866411668813,1.3820000000000001,2,True
692,0.9439913324923452,3.8720543449472915,3.389215125998514,1.3840000000000001,2,False
693,0.955853155395908,3.8729408764045257,3.392603234235608,1.3860000000000001,2,False
694,0.9678078795463289,3.8738214358276424,3.3959510410322076,1.3880000000000001,2,False
695,0.9798546100642596,3.874695931393091,3.399258621542356,1.3900000000000001,2,False
696,0.9919924520703539,3.875564271277324,3.4025260509200974,1.3920000000000001,2,False
697,1.0042205106852609,3.8764263636567904,3.405753404319473,1.3940000000000001,2,False
698,1.0165378910296354,3.877282116707943,3.408940756894528,1.3960000000000001,2,False
699,1.0289436982241267,3.87813143860723,3.4120881837993053,1.3980000000000001,2,False
700,1.0414370373893882,3.8789742375311054,3.4151957601878484,1.4000000000000001,2,False
701,1.0540170136460725,3.8798104216560176,3.4182635612141996,1.4020000000000001,2,False
702,1.0666827321148316,3.880639899158418,3.4212916620324028,1.4040000000000001,2,False
703,1.0794332979163155,3.8814625782147587,3.4242801377965026,1.4060000000000001,2,False
704,1.0922678161711783,3.8822783670014887,3.42722906366054,1.408,2,False
705,1.1051853920000696,3.8830871736950594,3.4301385147785592,1.41,2,False
706,1.118185130523645,3.8838889064719218,3.433008566304605,1.412,2,False
707,1.1312661368625554,3.884683473508528,3.435839293392719,1.414,2,False
708,1.1444275161374509,3.8854707829813253,3.438630771196945,1.416,2,False
709,1.1576683734689852,3.886250743066768,3.441383074871326,1.418,2,False
710,1.1709878139778096,3.887023261941306,3.4440962795699077,1.42,2,False
711,1.1843849427845763,3.8877882477813897,3.4467704604467295,1.422,2,False
712,1.1978588650099364,3.88854560876347,3.449405692655837,1.424,2,False
713,1.2114086857745443,3.8892952530639975,3.4520020513512732,1.426,2,False
714,1.22503351019905,3.8900370888594233,3.454559611687082,1.428,2,False
715,1.2387324434041056,3.8907710243261984,3.457078448817306,1.43,2,False
716,1.2525045905103644,3.8914969676407734,3.459558637895989,1.432,2,True
717,1.2663490566384765,3.8922148269796004,3.462000254077174,1.434,2,False
718,1.2802649469090952,3.892924510519127,3.4644033725149033,1.436,2,False
719,1.2942513664428719,3.893625926435807,3.4667680683632227,1.438,2,False
720,1.3083074203604597,3.894318982906089,3.4690944167761724,1.44,2,False
721,1.3224322137825097,3.895003588106426,3.4713824929077988,1.442,2,False
722,1.3366248518296737,3.895679650213269,3.4736323719121445,1.444,2,False
723,1.3508844396226056,3.896347077403065,3.4758441289432502,1.446,2,False
724,1.365210082281955,3.8970057778522698,3.4780178391551626,1.448,2,False
725,1.3796008849283732,3.8976556597373313,3.4801535777019237,1.45,2,False
726,1.394055952682516,3.8982966312347007,3.4822514197375756,1.452,2,False
727,1.4085743906650325,3.8989286005208283,3.4843114404161635,1.454,2,False
728,1.4231553039965756,3.8995514757721663,3.48633371489173,1.456,2,False
729,1.4377977977977972,3.9001651651651663,3.4883183183183193,1.458,2,False
730,1.4525009771893482,3.900769576876276,3.4902653258499723,1.46,2,False
731,1.4672639472918834,3.901364619081948,3.492174812640735,1.462,2,False
732,1.4820858132260517,3.901950199958635,3.4940468538446496,1.464,2,False
733,1.496965680112507,3.902526227682784,3.495881524615758,1.466,2,False
734,1.5119026530719002,3.9030926104308477,3.497678900108107,1.468,2,False
735,1.5268958372248853,3.903649256379278,3.499439055475737,1.47,2,False
736,1.541944337692112,3.9041960737045227,3.501162065872692,1.472,2,False
737,1.5570472595942328,3.9047329705830376,3.502848006453016,1.474,2,False
738,1.5722037080519007,3.9052598551912694,3.504496952370753,1.476,2,False
739,1.5874127881857676,3.905776635705669,3.506108978779943,1.478,2,False
740,1.602673605116484,3.906283220302689,3.5076841608346334,1.48,2,False
741,1.617985263964704,3.9067795171587787,3.509222573688864,1.482,2,True
742,1.633346869851078,3.907265434450391,3.5107242924966817,1.484,2,False
743,1.6487575278962596,3.9077408803539746,3.5121893924121266,1.486,2,False
744,1.6642163432208978,3.908205763045981,3.513617948589244,1.488,2,False
745,1.6797224209456476,3.9086599907028616,3.515010036182076,1.49,2,False
746,1.6952748661911607,3.9091034715010657,3.5163657303446665,1.492,2,False
747,1.7108727840780873,3.909536113617047,3.51768510623106,1.494,2,False
748,1.7265152797270804,3.9099578252272527,3.5189682389952974,1.496,2,False
749,1.742201458258793,3.910368514508137,3.520215203791425,1.498,2,False
750,1.757930424793876,3.9107680896361487,3.5214260757734817,1.5,2,False
751,1.7737012844529823,3.911156458787739,3.5226009300955154,1.502,2,False
752,1.789513142356762,3.9115335301393586,3.5237398419115675,1.504,2,False
753,1.8053651036258695,3.911899211867459,3.524842886375682,1.506,2,False
754,1.821256273380956,3.912253412148491,3.5259101386419007,1.508,2,False
755,1.837185756742671,3.912596039158904,3.5269416738642674,1.51,2,False
756,1.8531526588316707,3.91292700107515,3.5279375671968265,1.512,2,False
757,1.869156084768604,3.9132462060736786,3.5288978937936197,1.514,2,False
758,1.8851951396741253,3.913553562330943,3.5298227288086927,1.516,2,False
759,1.9012689286688842,3.9138489780233936,3.5307121473960885,1.518,2,False
760,1.9173765568735344,3.914132361327479,3.5315662247098474,1.52,2,False
761,1.9335171294087268,3.914403620419651,3.5323850359040154,1.522,2,False
762,1.9496897513951146,3.9146626634763613,3.5331686561326356,1.524,2,False
763,1.9658935279533476,3.9149093986740597,3.53391716054975,1.526,2,False
764,1.9821275642040825,3.915143734189198,3.534630624309404,1.528,2,False
765,1.9983909652679652,3.915365578198226,3.535309122565639,1.53,2,False
766,2.014682836265652,3.9155748388775953,3.5359527304724985,1.532,2,True
767,2.031002282317793,3.915771424403757,3.536561523184027,1.534,2,False
768,2.047348408545042,3.91595524295316,3.537135575854267,1.536,2,False
769,2.063720320068048,3.916126202702258,3.537674963637262,1.538,2,False
770,2.080117122007466,3.9162842118274996,3.5381797616870574,1.54,2,False
771,2.0965379194839473,3.916429178505337,3.538650045157692,1.542,2,False
772,2.1129818176181425,3.9165610109122184,3.5390858892032115,1.544,2,False
773,2.1294479215307054,3.9166796172245983,3.53948736897766,1.546,2,False
774,2.1459353363422866,3.9167849056189246,3.5398545596350814,1.548,2,False
775,2.1624431671735382,3.916876784271651,3.540187536329516,1.55,2,False
776,2.178970519145113,3.916955161359226,3.5404863742150106,1.552,2,False
777,2.195516497377662,3.9170199450581005,3.540751148445606,1.554,2,False
778,2.2120802069918404,3.917071043544726,3.540981934175346,1.556,2,False
779,2.2286607531082954,3.9171083649955527,3.5411788065582743,1.558,2,False
780,2.2452572408476823,3.917131817587033,3.5413418407484354,1.56,2,False
781,2.261868775330652,3.9171413094956167,3.541471111899871,1.562,2,False
782,2.278494461677856,3.9171367488977538,3.5415666951666243,1.564,2,False
783,2.2951334050099472,3.917118043969896,3.5416286657027403,1.566,2,False
784,2.311784710447579,3.9170851028884948,3.54165709866226,1.568,2,False
785,2.3284474831114,3.9170378338299994,3.541652069199229,1.57,2,False
786,2.345120828122064,3.9169761449708616,3.541613652467689,1.572,2,False
787,2.3618038506002232,3.9168999444875325,3.5415419236216845,1.574,2,False
788,2.37849565566653,3.9168091405564622,3.541436957815258,1.576,2,False
789,2.3951953484416353,3.916703641354101,3.541298830202452,1.578,2,False
790,2.4119020340461916,3.9165833550569014,3.5411276159373126,1.58,2,False
791,2.4286148176008506,3.9164481898413146,3.5409233901738815,1.582,2,True
792,2.445332804226265,3.9162980538837884,3.540686228066201,1.584,2,False
793,2.4620550990430865,3.9161328553607757,3.5404162047683148,1.586,2,False
794,2.4787808071719675,3.915952502448728,3.540113395434269,1.588,2,False
795,2.495509033733559,3.9157569033240933,3.5397778752181024,1.59,2,False
796,2.512238883848514,3.9155459661633265,3.539409719273863,1.592,2,False
797,2.5289694626374843,3.9153195991428746,3.53900900275559,1.594,2,False
798,2.54569987522112,3.9150777104391903,3.5385758008173296,1.596,2,False
799,2.562429226720076,3.914820208228724,3.5381101886131225,1.598,2,False
800,2.5791566222550038,3.9145470006879277,3.5376122412970155,1.6,2,False
801,2.5958811669465542,3.9142579959932506,3.5370820340230495,1.602,2,False
802,2.612601965915378,3.9139531023211434,3.5365196419452682,1.604,2,False
803,2.62931812428213,3.9136322278480584,3.535925140217715,1.606,2,False
804,2.6460287471674624,3.913295280750446,3.5352986039944336,1.608,2,False
805,2.6627329396920256,3.9129421692047557,3.5346401084294663,1.61,2,False
806,2.679429806976471,3.912572801387439,3.5339497286768573,1.612,2,False
807,2.6961184541414513,3.9121870854749483,3.53322753989065,1.614,2,False
808,2.712797986307621,3.911784929643734,3.5324736172248885,1.616,2,False
809,2.729467508595627,3.9113662420702426,3.5316880358336133,1.618,2,False
810,2.7461261261261263,3.910930930930931,3.5308708708708707,1.62,2,False
811,2.762772944019768,3.910478904402247,3.530022197490703,1.622,2,False
812,2.779407067397205,3.9100100706606424,3.5291420908471536,1.624,2,False
813,2.7960276013790883,3.909524337882566,3.528230626094264,1.6260000000000001,2,False
814,2.812633651086072,3.909021614244471,3.527287878386081,1.6280000000000001,2,False
815,2.8292243216388067,3.9085018079228067,3.5263139228766454,1.6300000000000001,2,False
816,2.8457987181579454,3.907964827094025,3.5253088347200014,1.6320000000000001,2,True
817,2.862355945764138,3.907410579934577,3.5242726890701923,1.6340000000000001,2,False
818,2.8788951095780395,3.906838974620912,3.5232055610812623,1.6360000000000001,2,False
819,2.895415314720298,3.9062499193294804,3.522107525907251,1.6380000000000001,2,False
820,2.9119156663115704,3.905643322236736,3.520978658702207,1.6400000000000001,2,False
821,2.928395269472505,3.905019091519127,3.51981903462017,1.6420000000000001,2,False
822,2.944853229323753,3.904377135353105,3.5186287288151843,1.6440000000000001,2,False
823,2.9612886509859715,3.903717361915121,3.517407816441294,1.6460000000000001,2,False
824,2.977700639579807,3.903039679381625,3.5161563726525404,1.6480000000000001,2,False
825,2.9940883002259144,3.9023439959290696,3.5148744726029695,1.6500000000000001,2,False
826,3.010450738044946,3.9016302197339043,3.5135621914466233,1.6520000000000001,2,False
827,3.026787058157553,3.90089825897258,3.512219604337544,1.6540000000000001,2,False
828,3.0430963656843852,3.900148021821548,3.5108467864297768,1.6560000000000001,2,False
829,3.0593777657460994,3.8993794164572577,3.509443812877364,1.6580000000000001,2,False
830,3.0756303634633437,3.898592351056162,3.5080107588343505,1.6600000000000001,2,False
831,3.091853263956772,3.8977867337947107,3.506547699454777,1.6620000000000001,2,False
832,3.108045572347034,3.8969624728493546,3.5050547098926885,1.6640000000000001,2,False
833,3.124206393754784,3.8961194763965445,3.503531865302128,1.666,2,False
834,3.1403348333006735,3.895257652612731,3.5019792408371386,1.668,2,False
835,3.156429996105356,3.894376909674366,3.500396911651764,1.67,2,False
836,3.1724909872894798,3.8934771557578984,3.4987849529000483,1.672,2,False
837,3.1885169119737,3.8925582990397802,3.4971434397360324,1.674,2,False
838,3.204506875278669,3.8916202476964634,3.4954724473137624,1.676,2,False
839,3.220459982325035,3.8906629099043966,3.493772050787279,1.678,2,False
840,3.2363753382334544,3.8896861938400336,3.492042325310629,1.68,2,False
841,3.2522520481245762,3.8886900076798208,3.4902833460378515,1.682,2,True
842,3.2680892171190545,3.8876742596002125,3.488495188122993,1.684,2,False
843,3.2838859503375413,3.8866388577776583,3.4866779267200956,1.686,2,False
844,3.299641352900685,3.8855837103886093,3.4848316369832024,1.688,2,False
845,3.3153545299291416,3.884508725609516,3.482956394066358,1.69,2,False
846,3.3310245865435615,3.88341381161683,3.4810522731236038,1.692,2,False
847,3.346650627864595,3.8822988765870012,3.4791193493089847,1.694,2,False
848,3.3622317590128996,3.8811638286964807,3.4771576977765433,1.696,2,False
849,3.3777670851091206,3.88000857612172,3.475167393680324,1.698,2,False
850,3.3932557112739157,3.8788330270391693,3.473148512174369,1.7,2,False
851,3.4086967426279333,3.8776370896252796,3.471101128412722,1.702,2,False
852,3.424089284291827,3.876420672056501,3.469025317549425,1.704,2,False
853,3.439432441386248,3.8751836825092845,3.466921154738523,1.706,2,False
854,3.454725319031847,3.8739260291600814,3.464788715134059,1.708,2,False
855,3.4699670223492793,3.872647620185344,3.462628073890077,1.71,2,False
856,3.4851566564591963,3.8713483637615203,3.460439306160619,1.712,2,False
857,3.5002933264822467,3.870028168065062,3.4582224870997287,1.714,2,False
858,3.5153761375390853,3.8686869412724216,3.45597769186145,1.716,2,False
859,3.5304041947503646,3.867324591560048,3.4537049955998254,1.718,2,False
860,3.5453766032367344,3.865941027104393,3.4514044734688984,1.72,2,False
861,3.5602924681188495,3.8645361560819067,3.449076200622714,1.722,2,False
862,3.575150894517358,3.863109886669041,3.446720252215313,1.724,2,False
863,3.5899509875529154,3.8616621270422447,3.4443367034007397,1.726,2,False
864,3.604691852346173,3.860192785377971,3.4419256293330376,1.728,2,False
865,3.6193725940177806,3.858701769852669,3.4394871051662492,1.73,2,False
866,3.633992317688392,3.85718898864279,3.437021206054419,1.732,2,True
867,3.648550128478662,3.8556543499247873,3.434528007151591,1.734,2,False
868,3.6630451315092363,3.8540977618751064,3.432007583611807,1.736,2,False
869,3.6774764319007724,3.852519132670203,3.4294600105891107,1.738,2,False
870,3.69184313477392,3.8509183704865255,3.4268853632375453,1.74,2,False
871,3.7061443452493323,3.8492953835005266,3.4242837167111553,1.742,2,False
872,3.720379168447659,3.847650079888655,3.421655146163982,1.744,2,False
873,3.734546709489552,3.8459823678273612,3.4189997267500702,1.746,2,False
874,3.7486460734956673,3.8442921554930978,3.416317533623462,1.748,2,False
875,3.762676365586653,3.842579351062315,3.413608641938202,1.75,2,False
876,3.776636690883163,3.8408438627114645,3.410873126848334,1.752,2,False
877,3.7905261545058493,3.839085598616996,3.4081110635079,1.754,2,False
878,3.804343861575363,3.8373044669553598,3.4053225270709433,1.756,2,False
879,3.818088917212356,3.835500375903008,3.402507592691508,1.758,2,False
880,3.8317604265374823,3.8336732336363912,3.399666335523637,1.76,2,False
881,3.845357494671392,3.831822948331959,3.396798830721374,1.762,2,False
882,3.8588792267347363,3.8299494281661643,3.393905153438762,1.764,2,False
883,3.8723247278481687,3.8280525813154562,3.3909853788298436,1.766,2,False
884,3.885693103132341,3.826132315956285,3.3880395820486635,1.768,2,False
885,3.8989834577079066,3.8241885402651037,3.3850678382492636,1.77,2,False
886,3.912194896695515,3.822221162418362,3.3820702225856887,1.772,2,False
887,3.92532652521582,3.8202300905925113,3.379046810211982,1.774,2,False
888,3.938377448389471,3.8182152329640013,3.3759976762821857,1.776,2,False
889,3.9513467713371226,3.8161764977092836,3.3729228959503437,1.778,2,False
890,3.964233599179428,3.8141137930048084,3.3698225443705,1.78,2,False
891,3.9770370370370367,3.8120270270270273,3.3666966966966974,1.782,2,True
892,3.9897561900306004,3.809916107952391,3.363545428082978,1.784,2,False
893,4.002390163280772,3.807780943957349,3.3603688136833862,1.786,2,False
894,4.014938061908204,3.8056214432183544,3.3571669286519663,1.788,2,False
895,4.02739899103355,3.803437513911857,3.353939848142761,1.79,2,False
896,4.039772055777457,3.8012290642143065,3.3506876473098126,1.792,2,False
897,4.052056361260581,3.7989960023021547,3.3474104013071653,1.794,2,False
898,4.064251012603574,3.796738236351853,3.344108185288862,1.796,2,False
899,4.076355114927085,3.7944556745398517,3.340781074408947,1.798,2,False
900,4.088367773351769,3.792148225042601,3.3374291438214625,1.8,2,False
901,4.100288092998278,3.789815796036553,3.3340524686804525,1.802,2,False
902,4.112115178987262,3.7874582956981575,3.3306511241399597,1.804,2,False
903,4.123848136439373,3.785075632203865,3.327225185354028,1.806,2,False
904,4.135486070475265,3.782667713730127,3.3237747274767,1.808,2,False
905,4.147028086215591,3.780234448453395,3.32029982566202,1.81,2,False
906,4.158473288780998,3.7777757445501186,3.316800555064031,1.812,2,False
907,4.169820783292143,3.7752915101967486,3.3132769908367763,1.814,2,False
908,4.181069674869676,3.7727816535697376,3.3097292081342995,1.816,2,False
909,4.192219068634249,3.7702460828455346,3.306157282110643,1.818,2,False
910,4.203268069706514,3.767684706200591,3.302561287919851,1.82,2,False
911,4.2142157832071225,3.765097431811357,3.2989413007159665,1.822,2,False
912,4.2250613142567275,3.762484167854284,3.2952973956530323,1.824,2,False
913,4.23580376797598,3.759844822505823,3.291629647885093,1.826,2,False
914,4.2464422494855345,3.7571793039424253,3.287938132566191,1.828,2,False
915,4.25697586390604,3.7544875203405406,3.28422292485037,1.83,2,False
916,4.26740371635815,3.751769379876621,3.280484099891673,1.832,2,True
917,4.277724911962515,3.7490247907271153,3.276721732844143,1.834,2,False
918,4.28793855583979,3.746253661068476,3.272935898861825,1.836,2,False
919,4.298043753110624,3.743455899077153,3.26912667309876,1.838,2,False
920,4.308039608895672,3.7406314129295986,3.2652941307089933,1.84,2,False
921,4.317925228315581,3.737780110802262,3.2614383468465666,1.842,2,False
922,4.32769971649101,3.7349019008715953,3.257559396665526,1.844,2,False
923,4.3373621785426035,3.7319966913140474,3.253657355319911,1.846,2,False
924,4.34691171959102,3.7290643903060707,3.2497322979637664,1.848,2,False
925,4.356347444756906,3.7261049060241165,3.245784299751137,1.85,2,False
926,4.3656684591609185,3.7231181466446337,3.2418134358360646,1.852,2,False
927,4.374873867923709,3.7201040203440754,3.2378197813725933,1.854,2,False
928,4.383962776165924,3.717062435298891,3.2338034115147662,1.856,2,False
929,4.392934289008221,3.7139932996855305,3.229764401416626,1.858,2,False
930,4.40178751157125,3.7108965216804477,3.2257028262322174,1.86,2,False
931,4.410521548975663,3.70777200946009,3.2216187611155815,1.862,2,False
932,4.419135506342115,3.7046196712009096,3.2175122812207646,1.864,2,False
933,4.427628488791253,3.701439415079359,3.213383461701808,1.866,2,False
934,4.43599960144373,3.698231149271886,3.209232377712755,1.868,2,False
935,4.444247949420201,3.6949947819549434,3.205059104407649,1.87,2,False
936,4.452372637841316,3.691730221304981,3.200863716940535,1.872,2,False
937,4.4603727718277275,3.688437375498451,3.196646290465454,1.874,2,False
938,4.468247456500087,3.685116152711803,3.192406900136451,1.8760000000000001,2,False
939,4.475995796979047,3.681766461121488,3.1881456211075676,1.8780000000000001,2,False
940,4.48361689838526,3.678388208903957,3.183862528532849,1.8800000000000001,2,False
941,4.491109865839378,3.674981304235662,3.1795576975663384,1.8820000000000001,2,True
942,4.498473804462051,3.6715456552930523,3.175231203362078,1.8840000000000001,2,False
943,4.505707819373933,3.668081170252578,3.1708831210741115,1.8860000000000001,2,False
944,4.512811015695676,3.6645877572906915,3.166513525856482,1.8880000000000001,2,False
945,4.51978249854793,3.6610653245838436,3.162122492863233,1.8900000000000001,2,False
946,4.526621373051349,3.657513780308484,3.157710097248409,1.8920000000000001,2,False
947,4.533326744326586,3.653933032641064,3.153276414166052,1.8940000000000001,2,False
948,4.539897717494289,3.6503229897580347,3.1488215187702058,1.8960000000000001,2,False
949,4.546333397675114,3.6466835598358474,3.1443454862149127,1.8980000000000001,2,False
950,4.552632889989712,3.6430146510509527,3.1398483916542177,1.9000000000000001,2,False
951,4.558795299558732,3.6393161715798006,3.1353303102421632,1.9020000000000001,2,False
952,4.564819731502831,3.6355880295988414,3.130791317132792,1.9040000000000001,2,False
953,4.570705290942658,3.631830133284528,3.1262314874801493,1.9060000000000001,2,False
954,4.576451082998866,3.628042390813311,3.1216508964382768,1.9080000000000001,2,False
955,4.5820562127921045,3.6242247103616383,3.1170496191612176,1.9100000000000001,2,False
956,4.587519785443029,3.620377000105963,3.112427730803016,1.9120000000000001,2,False
957,4.592840906072291,3.6164991682227368,3.1077853065177155,1.9140000000000001,2,False
958,4.598018679800539,3.612591122888409,3.103122421459358,1.9160000000000001,2,False
959,4.6030522117484285,3.6086527722794304,3.0984391507819877,1.9180000000000001,2,False
960,4.607940607036611,3.6046840245722533,3.09373556963965,1.92,2,False
961,4.612682970785739,3.6006847879433272,3.089011753186385,1.922,2,False
962,4.617278408116461,3.596654970569102,3.0842677765762363,1.924,2,False
963,4.621726024149435,3.592594480626031,3.079503714963249,1.926,2,False
964,4.626024924005307,3.5885032262905634,3.0747196435014654,1.928,2,False
965,4.630174212804731,3.5843811157391494,3.069915637344929,1.93,2,False
966,4.634172995668363,3.5802280571482425,3.0650917716476833,1.932,2,True
967,4.63802037771685,3.5760439586942905,3.0602481215637716,1.934,2,False
968,4.6417154640708445,3.571828728553746,3.055384762247236,1.936,2,False
969,4.645257359851001,3.5675822749030592,3.0505017688521217,1.938,2,False
970,4.648645170177971,3.5633045059186825,3.0455992165324726,1.94,2,False
971,4.651878000172405,3.5589953297770633,3.0406771804423283,1.942,2,False
972,4.654954954954954,3.554654654654655,3.035735735735736,1.944,2,False
973,4.657875400161454,3.5502824302886595,3.03077497853076,1.946,2,False
974,4.6606397434884625,3.545878772659281,3.025795088801557,1.948,2,False
975,4.663248653147718,3.5414438393074787,3.020796267486305,1.95,2,False
976,4.6657027973509635,3.536977787774208,3.0157787155231848,1.952,2,False
977,4.668002844309935,3.5324807756004266,3.0107426338503736,1.954,2,False
978,4.670149462236374,3.527952960327091,3.005688223406052,1.956,2,False
979,4.672143319342017,3.5233944994951583,3.000615685128397,1.958,2,False
980,4.673985083838607,3.518805550645586,2.99552521995559,1.96,2,False
981,4.675675423937884,3.5141862713193315,2.9904170288258087,1.962,2,False
982,4.677215007851585,3.5095368190573493,2.9852913126772314,1.964,2,False
983,4.678604503791451,3.504857351400599,2.9801482724480386,1.966,2,False
984,4.679844579969222,3.500148025890037,2.9749881090764094,1.968,2,False
985,4.6809359045966366,3.4954090000666205,2.9698110235005215,1.97,2,False
986,4.681879145885434,3.490640431471304,2.964617216658553,1.972,2,False
987,4.682674972047358,3.485842477645049,2.959406889488686,1.974,2,False
988,4.683324051294142,3.481015296128809,2.954180242929098,1.976,2,False
989,4.68382705183753,3.4761590444635413,2.9489374779179673,1.978,2,False
990,4.684184641889259,3.4712738801902043,2.9436787953934735,1.98,2,False
991,4.6843974896610705,3.466359960849754,2.938404396293796,1.982,2,True
992,4.684466263364706,3.461417443983148,2.9331144815571126,1.984,2,False
993,4.6843916312119,3.4564464871313425,2.927809252121604,1.986,2,False
994,4.684174261414393,3.4514472478352953,2.922488908925447,1.988,2,False
995,4.683814822183929,3.4464198836359636,2.9171536529068223,1.99,2,False
996,4.683313981732245,3.4413645520743024,2.9118036850039095,1.992,2,False
997,4.68267240827108,3.4362814106912714,2.9064392061548854,1.994,2,False
998,4.681890770012174,3.431170617027825,2.9010604172979306,1.996,2,False
999,4.680969735167266,3.426032328624922,2.8956675193712234,1.998,2,False
1000,4.679909971948097,3.4208667030235187,2.8902607133129434,2.0,2,False
1001,4.6787121485664045,3.415673897764571,2.884840200061268,2.0020000000000002,2,False
1002,4.6773769332339326,3.41045407038904,2.87940618055438,2.004,2,False
1003,4.675904994162418,3.4052073784378782,2.8739588557304536,2.0060000000000002,2,False
1004,4.674296999563598,3.3999339794520456,2.8684984265276725,2.008,2,False
1005,4.672553617649215,3.3946340309724956,2.8630250938842106,2.0100000000000002,2,False
1006,4.670675516631009,3.389307690540189,2.8575390587382516,2.012,2,False
1007,4.668663364720719,3.38395511569608,2.8520405220279708,2.0140000000000002,2,False
1008,4.666517830130084,3.378576463981128,2.8465296846915504,2.016,2,False
1009,4.664239581070843,3.3731718929362877,2.841006747667167,2.0180000000000002,2,False
1010,4.661829285754739,3.3677415601025196,2.835471911893002,2.02,2,False
1011,4.659287612393507,3.362285623020775,2.829925378307231,2.0220000000000002,2,False
1012,4.65661522919889,3.3568042392320163,2.824367347848036,2.024,2,False
1013,4.653812804382626,3.351297566277197,2.8187980214535937,2.0260000000000002,2,False
1014,4.650881006156456,3.345765761697277,2.8132176000620857,2.028,2,False
1015,4.647820502732116,3.3402089830332096,2.807626284611688,2.0300000000000002,2,False
1016,4.644631962321352,3.3346273878259565,2.802024276040583,2.032,2,True
1017,4.641316053135897,3.3290211336164695,2.796411775286946,2.0340000000000003,2,False
1018,4.6378734433874955,3.32339037794571,2.79078898328896,2.036,2,False
1019,4.634304801287885,3.317735278354632,2.7851561009848007,2.0380000000000003,2,False
1020,4.630610795048803,3.312055992384195,2.7795133293126493,2.04,2,False
1021,4.626792092881993,3.3063526775753527,2.7738608692106816,2.0420000000000003,2,False
1022,4.622849362999195,3.300625491469066,2.7681989216170817,2.044,2,False
1023,4.618783273612142,3.294874591606288,2.762527687470023,2.0460000000000003,2,False
1024,4.614594492932584,3.2891001355279803,2.7568473677076897,2.048,2,False
1025,4.610283689172253,3.2833022807750964,2.7511581632682574,2.05,2,False
1026,4.605851530542888,3.2774811848885927,2.7454602750899055,2.052,2,False
1027,4.601298685256235,3.2716370054094295,2.7397539041108145,2.054,2,False
1028,4.596625821524025,3.2657698998785603,2.7340392512691607,2.056,2,False
1029,4.591833607558005,3.2598800258369436,2.7283165175031256,2.058,2,False
1030,4.586922711569912,3.2539675408255366,2.722585903750887,2.06,2,False
1031,4.5818938017714865,3.2480326023852975,2.716847610950626,2.062,2,False
1032,4.576747546374465,3.2420753680571797,2.711101840040518,2.064,2,False
1033,4.571484613590592,3.2360959953821444,2.705348791958746,2.066,2,False
1034,4.566105671631605,3.2300946419011463,2.6995886676434853,2.068,2,False
1035,4.56061138870924,3.2240714651551423,2.6938216680329172,2.07,2,False
1036,4.555002433035241,3.2180266226850898,2.6880479940652195,2.072,2,False
1037,4.549279472821347,3.2119602720319467,2.682267846678573,2.074,2,False
1038,4.543443176279296,3.205872570736667,2.6764814268111534,2.076,2,False
1039,4.537494211620829,3.1997636763402117,2.6706889354011434,2.078,2,False
1040,4.531433247057684,3.193633746383535,2.664890573386719,2.08,2,False
1041,4.525260950801604,3.187482938407596,2.6590865417060616,2.082,2,True
1042,4.518977991064324,3.181311409953348,2.6532770412973488,2.084,2,False
1043,4.5125850360575885,3.1751193185617526,2.64746227309876,2.086,2,False
1044,4.506082753993133,3.1689068217737635,2.6416424380484744,2.088,2,False
1045,4.4994718130827,3.162674077130339,2.6358177370846705,2.09,2,False
1046,4.492752881538028,3.1564212421724362,2.6299883711455267,2.092,2,False
1047,4.485926627570856,3.1501484744410115,2.6241545411692244,2.094,2,False
1048,4.478993719392921,3.1438559314770225,2.6183164480939403,2.096,2,False
1049,4.471954825215971,3.137543770821426,2.612474292857854,2.098,2,False
1050,4.464810613251738,3.131212150015178,2.606628276399145,2.1,2,False
1051,4.457561751711966,3.1248612265992386,2.6007785996559925,2.102,2,False
1052,4.4502089088083885,3.1184911581145593,2.5949254635665735,2.104,2,False
1053,4.442752752752753,3.1121021021021034,2.5890690690690694,2.106,2,False
1054,4.435193951756793,3.1056942161028225,2.583209617101658,2.108,2,False
1055,4.427533174032252,3.0992676576576774,2.5773473086025187,2.11,2,False
1056,4.419771087790868,3.092822584307623,2.571482344509831,2.112,2,False
1057,4.411908361244381,3.0863591535936163,2.5656149257617726,2.114,2,False
1058,4.403945662604529,3.079877523056616,2.5597452532965232,2.116,2,False
1059,4.395883660083055,3.073377850237578,2.5538735280522618,2.118,2,False
1060,4.387723021891694,3.066860292677458,2.5479999509671667,2.12,2,False
1061,4.379464416242189,3.0603250079172155,2.542124722979419,2.122,2,False
1062,4.37110851134628,3.053772153497806,2.536248045027195,2.124,2,False
1063,4.362655975415705,3.047201886960187,2.5303701180486757,2.126,2,False
1064,4.354107476662204,3.0406143658453133,2.524491142982039,2.128,2,False
1065,4.345463683297518,3.0340097476941468,2.5186113207654652,2.13,2,False
1066,4.336725263533382,3.0273881900476396,2.5127308523371306,2.132,2,True
1067,4.327892885581542,3.0207498504467507,2.5068499386352174,2.134,2,False
1068,4.3189672176537295,3.0140948864324364,2.500968780597902,2.136,2,False
1069,4.309948927961697,3.0074234555456565,2.495087579163367,2.138,2,False
1070,4.300838684717169,3.000735715327363,2.4892065352697856,2.14,2,False
1071,4.291637156131898,2.9940318233185184,2.4833258498553428,2.142,2,False
1072,4.2823450104176155,2.987311937060076,2.477445723858214,2.144,2,False
1073,4.272962915786064,2.980576214092993,2.47156635821658,2.146,2,False
1074,4.263491540448981,2.9738248119582265,2.465687953868618,2.148,2,False
1075,4.253931552618112,2.967057888196736,2.4598107117525085,2.15,2,False
1076,4.244283620505188,2.9602756003494752,2.4539348328064285,2.152,2,False
1077,4.234548412321956,2.953478105957404,2.4480605179685613,2.154,2,False
1078,4.224726596280151,2.9466655625614755,2.4421879681770804,2.156,2,False
1079,4.214818840591518,2.9398381277026515,2.4363173843701698,2.158,2,False
1080,4.204825813467788,2.9329959589218846,2.430448967486005,2.16,2,False
1081,4.1947481831207085,2.9261392137601367,2.4245829184627667,2.162,2,False
1082,4.184586617762015,2.919268049758358,2.4187194382386323,2.164,2,False
1083,4.17434178560345,2.9123826244575124,2.4128587277517837,2.166,2,False
1084,4.16401435485675,2.905483095398552,2.407000987940396,2.168,2,False
1085,4.153604993733657,2.8985696201224362,2.4011464197426524,2.17,2,False
1086,4.143114370445908,2.891642356170121,2.3952952240967273,2.172,2,False
1087,4.132543153205246,2.8847014610825648,2.389447601940805,2.174,2,False
1088,4.12189201022341,2.8777470924007233,2.3836037542130604,2.176,2,False
1089,4.111161609712136,2.8707794076655544,2.377763881851674,2.178,2,False
1090,4.100352619883166,2.8637985644180124,2.371928185794824,2.18,2,False
1091,4.089465708948241,2.8568047201990585,2.366096866980691,2.182,2,True
1092,4.0785015451190985,2.849798032549646,2.360270126347452,2.184,2,False
1093,4.067460796607481,2.8427786590107345,2.3544481648332876,2.186,2,False
1094,4.056344131625124,2.8357467571232786,2.3486311833763764,2.188,2,False
1095,4.045152218383772,2.8287024844282387,2.3428193829148976,2.19,2,False
1096,4.03388572509516,2.8216459984665674,2.3370129643870285,2.192,2,False
1097,4.02254531997103,2.814577456779226,2.3312121287309506,2.194,2,False
1098,4.01113167122312,2.807497016907168,2.3254170768848414,2.196,2,False
1099,3.999645447063173,2.800404836391353,2.3196280097868804,2.198,2,False
1100,3.9880873157029235,2.7933010727727354,2.3138451283752457,2.2,2,False
1101,3.976457945354116,2.7861858835922755,2.3080686335881184,2.202,2,False
1102,3.964758004228488,2.779059426390927,2.3022987263636745,2.204,2,False
1103,3.95298816053778,2.77192185870965,2.296535607640096,2.206,2,False
1104,3.9411490824937276,2.764773338089397,2.290779478355559,2.208,2,False
1105,3.929241438308077,2.757614022071131,2.285030539448246,2.21,2,False
1106,3.917265896192563,2.750444068195804,2.2792889918563324,2.212,2,False
1107,3.9052231243589266,2.743263634004375,2.273555036518,2.214,2,False
1108,3.8931137910189064,2.7360728770378,2.267828874371425,2.216,2,False
1109,3.880938564384247,2.7288719548370395,2.2621107063547905,2.218,2,False
1110,3.86869811266668,2.7216610249430446,2.256400733406271,2.22,2,False
1111,3.856393104077952,2.714440244896778,2.2506991564640497,2.222,2,False
1112,3.844024206829798,2.707209772239193,2.245006176466301,2.224,2,False
1113,3.8315920891339625,2.699969764511247,2.239321994351208,2.226,2,False
1114,3.8190974192021776,2.6927203792538985,2.233646811056947,2.228,2,False
1115,3.80654086524619,2.685461774008105,2.227980827521699,2.23,2,False
1116,3.7939230954777345,2.6781941063148187,2.2223242446836404,2.232,2,True
1117,3.7812447781085567,2.6709175337150035,2.216677263480954,2.234,2,False
1118,3.76850658135039,2.6636322137496116,2.211040084851816,2.236,2,False
1119,3.755709173414977,2.6563383039596027,2.2054129097344055,2.238,2,False
1120,3.742853222514055,2.6490359618859296,2.199795939066902,2.24,2,False
1121,3.72993939685937,2.6417253450695553,2.1941893737874856,2.242,2,False
1122,3.7169683646626503,2.634406611051431,2.1885934148343327,2.244,2,False
1123,3.703940794135648,2.6270799173725186,2.183008263145626,2.246,2,False
1124,3.6908573534900935,2.619745421573771,2.177434119659541,2.248,2,False
1125,3.677718710937733,2.6124032811961486,2.1718711853142585,2.25,2,False
1126,3.664525534690299,2.6050536537806055,2.1663196610479565,2.2520000000000002,2,False
1127,3.65127849295954,2.5976966968681015,2.160779747798815,2.254,2,False
1128,3.6379782539571863,2.5903325679995906,2.1552516465050124,2.2560000000000002,2,False
1129,3.6246254858949847,2.582961424716032,2.149735558104729,2.258,2,False
1130,3.6112208569846684,2.575583424558381,2.14423168353614,2.2600000000000002,2,False
1131,3.5977650354379844,2.568198725067597,2.1387402237374302,2.262,2,False
1132,3.5842586894666666,2.5608074837846346,2.133261379646773,2.2640000000000002,2,False
1133,3.5707024872824586,2.5534098582504523,2.1277953522023516,2.266,2,False
1134,3.5570970970970963,2.546006006006006,2.1223423423423426,2.2680000000000002,2,False
1135,3.5434431871223224,2.538596084592254,2.1169025510049257,2.27,2,False
1136,3.5297414255698736,2.5311802515501514,2.1114761791282795,2.2720000000000002,2,False
1137,3.5159924806514926,2.523758664420657,2.1060634276505845,2.274,2,False
1138,3.5021970205789152,2.5163314807447263,2.100664497510017,2.2760000000000002,2,False
1139,3.4883557135638874,2.50889885806332,2.0952795896447602,2.278,2,False
1140,3.4744692278181404,2.5014609539173875,2.0899089049929875,2.2800000000000002,2,False
1141,3.460538231553423,2.494017925847895,2.0845526444928835,2.282,2,True
1142,3.4465633929814636,2.4865699313957905,2.079211009082622,2.2840000000000003,2,False
1143,3.432545380314013,2.479117128102039,2.0738841997003865,2.286,2,False
1144,3.418484861762804,2.4716596735075926,2.0685724172843534,2.2880000000000003,2,False
1145,3.404382505539581,2.46419772515341,2.063275862772703,2.29,2,False
1146,3.3902389798560764,2.456731440580447,2.0579947371036127,2.2920000000000003,2,False
1147,3.3760549529240387,2.4492609773296623,2.0527292412152636,2.294,2,False
1148,3.3618310929551996,2.441786492942011,2.0474795760458324,2.2960000000000003,2,False
1149,3.347568068161304,2.434308144958453,2.042245942533501,2.298,2,False
1150,3.3332665467540883,2.4268260909199415,2.037028541616445,2.3000000000000003,2,False
1151,3.318927196945296,2.419340488367436,2.0318275742328464,2.302,2,False
1152,3.304550686946661,2.4118514948418923,2.0266432413208815,2.3040000000000003,2,False
1153,3.29013768496993,2.404359267884269,2.021475743818732,2.306,2,False
1154,3.2756888592268387,2.3968639650355223,2.0163252826645763,2.308,2,False
1155,3.261204877929124,2.389365743836607,2.011192058796591,2.31,2,False
1156,3.246686409288531,2.3818647618284845,2.0060762731529582,2.312,2,False
1157,3.232134121516793,2.374361176552107,2.0009781266718543,2.314,2,False
1158,3.2175486828256585,2.3668551455484357,1.9958978202914608,2.316,2,False
1159,3.2029307614268574,2.359346826358424,1.9908355549499541,2.318,2,False
1160,3.188281025532136,2.3518363765230315,1.985791531585515,2.32,2,False
1161,3.1736001433532306,2.344323953583214,1.980765951136322,2.322,2,False
1162,3.158888783101883,2.3368097150799287,1.9757590145405544,2.324,2,False
1163,3.1441476129898303,2.3292938185541328,1.9707709227363908,2.326,2,False
1164,3.129377301228816,2.321776421546783,1.965801876662011,2.328,2,False
1165,3.1145785160305746,2.314257681598836,1.9608520772555922,2.33,2,False
1166,3.099751925606852,2.30673775625125,1.9559217254553156,2.332,2,True
1167,3.0848981981693786,2.2992168030449798,1.9510110221993575,2.334,2,False
1168,3.070018001929907,2.291694979520986,1.9461201684259004,2.336,2,False
1169,3.0551120051001632,2.2841724432202213,1.9412493650731204,2.338,2,False
1170,3.0401808758918984,2.2766493516836466,1.9363988130791983,2.34,2,False
1171,3.025225282516841,2.2691258624522153,1.931568713382311,2.342,2,False
1172,3.0102458931867413,2.261602133066887,1.9267592669206401,2.344,2,False
1173,2.9952433761133315,2.2540783210686177,1.9219706746323626,2.346,2,False
1174,2.980218399508357,2.246554583998366,1.9172031374556593,2.348,2,False
1175,2.965171631583551,2.2390310793970842,1.912456856328707,2.35,2,False
1176,2.95010374055066,2.2315079648057354,1.9077320321896871,2.352,2,False
1177,2.935015394621415,2.223985397765272,1.9030288659767758,2.354,2,False
1178,2.919907262007565,2.216463535816654,1.898347558628155,2.356,2,False
1179,2.9047800109208435,2.208942536500836,1.8936883110820015,2.358,2,False
1180,2.8896343095729935,2.2014225573587773,1.8890513242764961,2.36,2,False
1181,2.8744708261757506,2.1939037559314323,1.8844367991498157,2.362,2,False
1182,2.8592902289408597,2.18638628975976,1.8798449366401413,2.364,2,False
1183,2.844093186080055,2.178870316384716,1.8752759376856505,2.366,2,False
1184,2.8288803658050803,2.1713559933472593,1.8707300032245235,2.368,2,False
1185,2.8136524363276725,2.163843478188345,1.8662073341949381,2.37,2,False
1186,2.798410065859574,2.156332928448931,1.8617081315350743,2.372,2,False
1187,2.7831539226125193,2.1488245016699734,1.85723259618311,2.374,2,False
1188,2.767884674798257,2.1413183553924307,1.8527809290772261,2.376,2,False
1189,2.752602990628516,2.133814647157257,1.848353331155599,2.378,2,False
1190,2.7373095383150456,2.1263135345054143,1.8439500033564105,2.38,2,False
1191,2.722004986069576,2.1188151749778537,1.839571146617837,2.382,2,True
1192,2.7066900021038567,2.1113197261155374,1.8352169618780596,2.384,2,False
1193,2.691365254629618,2.1038273454594174,1.8308876500752551,2.386,2,False
1194,2.6760314118586077,2.096338190550456,1.8265834121476052,2.388,2,False
1195,2.6606891420025587,2.088852418929605,1.8223044490332865,2.39,2,False
1196,2.6453391132732165,2.081370188137827,1.81805096167048,2.392,2,False
1197,2.6299819938823132,2.0738916557160727,1.8138231509973624,2.394,2,False
1198,2.614618452041599,2.066416979205305,1.8096212179521154,2.396,2,False
1199,2.599249155962802,2.058946316146476,1.8054453634729153,2.398,2,False
1200,2.5838747738576706,2.051479824080546,1.801295788497943,2.4,2,False
1201,2.568495973937939,2.0440176605484703,1.797172693965377,2.402,2,False
1202,2.553113424415353,2.036559983091208,1.7930762808133962,2.404,2,False
1203,2.5377277935016416,2.0291069492497122,1.789006749980179,2.406,2,False
1204,2.5223397494085567,2.0216587165649447,1.7849643024039064,2.408,2,False
1205,2.5069499603478285,2.014215442577858,1.7809491390227545,2.41,2,False
1206,2.4915590945312047,2.006777284829412,1.7769614607749045,2.412,2,False
1207,2.4761678201704145,1.9993444008605612,1.7730014685985338,2.414,2,False
1208,2.460776805477209,1.9919169482122674,1.7690693634318242,2.416,2,False
1209,2.4453867186633196,1.9844950844254812,1.7651653462129513,2.418,2,False
1210,2.429998227940491,1.9770789670411653,1.7612896178800963,2.42,2,False
1211,2.414612001520456,1.969668753600272,1.7574423793714364,2.422,2,False
1212,2.3992287076149648,1.962264601643763,1.7536238316251533,2.424,2,False
1213,2.383849014435746,1.9548666687125895,1.7498341755794231,2.426,2,False
1214,2.368473590194548,1.9474751123477148,1.7460736121724274,2.428,2,False
1215,2.3531031031031033,1.9400900900900906,1.7423423423423428,2.43,2,False
1216,2.3377382213731583,1.9327117594806777,1.7386405670273504,2.432,2,True
1217,2.3223796132164445,1.9253402780604298,1.734968487165627,2.434,2,False
1218,2.307027946844711,1.9179758033703074,1.7313263036953535,2.436,2,False
1219,2.291683890469688,1.910618492951264,1.7277142175547082,2.438,2,False
1220,2.2763481123031237,1.90326850434426,1.7241324296818705,2.44,2,False
1221,2.2610212805567507,1.8959259950902492,1.7205811410150185,2.442,2,False
1222,2.2457040634423153,1.888591122730191,1.717060552492332,2.444,2,False
1223,2.2303971291715494,1.88126404480504,1.7135708650519892,2.446,2,False
1224,2.2151011459562002,1.8739449188557562,1.7101122796321704,2.448,2,False
1225,2.199816782008001,1.866633902423294,1.7066849971710532,2.45,2,False
1226,2.184544705538696,1.859331153048613,1.7032892186068183,2.452,2,False
1227,2.169285584760021,1.8520368282726662,1.6999251448776422,2.454,2,False
1228,2.154040087883721,1.8447510856364153,1.6965929769217063,2.456,2,False
1229,2.138808883121529,1.8374740826808131,1.6932929156771879,2.458,2,False
1230,2.12359263868519,1.8302059769468202,1.6900251620822677,2.46,2,False
1231,2.1083920227864383,1.8229469259753899,1.686789917075123,2.462,2,False
1232,2.093207703637022,1.8156970873074834,1.6835873815939342,2.464,2,False
1233,2.078040349448671,1.8084566184840534,1.680417756576879,2.466,2,False
1234,2.062890628433133,1.8012256770460608,1.6772812429621378,2.468,2,False
1235,2.0477592088021392,1.7940044205344587,1.6741780416878878,2.47,2,False
1236,2.0326467587674393,1.7867930064902082,1.6711083536923101,2.472,2,False
1237,2.0175539465407635,1.779591592454262,1.6680723799135821,2.474,2,False
1238,2.002481440333859,1.7724003359675815,1.6650703212898834,2.476,2,False
1239,1.9874299083584586,1.7652193945711199,1.6621023787593927,2.478,2,False
1240,1.972400018826308,1.7580489258058363,1.6591687532602897,2.48,2,False
1241,1.9573924399491422,1.7508890872126865,1.6562696457307524,2.482,2,True
1242,1.9424078399387055,1.7437400363326296,1.6534052571089615,2.484,2,False
1243,1.927446887006731,1.7366019307066196,1.650575788333094,2.486,2,False
1244,1.9125102493649655,1.7294749278756167,1.6477814403413298,2.488,2,False
1245,1.8975985952251422,1.7223591853805749,1.645022414071848,2.49,2,False
1246,1.8827125927990076,1.7152548607624536,1.6422989104628276,2.492,2,False
1247,1.8678529102982933,1.708162111562207,1.6396111304524472,2.494,2,False
1248,1.8530202159347462,1.7010810953207955,1.6369592749788864,2.496,2,False
1249,1.8382151779200997,1.6940119695791729,1.6343435449803232,2.498,2,False
1250,1.8234384644660997,1.6869548918782988,1.6317641413949382,2.5,2,False
1251,1.8086907437844784,1.679910019759128,1.6292212651609086,2.5020000000000002,2,False
1252,1.7939726840869845,1.6728775107626204,1.6267151172164152,2.504,2,False
1253,1.7792849535853488,1.6658575224297287,1.6242458984996353,2.5060000000000002,2,False
1254,1.7646282204913186,1.6588502123014148,1.6218138099487494,2.508,2,False
1255,1.7500031530166267,1.6518557379186314,1.6194190525019352,2.5100000000000002,2,False
1256,1.735410419373018,1.6448742568223387,1.6170618270973725,2.512,2,False
1257,1.7208506877722276,1.6379059265534908,1.6147423346732401,2.5140000000000002,2,False
1258,1.706324626426,1.6309509046530477,1.6124607761677168,2.516,2,False
1259,1.6918329035460695,1.6240093486619631,1.610217352518982,2.5180000000000002,2,False
1260,1.6773761873441806,1.6170814161211973,1.6080122646652144,2.52,2,False
1261,1.6629551460320693,1.6101672645717047,1.605845713544593,2.5220000000000002,2,False
1262,1.6485704478214782,1.6032670515544443,1.603717900095297,2.524,2,False
1263,1.6342227609241444,1.5963809346103714,1.6016290252555052,2.5260000000000002,2,False
1264,1.6199127535518103,1.589509071280445,1.5995792899633974,2.528,2,False
1265,1.6056410939162107,1.582651619105619,1.597568895157151,2.5300000000000002,2,False
1266,1.5914084502290926,1.575808735626854,1.595598041774946,2.532,2,True
1267,1.5772154907021865,1.5689805783851032,1.5936669307549614,2.5340000000000003,2,False
1268,1.5630628835472404,1.5621673049213276,1.5917757630353766,2.536,2,False
1269,1.548951296975988,1.5553690727764802,1.5899247395543696,2.5380000000000003,2,False
1270,1.534881399200173,1.5485860394915218,1.5881140612501201,2.54,2,False
1271,1.5208538584315314,1.5418183626074056,1.5863439290608066,2.5420000000000003,2,False
1272,1.5068693428818083,1.535066199665093,1.5846145439246089,2.544,2,False
1273,1.4929285207627352,1.5283297082055363,1.5829261067797047,2.5460000000000003,2,False
1274,1.479032060286061,1.5216090457696967,1.5812788185642752,2.548,2,False
1275,1.4651806296635161,1.5149043698985276,1.579672880216497,2.5500000000000003,2,False
1276,1.4513748971068479,1.5082158381329887,1.5781084926745503,2.552,2,False
1277,1.4376155308277907,1.501543608014035,1.5765858568766138,2.5540000000000003,2,False
1278,1.4239031990380886,1.4948878370826253,1.575105173760867,2.556,2,False
1279,1.4102385699494755,1.4882486828797146,1.5736666442654883,2.5580000000000003,2,False
1280,1.3966223117736967,1.4816263029462617,1.5722704693286567,2.56,2,False
1281,1.3830550927224898,1.4750208548232235,1.570916849888552,2.562,2,False
1282,1.369537581007591,1.468432496051555,1.5696059868833516,2.564,2,False
1283,1.356070444840747,1.461861384172216,1.568338081251237,2.566,2,False
1284,1.342654352433689,1.4553076767261603,1.5671133339303847,2.568,2,False
1285,1.329289971998165,1.4487715312543483,1.565931945858975,2.57,2,False
1286,1.3159779717459068,1.4422531052977334,1.5647941179751865,2.572,2,False
1287,1.3027190198886605,1.4357525563972768,1.5637000512171986,2.574,2,False
1288,1.2895137846381612,1.4292700420939313,1.5626499465231896,2.576,2,False
1289,1.2763629342061529,1.4228057199286568,1.5616440048313396,2.578,2,False
1290,1.2632671368043698,1.4163597474424083,1.5606824270798263,2.58,2,False
1291,1.2502270606445565,1.4099322821761449,1.5597654142068298,2.582,2,True
1292,1.2372433739384485,1.4035234816708217,1.5588931671505284,2.584,2,False
1293,1.22431674489779,1.3971335034673973,1.5580658868491015,2.586,2,False
1294,1.211447841734315,1.390762505106826,1.5572837742407273,2.588,2,False
1295,1.1986373326597701,1.3844106441300685,1.556547030263586,2.59,2,False
1296,1.1858858858858858,1.3780780780780781,1.5558558558558562,2.592,2,False
1297,1.173194169624412,1.371764964491816,1.555210451955717,2.594,2,False
1298,1.16056285208708,1.365471460912235,1.5546110195013467,2.596,2,False
1299,1.1479926014856348,1.3591977248802949,1.5540577594309244,2.598,2,False
1300,1.1354840860318116,1.3529439139369506,1.5535508726826301,2.6,2,False
1301,1.1230379739373548,1.3467101856231614,1.5530905601946419,2.602,2,False
1302,1.1106549334139988,1.3404966974798818,1.5526770229051392,2.604,2,False
1303,1.0983356326734885,1.3343036070480712,1.5523104617523005,2.606,2,False
1304,1.0860807399275578,1.328131071868684,1.5519910776743058,2.608,2,False
1305,1.0738909233879532,1.3219792494826803,1.551719071609333,2.61,2,False
1306,1.0617668512664076,1.3158482974310133,1.5514946444955613,2.612,2,False
1307,1.0497091917746655,1.3097383732546444,1.5513179972711701,2.614,2,False
1308,1.037718613124464,1.303649634494527,1.551189330874339,2.616,2,False
1309,1.0257957835275429,1.2975822386916196,1.5511088462432454,2.618,2,False
1310,1.0139413711956418,1.2915363433868785,1.5510767443160696,2.62,2,False
1311,1.0021560443405029,1.2855121061212624,1.55109322603099,2.622,2,False
1312,0.9904404711738617,1.2795096844357259,1.5511584923261856,2.624,2,False
1313,0.9787953199074616,1.2735292358712282,1.5512727441398364,2.626,2,False
1314,0.9672212587530374,1.2675709179687238,1.5514361824101197,2.628,2,False
1315,0.9557189559223361,1.2616348882691726,1.5516490080752159,2.63,2,False
1316,0.944289079627089,1.255721304313529,1.551911422073303,2.632,2,True
1317,0.9329322980790427,1.249830323642752,1.552223625342561,2.634,2,False
1318,0.9216492794899309,1.2439621037977964,1.5525858188211683,2.636,2,False
1319,0.9104406920714986,1.2381168023196216,1.5529982034473033,2.638,2,False
1320,0.8993072040354817,1.2322945767491829,1.5534609801591466,2.64,2,False
1321,0.8882494835936228,1.226495584627439,1.553974349894876,2.642,2,False
1322,0.8772681989576571,1.220719983495344,1.5545385135926706,2.644,2,False
1323,0.8663640183393285,1.214967930893858,1.5551536721907095,2.646,2,False
1324,0.8555376099503742,1.2092395843639354,1.5558200266271724,2.648,2,False
1325,0.8447896420025366,1.2035351014465359,1.5565377778402372,2.65,2,False
1326,0.8341207827075503,1.1978546396826135,1.5573071267680834,2.652,2,False
1327,0.8235317002771612,1.1921983566131282,1.55812827434889,2.654,2,False
1328,0.813023062923103,1.1865664097790343,1.5590014215208363,2.656,2,False
1329,0.8025955388571198,1.1809589567212906,1.5599267692221006,2.658,2,False
1330,0.7922497962909483,1.1753761549808528,1.5609045183908625,2.66,2,False
1331,0.7819865034363308,1.1698181620986798,1.5619348699653008,2.662,2,False
1332,0.7718063285050029,1.164285135615726,1.5630180248835948,2.664,2,False
1333,0.7617099397087094,1.158777233072951,1.5641541840839226,2.666,2,False
1334,0.7516980052591846,1.153294612011309,1.5653435485044644,2.668,2,False
1335,0.7417711933681739,1.1478374299717602,1.566586319083398,2.67,2,False
1336,0.731930172247411,1.1424058444952583,1.5678826967589035,2.672,2,False
1337,0.7221756101086405,1.1370000131227636,1.5692328824691593,2.674,2,False
1338,0.7125081751635973,1.1316200933952298,1.5706370771523446,2.676,2,False
1339,0.702928535624026,1.1262662428536165,1.572095481746638,2.678,2,False
1340,0.6934373597016615,1.120938619038879,1.5736082971902192,2.68,2,False
1341,0.6840353156082479,1.1156373794919758,1.5751757244212665,2.682,2,True
1342,0.6747230715555206,1.1103626817538619,1.5767979643779595,2.684,2,False
1343,0.6655012957552233,1.1051146833654966,1.5784752179984767,2.686,2,False
1344,0.6563706564190911,1.0998935418678348,1.5802076862209975,2.688,2,False
1345,0.6473318217588687,1.0946994148018354,1.5819955699837007,2.69,2,False
1346,0.6383854599862906,1.0895324597084537,1.5838390702247658,2.692,2,False
1347,0.6295322393131006,1.084392834128648,1.5857383878823703,2.694,2,False
1348,0.6207728279510342,1.0792806956033734,1.5876937238946949,2.696,2,False
1349,0.6121078941118373,1.0741962016735895,1.5897052791999178,2.698,2,False
1350,0.6035381060072422,1.0691395098802512,1.5917732547362182,2.7,2,False
1351,0.5950641318489943,1.0641107777643168,1.593897851441775,2.702,2,False
1352,0.5866866398488289,1.059110162866742,1.596079270254767,2.704,2,False
1353,0.5784062982184897,1.0541378227284857,1.5983177121133734,2.706,2,False
1354,0.5702237751697122,1.0491939148905025,1.6006133779557739,2.708,2,False
1355,0.5621397389142397,1.0442785968937518,1.6029664687201466,2.71,2,False
1356,0.5541548576638086,1.0393920262791885,1.6053771853446706,2.712,2,False
1357,0.5462697996301618,1.0345343605877713,1.6078457287675247,2.714,2,False
1358,0.5384852330250353,1.029705757360455,1.6103722999268888,2.716,2,False
1359,0.5308018260601723,1.0249063741381996,1.6129570997609408,2.718,2,False
1360,0.5232202469473092,1.0201363684619593,1.6156003292078611,2.72,2,False
1361,0.5157411638981889,1.0153958978726931,1.618302189205827,2.722,2,False
1362,0.5083652451245472,1.010685119911356,1.621062880693019,2.724,2,False
1363,0.5010931588381278,1.0060041921189073,1.6238826046076147,2.726,2,False
1364,0.493925573250667,1.0013532720363023,1.6267615618877946,2.728,2,False
1365,0.4868631565739069,0.9967325172044992,1.6296999534717367,2.73,2,False
1366,0.4799065770195846,0.9921420851644532,1.6326979802976207,2.732,2,True
1367,0.47305650279944256,0.9875821334571234,1.6357558433036241,2.734,2,False
1368,0.46631360212521644,0.9830528196234649,1.638873743427928,2.736,2,False
1369,0.4596785432086512,0.9785543012044364,1.6420518816087095,2.738,2,False
1370,0.45315199426148134,0.974086735740993,1.6452904587841486,2.74,2,False
1371,0.44673462349545057,0.9696502807740941,1.6485896758924246,2.742,2,False
1372,0.4404270991222954,0.9652450938446941,1.6519497338717164,2.744,2,False
1373,0.4342300893537575,0.9608713324937526,1.6553708336602022,2.746,2,False
1374,0.428144262401575,0.956529154262224,1.6588531761960614,2.748,2,False
1375,0.422170286477489,0.9522187166910674,1.662396962417473,2.75,2,False
1376,0.416308829793237,0.947940177321238,1.666002393262617,2.7520000000000002,2,False
1377,0.4105605605605618,0.9436936936936944,1.6696696696696698,2.754,2,False
1378,0.4049261469912,0.9394794233493923,1.6733989925768136,2.7560000000000002,2,False
1379,0.39940625729689283,0.9352975238292903,1.6771905629222248,2.758,2,False
1380,0.3940015596893782,0.9311481526743433,1.6810445816440847,2.7600000000000002,2,False
1381,0.388712722380399,0.92703146742551,1.6849612496805695,2.762,2,False
1382,0.38354041358169155,0.9229476256237461,1.6889407679698611,2.7640000000000002,2,False
1383,0.37848530150499804,0.9188967848100101,1.6929833374501364,2.766,2,False
1384,0.37354805436205507,0.9148791025252576,1.6970891590595762,2.7680000000000002,2,False
1385,0.36872934036460614,0.9108947363104466,1.7012584337363574,2.77,2,False
1386,0.36402982772438675,0.9069438437065328,1.7054913624186612,2.7720000000000002,2,False
1387,0.35945018465314016,0.903026582254475,1.709788146044664,2.774,2,False
1388,0.35499107936260343,0.899143109495228,1.7141489855525476,2.7760000000000002,2,False
1389,0.3506531800645176,0.895293582969751,1.7185740818804889,2.778,2,False
1390,0.34643715497062066,0.8914781602189992,1.723063635966668,2.7800000000000002,2,False
1391,0.3423436722926545,0.8876969987839312,1.7276178487492637,2.782,2,True
1392,0.3383734002423573,0.8839502562055022,1.732236921166455,2.7840000000000003,2,False
1393,0.334527007031469,0.8802380900246711,1.73692105415642,2.786,2,False
1394,0.33080516087172884,0.876560657782393,1.7416704486573396,2.7880000000000003,2,False
1395,0.3272085299748777,0.8729181170196267,1.7464853056073912,2.79,2,False
1396,0.32373778255265306,0.8693106252773276,1.7513658259447547,2.7920000000000003,2,False
1397,0.3203935868167971,0.865738340096454,1.7563122106076077,2.794,2,False
1398,0.3171766109790468,0.8622014190179617,1.7613246605341315,2.7960000000000003,2,False
1399,0.31408752325114375,0.8587000195828087,1.7664033766625025,2.798,2,False
1400,0.31112699184482673,0.855234299331951,1.7715485599309024,2.8000000000000003,2,False
1401,0.3082956849718361,0.8518044158063471,1.7767604112775073,2.802,2,False
1402,0.3055942708439101,0.8484105265469524,1.7820391316404995,2.8040000000000003,2,False
1403,0.30302341767278995,0.8450527890947246,1.7873849219580542,2.806,2,False
1404,0.30058379367021404,0.8417313609906205,1.7927979831683543,2.8080000000000003,2,False
1405,0.298276067047923,0.838446399775598,1.7982785162095756,2.81,2,False
1406,0.29610090601765515,0.8351980629906124,1.8038267220198994,2.8120000000000003,2,False
1407,0.2940589787911514,0.8319865081766222,1.8094428015375026,2.814,2,False
1408,0.29215095358014986,0.8288118928745838,1.8151269557005651,2.816,2,False
1409,0.2903774985963925,0.8256743746254536,1.820879385447268,2.818,2,False
1410,0.2887392820516168,0.8225741109701898,1.8267002917157869,2.82,2,False
1411,0.28723697215756316,0.8195112594497483,1.8325898754443037,2.822,2,False
1412,0.28587123712597107,0.816485977605087,1.8385483375709941,2.824,2,False
1413,0.2846427451685809,0.8134984229771618,1.8445758790340416,2.826,2,False
1414,0.2835521644971304,0.8105487531069309,1.8506727007716202,2.828,2,False
1415,0.282600163323361,0.80763712553535,1.8568390037219125,2.83,2,False
1416,0.2817874098590125,0.8047636978033778,1.863074988823096,2.832,2,True
1417,0.2811145723158228,0.8019286274519692,1.8693808570133505,2.834,2,False
1418,0.28058231890553254,0.7991320720220834,1.8757568092308534,2.836,2,False
1419,0.2801913178398816,0.7963741890546754,1.8822030464137869,2.838,2,False
1420,0.2799422373306095,0.7936551360907038,1.888719769500326,2.84,2,False
1421,0.2798357455894549,0.790975070671124,1.8953071794286531,2.842,2,False
1422,0.27987251082815856,0.7883341503368948,1.9019654771369445,2.844,2,False
1423,0.28005320125846,0.7857325326289715,1.9086948635633818,2.846,2,False
1424,0.28037848509209784,0.7831703750883123,1.915495539646141,2.848,2,False
1425,0.2808490305408129,0.7806478352558732,1.9223677063234046,2.85,2,False
1426,0.2814655058163442,0.7781650706726124,1.9293115645333478,2.852,2,False
1427,0.28222857913043176,0.7757222388794857,1.9363273152141534,2.854,2,False
1428,0.2831389186948139,0.7733194974174509,1.9434151593039966,2.856,2,False
1429,0.2841971927212317,0.7709570038274642,1.9505752977410604,2.858,2,False
1430,0.28540406942142416,0.7686349156504837,1.95780793146352,2.86,2,False
1431,0.28676021700713106,0.7663533904274651,1.9651132614095579,2.862,2,False
1432,0.28826630369009254,0.7641125856993667,1.97249148851735,2.864,2,False
1433,0.2899229976820479,0.7619126590071443,1.9799428137250779,2.866,2,False
1434,0.29173096719473546,0.759753767891756,1.9874674379709174,2.868,2,False
1435,0.2936908804398961,0.7576360698941573,1.9950655621930513,2.87,2,False
1436,0.29580340562926977,0.7555597225553072,2.002737387329656,2.872,2,False
1437,0.2980692109745955,0.7535248834161608,2.010483114318912,2.874,2,False
1438,0.30048896468761277,0.7515317100176764,2.0183029440989966,2.876,2,False
1439,0.30306333498006177,0.7495803599008101,2.026197077608091,2.878,2,False
1440,0.30579299006368066,0.7476709906065195,2.034165715784371,2.88,2,False
1441,0.3086785981502116,0.7458037596757612,2.04220905956602,2.882,2,True
1442,0.31172082745139185,0.7439788246494925,2.050327309891212,2.884,2,False
1443,0.3149203461789629,0.7421963430686702,2.0585206676981307,2.886,2,False
1444,0.3182778225446623,0.7404564724742513,2.0667893339249512,2.888,2,False
1445,0.32179392476023194,0.7387593704071928,2.0751335095098566,2.89,2,False
1446,0.3254693210374091,0.7371051944084518,2.0835533953910215,2.892,2,False
1447,0.3293046795879351,0.7354941020189849,2.0920491925066282,2.894,2,False
1448,0.3333006686235489,0.7339262507797498,2.100621101794853,2.896,2,False
1449,0.33745795635599074,0.7324017982317028,2.1092693241938787,2.898,2,False
1450,0.34177721099699876,0.7309209019158014,2.11799406064188,2.9,2,False
1451,0.34625910075831556,0.7294837193730022,2.12679551207704,2.902,2,False
1452,0.3509042938516771,0.7280904081442625,2.135673879437533,2.904,2,False
1453,0.3557134584888253,0.726741125770539,2.1446293636615428,2.906,2,False
1454,0.3606872628814983,0.7254360297927889,2.153662165687244,2.908,2,False
1455,0.3658263752414379,0.724175277751969,2.16277248645282,2.91,2,False
1456,0.3711314637803811,0.7229590271890365,2.1719605268964455,2.912,2,False
1457,0.3766031967100705,0.7217874356449482,2.1812264879563035,2.914,2,False
1458,0.3822422422422429,0.7206606606606614,2.19057057057057,2.916,2,False
1459,0.3880492685886394,0.7195788597771324,2.1999929756774264,2.918,2,False
1460,0.39402494396099885,0.7185421905353195,2.2094939042150488,2.92,2,False
1461,0.40016993657106203,0.7175508104761781,2.219073557121619,2.922,2,False
1462,0.4064849146305667,0.7166048771406663,2.2287321353353136,2.924,2,False
1463,0.4129705463512545,0.7157045480697406,2.2384698397943144,2.926,2,False
1464,0.4196274999448637,0.7148499808043585,2.248286871436797,2.928,2,False
1465,0.4264564436231353,0.7140413328854762,2.2581834312009446,2.93,2,False
1466,0.43345804559780676,0.7132787618540513,2.268159720024931,2.932,2,True
1467,0.44063297408061985,0.7125624252510402,2.2782159388469405,2.934,2,False
1468,0.44798189728331206,0.7118924806174007,2.2883522886051475,2.936,2,False
1469,0.455505483417626,0.7112690854940893,2.2985689702377354,2.938,2,False
1470,0.4632044006952978,0.7106923974220631,2.308866184682879,2.94,2,False
1471,0.47107931732807096,0.7101625739422791,2.3192441328787607,2.942,2,False
1472,0.4791309015276808,0.7096797725956944,2.3297030157635565,2.944,2,False
1473,0.487359821505871,0.7092441509232654,2.3402430342754483,2.946,2,False
1474,0.4957667454743775,0.7088558664659499,2.350864389352612,2.948,2,False
1475,0.5043523416449427,0.7085150767647042,2.361567281933231,2.95,2,False
1476,0.5131172782293039,0.7082219393604859,2.372351912955479,2.952,2,False
1477,0.5220622234392036,0.7079766117942514,2.3832184833575396,2.954,2,False
1478,0.5311878454863785,0.7077792516069584,2.394167194077588,2.956,2,False
1479,0.5404948125825717,0.7076300163395632,2.405198246053808,2.958,2,False
1480,0.5499837929395182,0.7075290635330231,2.416311840224372,2.96,2,False
1481,0.5596554547689612,0.7074765507282951,2.427508177527465,2.962,2,False
1482,0.5695104662826385,0.7074726354663361,2.438787458901262,2.964,2,False
1483,0.579549495692292,0.7075174752881033,2.450149885283946,2.966,2,False
1484,0.5897732112096581,0.7076112277345534,2.461595657613691,2.968,2,False
1485,0.6001822810464794,0.7077540503466435,2.473124976828681,2.97,2,False
1486,0.6107773734144923,0.7079461006653306,2.4847380438670905,2.972,2,False
1487,0.621559156525441,0.7081875362315717,2.496435059667103,2.974,2,False
1488,0.6325282985910601,0.7084785145863239,2.5082162251668922,2.976,2,False
1489,0.6436854678230937,0.7088191932705441,2.5200817413046437,2.978,2,False
1490,0.6550313324332766,0.7092097298251892,2.5320318090185294,2.98,2,False
1491,0.6665665606333537,0.7096502817912161,2.5440666292467347,2.982,2,True
1492,0.6782918206350597,0.710141006709582,2.5561864029274326,2.984,2,False
1493,0.690207780650139,0.7106820621212441,2.568391330998808,2.986,2,False
1494,0.7023151088903257,0.7112736055671588,2.5806816143990345,2.988,2,False
1495,0.7146144735673656,0.7119157945882837,2.593057454066296,2.99,2,False
1496,0.7271065428929921,0.7126087867255753,2.605519050938767,2.992,2,False
1497,0.7397919850789512,0.7133527395199908,2.618066605954631,2.994,2,False
1498,0.752671468336976,0.7141478105124873,2.6307003200520627,2.996,2,False
1499,0.7657456608788125,0.7149941572440218,2.6434203941692456,2.998,2,False
1500,0.7790152309161948,0.715891937255551,2.6562270292443535,3.0,2,False
1501,0.792480846660867,0.7168413080880321,2.6691204262155703,3.0020000000000002,2,False
1502,0.8061431763245632,0.7178424272824219,2.6821007860210697,3.004,2,False
1503,0.8200028881190302,0.7188954523796778,2.6951683095990373,3.0060000000000002,2,False
1504,0.8340606502560011,0.7200005409207564,2.7083231978876454,3.008,2,False
1505,0.8483171309472204,0.721157850446615,2.7215656518250797,3.0100000000000002,2,False
1506,0.8627729984044228,0.72236753849821,2.7348958723495116,3.012,2,False
1507,0.8774289208393538,0.7236297626164991,2.7483140603991276,3.0140000000000002,2,False
1508,0.8922855664637468,0.7249446803424389,2.7618204169121006,3.016,2,False
1509,0.9073436034893483,0.7263124492169867,2.7754151428266156,3.0180000000000002,2,False
1510,0.9226037001278904,0.7277332267810989,2.7890984390808446,3.02,2,False
1511,0.9380665245911199,0.7292071705757333,2.8028705066129738,3.0220000000000002,2,False
1512,0.9537327450907696,0.7307344381418459,2.8167315463611757,3.024,2,False
1513,0.969603029838586,0.7323151870203947,2.8306817592636344,3.0260000000000002,2,False
1514,0.9856780470463009,0.7339495747523359,2.844721346258525,3.028,2,False
1515,1.001958464925663,0.7356377588786274,2.8588505082840308,3.0300000000000002,2,False
1516,1.0184449516884033,0.7373798969402249,2.873069446278325,3.032,2,True
1517,1.035138175546269,0.7391761464780866,2.887378361179594,3.0340000000000003,2,False
1518,1.0520388047109916,0.7410266650331685,2.901777453926008,3.036,2,False
1519,1.0691475073943193,0.7429316101464285,2.9162669254557545,3.0380000000000003,2,False
1520,1.0864649518079843,0.7448911393588229,2.930846976707006,3.04,2,False
1521,1.103991806163733,0.7469054102113093,2.9455178086179465,3.0420000000000003,2,False
1522,1.1217287386732968,0.7489745802448438,2.96027962212675,3.044,2,False
1523,1.1396764175484249,0.7510988070003846,2.9751326181716022,3.0460000000000003,2,False
1524,1.1578355110008478,0.7532782480188875,2.9900769976906743,3.048,2,False
1525,1.1762066872423134,0.7555130608413104,3.0051129616221517,3.0500000000000003,2,False
1526,1.1947906144845533,0.7578034030086096,3.020240710904208,3.052,2,False
1527,1.2135879609393148,0.7601494320617428,3.035460446475029,3.0540000000000003,2,False
1528,1.23259939481833,0.7625513055416661,3.050772369272786,3.056,2,False
1529,1.2518255843333472,0.7650091809893376,3.066176680235665,3.0580000000000003,2,False
1530,1.2712671976960954,0.7675232159457128,3.0816735803018376,3.06,2,False
1531,1.2909249031183248,0.7700935679517503,3.097263270409491,3.0620000000000003,2,False
1532,1.3107993688117658,0.7727203945484058,3.1129459514967963,3.064,2,False
1533,1.3308912629881675,0.7754038532766374,3.1287218245019406,3.0660000000000003,2,False
1534,1.351201253859259,0.7781441016774011,3.1445910903630945,3.068,2,False
1535,1.3717300096367901,0.7809412972916546,3.1605539500184445,3.0700000000000003,2,False
1536,1.392478198532492,0.7837955976603543,3.1766106044061635,3.072,2,False
1537,1.4134464887581073,0.7867071603244574,3.1927612544644326,3.074,2,False
1538,1.434635548525381,0.7896761428249217,3.2090061011314353,3.076,2,False
1539,1.4560460460460434,0.7927027027027028,3.2253453453453433,3.078,2,False
1540,1.477678649531843,0.7957869974987588,3.241779188044342,3.08,2,False
1541,1.4995340271945112,0.798929184754046,3.2583078301666046,3.082,2,True
1542,1.5216128472457953,0.8021294220095219,3.2749314726503154,3.084,2,False
1543,1.5439157778974275,0.8053878668061427,3.291650316433649,3.086,2,False
1544,1.5664434873611555,0.8087046766848667,3.3084645624547884,3.088,2,False
1545,1.5891966438487093,0.8120800091866492,3.3253744116519073,3.09,2,False
1546,1.6121759155718396,0.8155140218524491,3.342380064963192,3.092,2,False
1547,1.635381970742274,0.8190068722232217,3.3594817233268137,3.094,2,False
1548,1.658815477571764,0.8225587178399251,3.3766795876809583,3.096,2,False
1549,1.6824771042720388,0.8261697162435155,3.393973858963799,3.098,2,False
1550,1.706367519054848,0.829840024974951,3.4113647381135213,3.1,2,False
1551,1.7304873901319195,0.8335698015751868,3.428852426068295,3.102,2,False
1552,1.7548373857150055,0.837359203585182,3.4464371237663096,3.104,2,False
1553,1.7794181740158335,0.8412083885458914,3.4641190321457342,3.106,2,False
1554,1.8042304232461555,0.8451175139982743,3.4818983521447575,3.108,2,False
1555,1.829274801617699,0.8490867374832856,3.499775284701549,3.11,2,False
1556,1.854551977342214,0.853116216541884,3.517750030754296,3.112,2,False
1557,1.880062618631431,0.8572061087150249,3.53582279124117,3.114,2,False
1558,1.9058073936970996,0.861356571543667,3.5539937671003585,3.116,2,False
1559,1.9317869707509476,0.8655677625687652,3.5722631592700305,3.118,2,False
1560,1.9580020180047268,0.8698398393312787,3.5906311686883745,3.12,2,False
1561,1.9844532036701659,0.8741729593721629,3.6090979962935625,3.122,2,False
1562,2.0111411959590146,0.8785672802323758,3.627663843023779,3.124,2,False
1563,2.038066663083002,0.8830229594528735,3.646328909817197,3.126,2,False
1564,2.0652302732538788,0.8875401545746138,3.6650933976120017,3.128,2,False
1565,2.0926326946833735,0.8921190231385528,3.6839575073463666,3.13,2,False
1566,2.120274595583237,0.896759722685649,3.7029214399584767,3.132,2,True
1567,2.148156644165197,0.901462410756857,3.721985396386503,3.134,2,False
1568,2.1762795086410067,0.9062272448931366,3.7411495775686343,3.136,2,False
1569,2.2046438572223908,0.9110543826354423,3.76041418444304,3.138,2,False
1570,2.233250358121102,0.9159439815247329,3.7797794179479065,3.14,2,False
1571,2.2620996795488684,0.9208961991019636,3.799245479021406,3.142,2,False
1572,2.291192489717443,0.925911192908094,3.8188125686017265,3.144,2,False
1573,2.3205294568385506,0.9309891204840781,3.8384808876270364,3.146,2,False
1574,2.350111249123946,0.9361301393708756,3.8582506370355256,3.148,2,False
1575,2.379938534785354,0.9413344071094413,3.878122017765363,3.15,2,False
1576,2.410011982034527,0.9466020812407339,3.898095230754736,3.152,2,False
1577,2.440332259083193,0.9519333193057083,3.9181704769418153,3.154,2,False
1578,2.4709000341431038,0.9573282788453243,3.9383479572647895,3.156,2,False
1579,2.5017159754259857,0.9627871174005361,3.9586278726618276,3.158,2,False
1580,2.5327807511435916,0.968309992512303,3.9790104240711166,3.16,2,False
1581,2.5640950295076497,0.97389706172158,3.99949581243083,3.162,2,False
1582,2.59565947872991,0.979548482569326,4.020084238679153,3.164,2,False
1583,2.6274747670221013,0.9852644125964961,4.040775903754256,3.166,2,False
1584,2.6595415625959746,0.9910450093440492,4.061571008594328,3.168,2,False
1585,2.6918605336632577,0.9968904303529406,4.082469754137539,3.17,2,False
1586,2.7244323484357027,1.0028008331641287,4.103472341322074,3.172,2,False
1587,2.7572576751250364,1.008776375318569,4.124578971086108,3.174,2,False
1588,2.790337181943011,1.0148172143572198,4.145789844367823,3.176,2,False
1589,2.8236715371013528,1.0209235078210368,4.167105162105394,3.178,2,False
1590,2.857261408811817,1.0270954132509793,4.1885251252370095,3.18,2,False
1591,2.8911074652861255,1.0333330881880012,4.210049934700834,3.182,2,True
1592,2.9252103747360354,1.0396366901730623,4.23167979143506,3.184,2,False
1593,2.9595708053732706,1.0460063767471173,4.2534148963778575,3.186,2,False
1594,2.9941894254095867,1.0524423054511252,4.275255450467412,3.188,2,False
1595,3.0290669030567057,1.0589446338260406,4.297201654641895,3.19,2,False
1596,3.0642039065263846,1.0655135194128236,4.3192537098394945,3.192,2,False
1597,3.0996011040303464,1.0721491197524278,4.34141181699838,3.194,2,False
1598,3.135259163780348,1.0788515923858135,4.36367617705674,3.196,2,False
1599,3.1711787539881118,1.0856210948539349,4.386046990952746,3.198,2,False
1600,3.207360542865393,1.0924577846977512,4.408524459624581,3.2,2,False
1601,3.243805198623918,1.0993618194582175,4.431108784010422,3.202,2,False
1602,3.2805133894754377,1.1063333566762923,4.453800165048451,3.204,2,False
1603,3.31748578363168,1.1133725538929309,4.476598803676841,3.206,2,False
1604,3.3547230493043982,1.120479568649093,4.499504900833778,3.208,2,False
1605,3.3922258547053175,1.1276545584857323,4.522518657457436,3.21,2,False
1606,3.429994868046192,1.1348976809438087,4.545640274485998,3.212,2,False
1607,3.4680307575387452,1.1422090935642764,4.5688699528576375,3.214,2,False
1608,3.5063341913947355,1.1495889538880957,4.592207893510541,3.216,2,False
1609,3.544905837825882,1.1570374194562196,4.615654297382878,3.218,2,False
1610,3.5837463650439445,1.1645546478096096,4.63920936541284,3.22,2,False
1611,3.622856441260643,1.1721407964892183,4.662873298538591,3.222,2,False
1612,3.6622367346877382,1.1797960230360067,4.686646297698324,3.224,2,False
1613,3.7018879135369485,1.1875204849909282,4.7105285638302075,3.226,2,False
1614,3.741810646020032,1.1953143398949428,4.734520297872431,3.228,2,False
1615,3.7820056003487115,1.2031777452890045,4.758621700763159,3.23,2,False
1616,3.8224734447347437,1.2111108587140735,4.782832973440586,3.232,2,True
1617,3.863214847389851,1.219113837711104,4.807154316842879,3.234,2,False
1618,3.9042304765257905,1.2271868398210555,4.831585931908227,3.236,2,False
1619,3.945521000354283,1.235330022584882,4.856128019574798,3.238,2,False
1620,3.9870870870870876,1.2435435435435438,4.880780780780781,3.24,2,False
